2026-08-26 10:51:34,678 [INFO] task_type=biotriplex7 eval_mode=multiclass classes=7 class_token_ids=[263, 289, 274, 270, 321, 285, 330]
Token indices sequence length is longer than the specified maximum sequence length for this model (2410 > 2048). Running this sequence through the model will result in indexing errors
2026-08-26 10:51:35,803 [INFO] datasets: train=734 val=134 test=203
2026-08-26 10:51:35,816 [INFO] PIR dummy distribution aligned to label marginal: [(29871, 0.3333), (29897, 0.3333), (274, 0.1081), (263, 0.0813), (270, 0.079), (289, 0.0327), (321, 0.0322)]
2026-08-26 10:51:35,816 [INFO] PIR mode: rms
2026-08-26 10:51:35,843 [INFO] nodes ready: M=http://127.0.0.1:9002 S=http://127.0.0.1:9003
2026-08-26 10:51:35,877 [INFO] M pk_sha256=563b8f779cbbbcd4b33c978d1f104b16db866d68d43786fc013dbdfdd0a5c996
2026-08-26 10:52:35,650 [INFO] S pk_sha256=563b8f779cbbbcd4b33c978d1f104b16db866d68d43786fc013dbdfdd0a5c996
2026-08-26 10:52:37,407 [INFO] INIT 完成：密钥/密文库/PRG 就绪
2026-08-26 10:52:37,433 [INFO] Loaded hint table from cache: n_entries=32000, partitions=250, lam=80
[U-device] device=cuda
2026-08-26 10:52:37,479 [INFO] Detected model: arch=llama num_layers=22 hidden=2048 vocab=32000 u_layers=11
2026-08-26 10:52:37,479 [INFO] Loading safetensor weights from /root/hf_cache/hub/models--TinyLlama--TinyLlama-1.1B-Chat-v1.0/snapshots/fe8a4ea1ffedaf415f4da2f062534de366a451e6 (one-time load)
2026-08-26 10:52:37,488 [INFO] Loaded 201 weights from /root/hf_cache/hub/models--TinyLlama--TinyLlama-1.1B-Chat-v1.0/snapshots/fe8a4ea1ffedaf415f4da2f062534de366a451e6
2026-08-26 10:52:37,592 [INFO] FlashAttention2 detected: version 2.8.3.post1
2026-08-26 10:52:37,592 [INFO] Using FlashAttention2 for U shard
2026-08-26 10:52:41,935 [INFO] Loaded U submodel: embed + 11 layers on cuda (attn=FlashAttention2, gradient_checkpointing=True)
2026-08-26 10:52:41,949 [INFO] Generated new BFV keys
2026-08-26 10:52:41,952 [INFO] [PartyU] H15 privatizer attached (alpha=0.03, beta=0.5)
2026-08-26 10:52:42,004 [INFO] Safetensor cache cleared
2026-08-26 10:52:42,005 [INFO] RMS seed (hex): 4e96be18003dfd971a8d30c0f0747511b5c513f902593223d223d3e85e6c45e7
2026-08-26 10:53:48,941 [INFO] RMS v2: encrypted DB downloaded to /root/autodl-tmp/CipherForge-final-test/crypto/three-party-rms-pir/rms_db/bfv_ct_db_n32000_d2048_p4096.bin (4.20 GB) in 66.9s
2026-08-26 10:53:53,050 [INFO] [CryptoUWorker] RMS local encrypted DB loaded: /root/autodl-tmp/CipherForge-final-test/crypto/three-party-rms-pir/rms_db/bfv_ct_db_n32000_d2048_p4096.bin (32000 rows)
2026-08-26 10:53:53,050 [INFO] [CryptoUWorker] init done: poly_degree=4096 plain_bits=30 scale=10000
2026-08-26 10:53:53,050 [INFO] [CryptoUWorker pid=53941] initialized
2026-08-26 10:53:54,645 [INFO] [CryptoUWorker] RMS local encrypted DB loaded: /root/autodl-tmp/CipherForge-final-test/crypto/three-party-rms-pir/rms_db/bfv_ct_db_n32000_d2048_p4096.bin (32000 rows)
2026-08-26 10:53:54,645 [INFO] [CryptoUWorker] init done: poly_degree=4096 plain_bits=30 scale=10000
2026-08-26 10:53:54,645 [INFO] [CryptoUWorker pid=53945] initialized
2026-08-26 10:53:55,147 [INFO] [CryptoWorkerPool] shared.parties.crypto_workers.crypto_u.CryptoUWorker ready: n_workers=4
2026-08-26 10:53:56,076 [INFO] [CryptoUWorker] RMS local encrypted DB loaded: /root/autodl-tmp/CipherForge-final-test/crypto/three-party-rms-pir/rms_db/bfv_ct_db_n32000_d2048_p4096.bin (32000 rows)
2026-08-26 10:53:56,076 [INFO] [CryptoUWorker] init done: poly_degree=4096 plain_bits=30 scale=10000
2026-08-26 10:53:56,076 [INFO] [CryptoUWorker pid=53947] initialized
2026-08-26 10:53:56,962 [INFO] RMS top-ups: 109 additional hints to guarantee coverage >= 20 per label
2026-08-26 10:53:56,962 [INFO] RMS initial pool: M=2560 + 109 top-ups, coverage={29871: 3, 29897: 3, 274: 4, 263: 7, 270: 6, 289: 3, 321: 5}
2026-08-26 10:53:57,748 [INFO] [CryptoUWorker] RMS local encrypted DB loaded: /root/autodl-tmp/CipherForge-final-test/crypto/three-party-rms-pir/rms_db/bfv_ct_db_n32000_d2048_p4096.bin (32000 rows)
2026-08-26 10:53:57,748 [INFO] [CryptoUWorker] init done: poly_degree=4096 plain_bits=30 scale=10000
2026-08-26 10:53:57,748 [INFO] [CryptoUWorker pid=53949] initialized
2026-08-26 10:54:05,589 [INFO] RMS v2 offline (U-local): 2669 hints (109 top-ups) built in 8.6s (hints dir=/root/autodl-tmp/CipherForge-final-test/crypto/three-party-rms-pir/rms_hints)
2026-08-26 10:54:05,595 [INFO] Starting training: epochs=6, patience=999, train=734, val=134
2026-08-26 10:54:05,600 [INFO] coordinator RSS=2.32GB GPU=1050MB (step 0)
2026-08-26 10:54:06,447 [INFO] [PartyU] DP activated: alpha=0.030 eta_ctx=1.69e+03 eta_ans=0.001 noise_l2_ctx=1.25 noise_l2_ans=4.99e+05
2026-08-26 10:54:15,628 [INFO] step 0: g_absmax=0.1482 g_meanabs=1.647e-05
2026-08-26 10:54:20,429 [INFO] step 1: g_absmax=0.1487 g_meanabs=1.733e-05
2026-08-26 10:54:25,189 [INFO] step 2: g_absmax=0.1616 g_meanabs=1.716e-05
2026-08-26 10:54:30,260 [INFO] step 3: g_absmax=0.1456 g_meanabs=1.614e-05
2026-08-26 10:54:35,050 [INFO] step 4: g_absmax=0.1559 g_meanabs=1.64e-05
2026-08-26 10:54:39,811 [INFO] step 5: g_absmax=0.1469 g_meanabs=1.583e-05
2026-08-26 10:54:44,630 [INFO] step 6: g_absmax=0.1536 g_meanabs=1.776e-05
2026-08-26 10:54:49,602 [INFO] step 7: g_absmax=0.1556 g_meanabs=1.512e-05
2026-08-26 10:54:54,250 [INFO] step 8: g_absmax=0.1452 g_meanabs=1.599e-05
2026-08-26 10:54:59,099 [INFO] step 9: g_absmax=0.1466 g_meanabs=1.669e-05
2026-08-26 10:54:59,101 [INFO] Step 10: loss=0.0003 loss_ce=n/a time=4844.6ms mem=2606MB
2026-08-26 10:55:03,832 [INFO] step 10: g_absmax=0.1606 g_meanabs=1.676e-05
2026-08-26 10:55:08,931 [INFO] step 11: g_absmax=0.166 g_meanabs=1.573e-05
2026-08-26 10:55:13,877 [INFO] step 12: g_absmax=0.1632 g_meanabs=1.654e-05
2026-08-26 10:55:18,549 [INFO] step 13: g_absmax=0.1487 g_meanabs=1.682e-05
2026-08-26 10:55:23,301 [INFO] step 14: g_absmax=0.1454 g_meanabs=1.518e-05
2026-08-26 10:55:28,160 [INFO] step 15: g_absmax=0.1439 g_meanabs=1.601e-05
2026-08-26 10:55:33,083 [INFO] step 16: g_absmax=0.1503 g_meanabs=1.616e-05
2026-08-26 10:55:37,725 [INFO] step 17: g_absmax=0.1507 g_meanabs=1.569e-05
2026-08-26 10:55:42,568 [INFO] step 18: g_absmax=0.1628 g_meanabs=1.602e-05
2026-08-26 10:55:47,361 [INFO] step 19: g_absmax=0.1503 g_meanabs=1.402e-05
2026-08-26 10:55:47,363 [INFO] Step 20: loss=0.0003 loss_ce=n/a time=4788.8ms mem=2606MB
2026-08-26 10:55:52,377 [INFO] step 20: g_absmax=0.1492 g_meanabs=1.527e-05
2026-08-26 10:55:57,517 [INFO] step 21: g_absmax=0.1496 g_meanabs=1.487e-05
2026-08-26 10:56:02,510 [INFO] step 22: g_absmax=0.1478 g_meanabs=1.479e-05
2026-08-26 10:56:07,542 [INFO] step 23: g_absmax=0.1401 g_meanabs=1.391e-05
2026-08-26 10:56:12,670 [INFO] step 24: g_absmax=0.1438 g_meanabs=1.379e-05
2026-08-26 10:56:17,727 [INFO] step 25: g_absmax=0.1232 g_meanabs=1.36e-05
2026-08-26 10:56:22,817 [INFO] step 26: g_absmax=0.1283 g_meanabs=1.246e-05
2026-08-26 10:56:27,749 [INFO] step 27: g_absmax=0.1337 g_meanabs=1.116e-05
2026-08-26 10:56:32,834 [INFO] step 28: g_absmax=0.0954 g_meanabs=1.083e-05
2026-08-26 10:56:37,917 [INFO] step 29: g_absmax=0.0893 g_meanabs=9.481e-06
2026-08-26 10:56:37,928 [INFO] Step 30: loss=0.0002 loss_ce=n/a time=5064.4ms mem=2606MB
2026-08-26 10:56:42,867 [INFO] step 30: g_absmax=0.083 g_meanabs=8.643e-06
2026-08-26 10:56:47,741 [INFO] step 31: g_absmax=0.106 g_meanabs=9.107e-06
2026-08-26 10:56:52,586 [INFO] step 32: g_absmax=0.0917 g_meanabs=8.154e-06
2026-08-26 10:56:57,582 [INFO] step 33: g_absmax=0.1127 g_meanabs=9.338e-06
2026-08-26 10:57:02,541 [INFO] step 34: g_absmax=0.1213 g_meanabs=8.309e-06
2026-08-26 10:57:07,381 [INFO] step 35: g_absmax=0.1116 g_meanabs=8.266e-06
2026-08-26 10:57:12,284 [INFO] step 36: g_absmax=0.1261 g_meanabs=7.806e-06
2026-08-26 10:57:17,372 [INFO] step 37: g_absmax=0.1234 g_meanabs=8.406e-06
2026-08-26 10:57:22,503 [INFO] step 38: g_absmax=0.1239 g_meanabs=7.869e-06
2026-08-26 10:57:27,415 [INFO] step 39: g_absmax=0.1577 g_meanabs=8.713e-06
2026-08-26 10:57:27,429 [INFO] Step 40: loss=0.0002 loss_ce=n/a time=4893.3ms mem=2606MB
2026-08-26 10:57:32,332 [INFO] step 40: g_absmax=0.0952 g_meanabs=8.302e-06
2026-08-26 10:57:37,202 [INFO] step 41: g_absmax=0.1116 g_meanabs=8.119e-06
2026-08-26 10:57:42,210 [INFO] step 42: g_absmax=0.1038 g_meanabs=8.539e-06
2026-08-26 10:57:47,058 [INFO] step 43: g_absmax=0.1494 g_meanabs=7.634e-06
2026-08-26 10:57:51,888 [INFO] step 44: g_absmax=0.0759 g_meanabs=6.521e-06
2026-08-26 10:57:56,823 [INFO] step 45: g_absmax=0.0942 g_meanabs=9.97e-06
2026-08-26 10:58:01,818 [INFO] step 46: g_absmax=0.1322 g_meanabs=1.136e-05
2026-08-26 10:58:06,602 [INFO] step 47: g_absmax=0.1015 g_meanabs=8.135e-06
2026-08-26 10:58:11,494 [INFO] step 48: g_absmax=0.1136 g_meanabs=9.512e-06
2026-08-26 10:58:16,393 [INFO] step 49: g_absmax=0.1195 g_meanabs=8.719e-06
2026-08-26 10:58:16,410 [INFO] Step 50: loss=0.0002 loss_ce=n/a time=4883.3ms mem=2606MB
2026-08-26 10:58:16,414 [INFO] coordinator RSS=2.72GB GPU=1058MB (step 50)
2026-08-26 10:58:21,400 [INFO] step 50: g_absmax=0.0936 g_meanabs=1.015e-05
2026-08-26 10:58:26,262 [INFO] step 51: g_absmax=0.1149 g_meanabs=9.45e-06
2026-08-26 10:58:31,299 [INFO] step 52: g_absmax=0.1178 g_meanabs=8.707e-06
2026-08-26 10:58:36,454 [INFO] step 53: g_absmax=0.0962 g_meanabs=8.745e-06
2026-08-26 10:58:41,571 [INFO] step 54: g_absmax=0.091 g_meanabs=8.355e-06
2026-08-26 10:58:46,567 [INFO] step 55: g_absmax=0.1321 g_meanabs=8.968e-06
2026-08-26 10:58:51,755 [INFO] step 56: g_absmax=0.1176 g_meanabs=8.305e-06
2026-08-26 10:58:56,779 [INFO] step 57: g_absmax=0.1112 g_meanabs=8.318e-06
2026-08-26 10:59:01,807 [INFO] step 58: g_absmax=0.1086 g_meanabs=7.519e-06
2026-08-26 10:59:06,704 [INFO] step 59: g_absmax=0.1301 g_meanabs=7.884e-06
2026-08-26 10:59:06,720 [INFO] Step 60: loss=0.0002 loss_ce=n/a time=4879.4ms mem=2606MB
2026-08-26 10:59:11,739 [INFO] step 60: g_absmax=0.1308 g_meanabs=7.577e-06
2026-08-26 10:59:16,738 [INFO] step 61: g_absmax=0.1102 g_meanabs=8.666e-06
2026-08-26 10:59:21,686 [INFO] step 62: g_absmax=0.1434 g_meanabs=1.03e-05
2026-08-26 10:59:26,305 [INFO] step 63: g_absmax=0.1557 g_meanabs=9.336e-06
2026-08-26 10:59:31,275 [INFO] step 64: g_absmax=0.1041 g_meanabs=7.497e-06
2026-08-26 10:59:36,155 [INFO] step 65: g_absmax=0.1256 g_meanabs=9.782e-06
2026-08-26 10:59:40,949 [INFO] step 66: g_absmax=0.1216 g_meanabs=6.935e-06
2026-08-26 10:59:45,767 [INFO] step 67: g_absmax=0.1387 g_meanabs=9.14e-06
2026-08-26 10:59:50,672 [INFO] step 68: g_absmax=0.11 g_meanabs=9.107e-06
2026-08-26 10:59:55,765 [INFO] step 69: g_absmax=0.0741 g_meanabs=7.341e-06
2026-08-26 10:59:55,781 [INFO] Step 70: loss=0.0002 loss_ce=n/a time=5075.3ms mem=2606MB
2026-08-26 11:00:00,631 [INFO] step 70: g_absmax=0.0931 g_meanabs=8.039e-06
2026-08-26 11:00:05,522 [INFO] step 71: g_absmax=0.1216 g_meanabs=8.571e-06
2026-08-26 11:00:10,389 [INFO] step 72: g_absmax=0.1421 g_meanabs=8.188e-06
2026-08-26 11:00:15,429 [INFO] step 73: g_absmax=0.1277 g_meanabs=8.34e-06
2026-08-26 11:00:20,317 [INFO] step 74: g_absmax=0.0988 g_meanabs=1.039e-05
2026-08-26 11:00:25,163 [INFO] step 75: g_absmax=0.1262 g_meanabs=8.622e-06
2026-08-26 11:00:29,963 [INFO] step 76: g_absmax=0.1084 g_meanabs=9.078e-06
2026-08-26 11:00:34,980 [INFO] step 77: g_absmax=0.1318 g_meanabs=8.736e-06
2026-08-26 11:00:40,183 [INFO] step 78: g_absmax=0.1217 g_meanabs=8.122e-06
2026-08-26 11:00:45,052 [INFO] step 79: g_absmax=0.1188 g_meanabs=8.186e-06
2026-08-26 11:00:45,068 [INFO] Step 80: loss=0.0002 loss_ce=n/a time=4850.1ms mem=2606MB
2026-08-26 11:00:49,963 [INFO] step 80: g_absmax=0.1298 g_meanabs=8.798e-06
2026-08-26 11:00:55,069 [INFO] step 81: g_absmax=0.1152 g_meanabs=8.804e-06
2026-08-26 11:01:00,289 [INFO] step 82: g_absmax=0.0882 g_meanabs=8.065e-06
2026-08-26 11:01:05,322 [INFO] step 83: g_absmax=0.1074 g_meanabs=8.258e-06
2026-08-26 11:01:10,300 [INFO] step 84: g_absmax=0.1079 g_meanabs=8.014e-06
2026-08-26 11:01:15,457 [INFO] step 85: g_absmax=0.1342 g_meanabs=8.897e-06
2026-08-26 11:01:20,598 [INFO] step 86: g_absmax=0.1174 g_meanabs=8.35e-06
2026-08-26 11:01:25,653 [INFO] step 87: g_absmax=0.1047 g_meanabs=8.615e-06
2026-08-26 11:01:30,716 [INFO] step 88: g_absmax=0.1167 g_meanabs=7.723e-06
2026-08-26 11:01:35,866 [INFO] step 89: g_absmax=0.0984 g_meanabs=7.964e-06
2026-08-26 11:01:35,889 [INFO] Step 90: loss=0.0002 loss_ce=n/a time=5132.0ms mem=2606MB
2026-08-26 11:01:40,991 [INFO] step 90: g_absmax=0.1425 g_meanabs=9.582e-06
2026-08-26 11:01:46,054 [INFO] step 91: g_absmax=0.1129 g_meanabs=9.691e-06
2026-08-26 11:01:50,833 [INFO] step 92: g_absmax=0.1112 g_meanabs=8.124e-06
2026-08-26 11:01:55,732 [INFO] step 93: g_absmax=0.0984 g_meanabs=7.981e-06
2026-08-26 11:02:00,659 [INFO] step 94: g_absmax=0.1171 g_meanabs=1.001e-05
2026-08-26 11:02:05,673 [INFO] step 95: g_absmax=0.0907 g_meanabs=8.079e-06
2026-08-26 11:02:10,483 [INFO] step 96: g_absmax=0.1001 g_meanabs=9.348e-06
2026-08-26 11:02:15,401 [INFO] step 97: g_absmax=0.1058 g_meanabs=8.601e-06
2026-08-26 11:02:20,438 [INFO] step 98: g_absmax=0.1297 g_meanabs=8.235e-06
2026-08-26 11:02:25,362 [INFO] step 99: g_absmax=0.1198 g_meanabs=8.651e-06
2026-08-26 11:02:25,369 [INFO] Step 100: loss=0.0002 loss_ce=n/a time=4905.9ms mem=2606MB
2026-08-26 11:02:25,370 [INFO] coordinator RSS=2.72GB GPU=1058MB (step 100)
2026-08-26 11:02:30,337 [INFO] step 100: g_absmax=0.1009 g_meanabs=8.523e-06
2026-08-26 11:02:35,293 [INFO] step 101: g_absmax=0.1319 g_meanabs=8.104e-06
2026-08-26 11:02:40,280 [INFO] step 102: g_absmax=0.1103 g_meanabs=8.689e-06
2026-08-26 11:02:45,231 [INFO] step 103: g_absmax=0.1178 g_meanabs=8.435e-06
2026-08-26 11:02:50,273 [INFO] step 104: g_absmax=0.1165 g_meanabs=8.497e-06
2026-08-26 11:02:55,118 [INFO] step 105: g_absmax=0.0986 g_meanabs=7.697e-06
2026-08-26 11:03:00,095 [INFO] step 106: g_absmax=0.1014 g_meanabs=9.045e-06
2026-08-26 11:03:05,001 [INFO] step 107: g_absmax=0.106 g_meanabs=7.886e-06
2026-08-26 11:03:09,957 [INFO] step 108: g_absmax=0.1058 g_meanabs=9.192e-06
2026-08-26 11:03:14,841 [INFO] step 109: g_absmax=0.1109 g_meanabs=8.435e-06
2026-08-26 11:03:14,859 [INFO] Step 110: loss=0.0002 loss_ce=n/a time=4867.9ms mem=2606MB
2026-08-26 11:03:19,791 [INFO] step 110: g_absmax=0.1027 g_meanabs=8.523e-06
2026-08-26 11:03:24,943 [INFO] step 111: g_absmax=0.1031 g_meanabs=7.839e-06
2026-08-26 11:03:29,847 [INFO] step 112: g_absmax=0.1558 g_meanabs=8.622e-06
2026-08-26 11:03:34,989 [INFO] step 113: g_absmax=0.1084 g_meanabs=8.339e-06
2026-08-26 11:03:40,023 [INFO] step 114: g_absmax=0.1264 g_meanabs=8.209e-06
2026-08-26 11:03:45,096 [INFO] step 115: g_absmax=0.1166 g_meanabs=8.646e-06
2026-08-26 11:03:50,348 [INFO] step 116: g_absmax=0.1383 g_meanabs=7.317e-06
2026-08-26 11:03:55,633 [INFO] step 117: g_absmax=0.1516 g_meanabs=7.457e-06
2026-08-26 11:04:00,803 [INFO] step 118: g_absmax=0.1151 g_meanabs=7.686e-06
2026-08-26 11:04:05,951 [INFO] step 119: g_absmax=0.1257 g_meanabs=6.635e-06
2026-08-26 11:04:05,965 [INFO] Step 120: loss=0.0002 loss_ce=n/a time=5126.6ms mem=2606MB
2026-08-26 11:04:11,017 [INFO] step 120: g_absmax=0.0858 g_meanabs=1.047e-05
2026-08-26 11:04:16,165 [INFO] step 121: g_absmax=0.1194 g_meanabs=8.547e-06
2026-08-26 11:04:21,152 [INFO] step 122: g_absmax=0.1294 g_meanabs=8.049e-06
2026-08-26 11:04:26,078 [INFO] step 123: g_absmax=0.1224 g_meanabs=7.96e-06
2026-08-26 11:04:31,037 [INFO] step 124: g_absmax=0.1256 g_meanabs=8.492e-06
2026-08-26 11:04:36,084 [INFO] step 125: g_absmax=0.1279 g_meanabs=7.218e-06
2026-08-26 11:04:41,032 [INFO] step 126: g_absmax=0.1273 g_meanabs=1.011e-05
2026-08-26 11:04:45,964 [INFO] step 127: g_absmax=0.1152 g_meanabs=7.708e-06
2026-08-26 11:04:50,927 [INFO] step 128: g_absmax=0.1104 g_meanabs=7.705e-06
2026-08-26 11:04:55,898 [INFO] step 129: g_absmax=0.1036 g_meanabs=8.378e-06
2026-08-26 11:04:55,915 [INFO] Step 130: loss=0.0002 loss_ce=n/a time=4960.9ms mem=2606MB
2026-08-26 11:05:00,841 [INFO] step 130: g_absmax=0.1378 g_meanabs=7.532e-06
2026-08-26 11:05:05,765 [INFO] step 131: g_absmax=0.0756 g_meanabs=8.514e-06
2026-08-26 11:05:10,662 [INFO] step 132: g_absmax=0.1073 g_meanabs=8.775e-06
2026-08-26 11:05:15,807 [INFO] step 133: g_absmax=0.1357 g_meanabs=9.854e-06
2026-08-26 11:05:20,768 [INFO] step 134: g_absmax=0.1625 g_meanabs=8.273e-06
2026-08-26 11:05:25,542 [INFO] step 135: g_absmax=0.1386 g_meanabs=8.712e-06
2026-08-26 11:05:30,620 [INFO] step 136: g_absmax=0.1253 g_meanabs=7.81e-06
2026-08-26 11:05:35,566 [INFO] step 137: g_absmax=0.1937 g_meanabs=8.618e-06
2026-08-26 11:05:40,532 [INFO] step 138: g_absmax=0.1268 g_meanabs=9.855e-06
2026-08-26 11:05:45,443 [INFO] step 139: g_absmax=0.1252 g_meanabs=7.021e-06
2026-08-26 11:05:45,452 [INFO] Step 140: loss=0.0002 loss_ce=n/a time=4892.1ms mem=2606MB
2026-08-26 11:05:50,284 [INFO] step 140: g_absmax=0.1412 g_meanabs=8.443e-06
2026-08-26 11:05:55,337 [INFO] step 141: g_absmax=0.1233 g_meanabs=9.384e-06
2026-08-26 11:06:00,444 [INFO] step 142: g_absmax=0.1322 g_meanabs=9.571e-06
2026-08-26 11:06:05,484 [INFO] step 143: g_absmax=0.1228 g_meanabs=8.252e-06
2026-08-26 11:06:10,607 [INFO] step 144: g_absmax=0.1271 g_meanabs=8.71e-06
2026-08-26 11:06:15,729 [INFO] step 145: g_absmax=0.1391 g_meanabs=7.841e-06
2026-08-26 11:06:20,822 [INFO] step 146: g_absmax=0.1091 g_meanabs=8.47e-06
2026-08-26 11:06:25,735 [INFO] step 147: g_absmax=0.1214 g_meanabs=8.609e-06
2026-08-26 11:06:30,898 [INFO] step 148: g_absmax=0.1323 g_meanabs=8.718e-06
2026-08-26 11:06:35,982 [INFO] step 149: g_absmax=0.1346 g_meanabs=8.193e-06
2026-08-26 11:06:35,998 [INFO] Step 150: loss=0.0002 loss_ce=n/a time=5070.0ms mem=2606MB
2026-08-26 11:06:36,003 [INFO] coordinator RSS=2.73GB GPU=1058MB (step 150)
2026-08-26 11:06:41,014 [INFO] step 150: g_absmax=0.1073 g_meanabs=8.313e-06
2026-08-26 11:06:45,952 [INFO] step 151: g_absmax=0.1292 g_meanabs=8.789e-06
2026-08-26 11:06:50,956 [INFO] step 152: g_absmax=0.1153 g_meanabs=7.065e-06
2026-08-26 11:06:55,907 [INFO] step 153: g_absmax=0.1093 g_meanabs=7.955e-06
2026-08-26 11:07:01,062 [INFO] step 154: g_absmax=0.0944 g_meanabs=7.165e-06
2026-08-26 11:07:06,189 [INFO] step 155: g_absmax=0.1209 g_meanabs=7.578e-06
2026-08-26 11:07:11,166 [INFO] step 156: g_absmax=0.1243 g_meanabs=7.762e-06
2026-08-26 11:07:16,013 [INFO] step 157: g_absmax=0.0962 g_meanabs=8.398e-06
2026-08-26 11:07:21,006 [INFO] step 158: g_absmax=0.1278 g_meanabs=6.551e-06
2026-08-26 11:07:25,950 [INFO] step 159: g_absmax=0.0884 g_meanabs=8.198e-06
2026-08-26 11:07:25,967 [INFO] Step 160: loss=0.0002 loss_ce=n/a time=4925.8ms mem=2606MB
2026-08-26 11:07:31,032 [INFO] step 160: g_absmax=0.1494 g_meanabs=7.889e-06
2026-08-26 11:07:35,843 [INFO] step 161: g_absmax=0.1239 g_meanabs=8.087e-06
2026-08-26 11:07:40,930 [INFO] step 162: g_absmax=0.0904 g_meanabs=6.045e-06
2026-08-26 11:07:45,938 [INFO] step 163: g_absmax=0.107 g_meanabs=8.003e-06
2026-08-26 11:07:51,061 [INFO] step 164: g_absmax=0.1402 g_meanabs=8.766e-06
2026-08-26 11:07:55,916 [INFO] step 165: g_absmax=0.1125 g_meanabs=8.656e-06
2026-08-26 11:08:00,857 [INFO] step 166: g_absmax=0.0955 g_meanabs=8.795e-06
2026-08-26 11:08:05,862 [INFO] step 167: g_absmax=0.1112 g_meanabs=7.074e-06
2026-08-26 11:08:11,111 [INFO] step 168: g_absmax=0.1743 g_meanabs=7.946e-06
2026-08-26 11:08:15,930 [INFO] step 169: g_absmax=0.1392 g_meanabs=9.355e-06
2026-08-26 11:08:15,948 [INFO] Step 170: loss=0.0002 loss_ce=n/a time=4807.2ms mem=2606MB
2026-08-26 11:08:20,879 [INFO] step 170: g_absmax=0.1004 g_meanabs=8.653e-06
2026-08-26 11:08:25,895 [INFO] step 171: g_absmax=0.1172 g_meanabs=7.27e-06
2026-08-26 11:08:31,143 [INFO] step 172: g_absmax=0.1037 g_meanabs=8.279e-06
2026-08-26 11:08:36,336 [INFO] step 173: g_absmax=0.0975 g_meanabs=8.289e-06
2026-08-26 11:08:41,536 [INFO] step 174: g_absmax=0.1327 g_meanabs=8.177e-06
2026-08-26 11:08:46,869 [INFO] step 175: g_absmax=0.1149 g_meanabs=5.744e-06
2026-08-26 11:08:51,841 [INFO] step 176: g_absmax=0.1128 g_meanabs=8.527e-06
2026-08-26 11:08:56,981 [INFO] step 177: g_absmax=0.0965 g_meanabs=7.653e-06
2026-08-26 11:09:02,106 [INFO] step 178: g_absmax=0.1217 g_meanabs=5.876e-06
2026-08-26 11:09:07,171 [INFO] step 179: g_absmax=0.1447 g_meanabs=9.268e-06
2026-08-26 11:09:07,178 [INFO] Step 180: loss=0.0002 loss_ce=n/a time=5045.3ms mem=2606MB
2026-08-26 11:09:12,200 [INFO] step 180: g_absmax=0.1356 g_meanabs=7.278e-06
2026-08-26 11:09:17,101 [INFO] step 181: g_absmax=0.0977 g_meanabs=6.251e-06
2026-08-26 11:09:21,980 [INFO] step 182: g_absmax=0.0955 g_meanabs=7.311e-06
2026-08-26 11:09:22,515 [INFO] Last checkpoint saved → /root/CipherForge/final-test-data/three-party-rms-pir_20260826-105122/checkpoints/last_checkpoint.pt (epoch=0)
2026-08-26 11:11:11,610 [INFO] Epoch 0: train_loss_proxy=0.0002 | val_ce_loss=1.2741 | val_micro_F1=0.5448 (P=0.5448 R=0.5448 Acc=0.5448) | val_macro_F1=0.2721 | val_weighted_F1=0.4746 | n_samples=134
2026-08-26 11:11:12,044 [INFO] Last checkpoint saved → /root/CipherForge/final-test-data/three-party-rms-pir_20260826-105122/checkpoints/last_checkpoint.pt (epoch=0)
2026-08-26 11:11:12,497 [INFO] Checkpoint saved → /root/CipherForge/final-test-data/three-party-rms-pir_20260826-105122/checkpoints/checkpoint_epoch_000.pt
2026-08-26 11:11:12,926 [INFO] Best checkpoint saved → /root/CipherForge/final-test-data/three-party-rms-pir_20260826-105122/checkpoints/best_checkpoint.pt (metric=1.2741)
2026-08-26 11:11:12,927 [INFO] New best val_ce_loss=1.2741 at epoch 0
2026-08-26 11:11:18,020 [INFO] step 183: g_absmax=0.1054 g_meanabs=7.816e-06
2026-08-26 11:11:23,074 [INFO] step 184: g_absmax=0.0976 g_meanabs=8.574e-06
2026-08-26 11:11:27,940 [INFO] step 185: g_absmax=0.1742 g_meanabs=9.317e-06
2026-08-26 11:11:32,756 [INFO] step 186: g_absmax=0.099 g_meanabs=7.841e-06
2026-08-26 11:11:37,813 [INFO] step 187: g_absmax=0.1299 g_meanabs=8.161e-06
2026-08-26 11:11:42,837 [INFO] step 188: g_absmax=0.1236 g_meanabs=6.72e-06
2026-08-26 11:11:47,486 [INFO] step 189: g_absmax=0.1148 g_meanabs=8.829e-06
2026-08-26 11:11:52,226 [INFO] step 190: g_absmax=0.1162 g_meanabs=8.478e-06
2026-08-26 11:11:57,067 [INFO] step 191: g_absmax=0.1245 g_meanabs=6.147e-06
2026-08-26 11:12:02,074 [INFO] step 192: g_absmax=0.1343 g_meanabs=6.948e-06
2026-08-26 11:12:02,093 [INFO] Step 193: loss=0.0002 loss_ce=n/a time=4987.4ms mem=2606MB
2026-08-26 11:12:06,880 [INFO] step 193: g_absmax=0.1272 g_meanabs=7.791e-06
2026-08-26 11:12:11,735 [INFO] step 194: g_absmax=0.1027 g_meanabs=7.918e-06
2026-08-26 11:12:16,652 [INFO] step 195: g_absmax=0.1105 g_meanabs=8.241e-06
2026-08-26 11:12:21,503 [INFO] step 196: g_absmax=0.1113 g_meanabs=8.124e-06
2026-08-26 11:12:26,343 [INFO] step 197: g_absmax=0.1202 g_meanabs=7.36e-06
2026-08-26 11:12:31,176 [INFO] step 198: g_absmax=0.1158 g_meanabs=8.318e-06
2026-08-26 11:12:36,064 [INFO] step 199: g_absmax=0.1232 g_meanabs=7.582e-06
2026-08-26 11:12:36,084 [INFO] coordinator RSS=2.88GB GPU=1058MB (step 200)
2026-08-26 11:12:41,108 [INFO] step 200: g_absmax=0.0941 g_meanabs=6.201e-06
2026-08-26 11:12:46,126 [INFO] step 201: g_absmax=0.1383 g_meanabs=9.317e-06
2026-08-26 11:12:51,024 [INFO] step 202: g_absmax=0.1265 g_meanabs=7.122e-06
2026-08-26 11:12:51,040 [INFO] Step 203: loss=0.0002 loss_ce=n/a time=4890.4ms mem=2606MB
2026-08-26 11:12:56,071 [INFO] step 203: g_absmax=0.1126 g_meanabs=8.594e-06
2026-08-26 11:13:01,053 [INFO] step 204: g_absmax=0.0945 g_meanabs=7.451e-06
2026-08-26 11:13:05,863 [INFO] step 205: g_absmax=0.1056 g_meanabs=6.54e-06
2026-08-26 11:13:10,594 [INFO] step 206: g_absmax=0.1408 g_meanabs=8.855e-06
2026-08-26 11:13:15,485 [INFO] step 207: g_absmax=0.1294 g_meanabs=9.069e-06
2026-08-26 11:13:20,302 [INFO] step 208: g_absmax=0.1033 g_meanabs=9.344e-06
2026-08-26 11:13:25,057 [INFO] step 209: g_absmax=0.1105 g_meanabs=9.704e-06
2026-08-26 11:13:30,011 [INFO] step 210: g_absmax=0.1225 g_meanabs=8.957e-06
2026-08-26 11:13:34,998 [INFO] step 211: g_absmax=0.1107 g_meanabs=4.632e-06
2026-08-26 11:13:40,307 [INFO] step 212: g_absmax=0.1367 g_meanabs=6.623e-06
2026-08-26 11:13:40,324 [INFO] Step 213: loss=0.0002 loss_ce=n/a time=5290.6ms mem=2606MB
2026-08-26 11:13:45,318 [INFO] step 213: g_absmax=0.1168 g_meanabs=9.256e-06
2026-08-26 11:13:50,500 [INFO] step 214: g_absmax=0.1269 g_meanabs=7.075e-06
2026-08-26 11:13:55,674 [INFO] step 215: g_absmax=0.1216 g_meanabs=6.949e-06
2026-08-26 11:14:00,814 [INFO] step 216: g_absmax=0.1372 g_meanabs=8.355e-06
2026-08-26 11:14:05,871 [INFO] step 217: g_absmax=0.0937 g_meanabs=6.433e-06
2026-08-26 11:14:10,973 [INFO] step 218: g_absmax=0.1182 g_meanabs=9.131e-06
2026-08-26 11:14:15,817 [INFO] step 219: g_absmax=0.122 g_meanabs=4.067e-06
2026-08-26 11:14:20,605 [INFO] step 220: g_absmax=0.1594 g_meanabs=6.116e-06
2026-08-26 11:14:25,618 [INFO] step 221: g_absmax=0.0918 g_meanabs=6.689e-06
2026-08-26 11:14:30,593 [INFO] step 222: g_absmax=0.1234 g_meanabs=7.446e-06
2026-08-26 11:14:30,611 [INFO] Step 223: loss=0.0002 loss_ce=n/a time=4967.4ms mem=2606MB
2026-08-26 11:14:35,527 [INFO] step 223: g_absmax=0.109 g_meanabs=8.621e-06
2026-08-26 11:14:40,283 [INFO] step 224: g_absmax=0.1251 g_meanabs=6.437e-06
2026-08-26 11:14:45,096 [INFO] step 225: g_absmax=0.141 g_meanabs=7.097e-06
2026-08-26 11:14:49,995 [INFO] step 226: g_absmax=0.1446 g_meanabs=6.506e-06
2026-08-26 11:14:54,928 [INFO] step 227: g_absmax=0.107 g_meanabs=4.649e-06
2026-08-26 11:14:59,633 [INFO] step 228: g_absmax=0.1153 g_meanabs=6.278e-06
2026-08-26 11:15:04,426 [INFO] step 229: g_absmax=0.1325 g_meanabs=8.338e-06
2026-08-26 11:15:09,270 [INFO] step 230: g_absmax=0.1209 g_meanabs=8.141e-06
2026-08-26 11:15:14,142 [INFO] step 231: g_absmax=0.1138 g_meanabs=7.609e-06
2026-08-26 11:15:18,910 [INFO] step 232: g_absmax=0.1144 g_meanabs=7.199e-06
2026-08-26 11:15:18,913 [INFO] Step 233: loss=0.0002 loss_ce=n/a time=4763.4ms mem=2606MB
2026-08-26 11:15:23,738 [INFO] step 233: g_absmax=0.111 g_meanabs=4.272e-06
2026-08-26 11:15:28,447 [INFO] step 234: g_absmax=0.1173 g_meanabs=6.677e-06
2026-08-26 11:15:33,307 [INFO] step 235: g_absmax=0.1468 g_meanabs=1.001e-05
2026-08-26 11:15:38,145 [INFO] step 236: g_absmax=0.09 g_meanabs=6.228e-06
2026-08-26 11:15:42,982 [INFO] step 237: g_absmax=0.1676 g_meanabs=9.247e-06
2026-08-26 11:15:47,809 [INFO] step 238: g_absmax=0.1126 g_meanabs=1.012e-05
2026-08-26 11:15:52,696 [INFO] step 239: g_absmax=0.1208 g_meanabs=7.101e-06
2026-08-26 11:15:57,795 [INFO] step 240: g_absmax=0.0919 g_meanabs=8.465e-06
2026-08-26 11:16:02,954 [INFO] step 241: g_absmax=0.1127 g_meanabs=8.207e-06
2026-08-26 11:16:07,966 [INFO] step 242: g_absmax=0.0868 g_meanabs=6.123e-06
2026-08-26 11:16:07,969 [INFO] Step 243: loss=0.0002 loss_ce=n/a time=5007.7ms mem=2606MB
2026-08-26 11:16:13,000 [INFO] step 243: g_absmax=0.1262 g_meanabs=8.504e-06
2026-08-26 11:16:18,081 [INFO] step 244: g_absmax=0.1156 g_meanabs=7.505e-06
2026-08-26 11:16:23,125 [INFO] step 245: g_absmax=0.0968 g_meanabs=4.313e-06
2026-08-26 11:16:28,203 [INFO] step 246: g_absmax=0.1341 g_meanabs=6.563e-06
2026-08-26 11:16:33,341 [INFO] step 247: g_absmax=0.1416 g_meanabs=8.365e-06
2026-08-26 11:16:38,438 [INFO] step 248: g_absmax=0.1421 g_meanabs=6.256e-06
2026-08-26 11:16:43,531 [INFO] step 249: g_absmax=0.129 g_meanabs=5.135e-06
2026-08-26 11:16:43,539 [INFO] coordinator RSS=2.88GB GPU=1058MB (step 250)
2026-08-26 11:16:48,403 [INFO] step 250: g_absmax=0.0956 g_meanabs=5.211e-06
2026-08-26 11:16:53,241 [INFO] step 251: g_absmax=0.1149 g_meanabs=6.176e-06
2026-08-26 11:16:58,371 [INFO] step 252: g_absmax=0.1357 g_meanabs=5.324e-06
2026-08-26 11:16:58,375 [INFO] Step 253: loss=0.0002 loss_ce=n/a time=5125.1ms mem=2606MB
2026-08-26 11:17:03,415 [INFO] step 253: g_absmax=0.1086 g_meanabs=4.527e-06
2026-08-26 11:17:08,190 [INFO] step 254: g_absmax=0.0876 g_meanabs=5.484e-06
2026-08-26 11:17:13,005 [INFO] step 255: g_absmax=0.1273 g_meanabs=5.585e-06
2026-08-26 11:17:17,920 [INFO] step 256: g_absmax=0.0917 g_meanabs=7.87e-06
2026-08-26 11:17:23,111 [INFO] step 257: g_absmax=0.1072 g_meanabs=5.994e-06
2026-08-26 11:17:27,955 [INFO] step 258: g_absmax=0.1227 g_meanabs=6.824e-06
2026-08-26 11:17:32,713 [INFO] step 259: g_absmax=0.1229 g_meanabs=5.35e-06
2026-08-26 11:17:37,709 [INFO] step 260: g_absmax=0.1101 g_meanabs=7.193e-06
2026-08-26 11:17:42,579 [INFO] step 261: g_absmax=0.1083 g_meanabs=6.711e-06
2026-08-26 11:17:47,434 [INFO] step 262: g_absmax=0.1389 g_meanabs=7.117e-06
2026-08-26 11:17:47,438 [INFO] Step 263: loss=0.0002 loss_ce=n/a time=4850.7ms mem=2606MB
2026-08-26 11:17:52,194 [INFO] step 263: g_absmax=0.0993 g_meanabs=6.46e-06
2026-08-26 11:17:57,032 [INFO] step 264: g_absmax=0.1197 g_meanabs=7.169e-06
2026-08-26 11:18:02,193 [INFO] step 265: g_absmax=0.1554 g_meanabs=6.024e-06
2026-08-26 11:18:07,013 [INFO] step 266: g_absmax=0.1293 g_meanabs=6.304e-06
2026-08-26 11:18:11,709 [INFO] step 267: g_absmax=0.115 g_meanabs=4.546e-06
2026-08-26 11:18:16,503 [INFO] step 268: g_absmax=0.0854 g_meanabs=6.111e-06
2026-08-26 11:18:21,447 [INFO] step 269: g_absmax=0.1218 g_meanabs=6.242e-06
2026-08-26 11:18:26,399 [INFO] step 270: g_absmax=0.1188 g_meanabs=4.935e-06
2026-08-26 11:18:31,374 [INFO] step 271: g_absmax=0.1067 g_meanabs=6.876e-06
2026-08-26 11:18:36,365 [INFO] step 272: g_absmax=0.1082 g_meanabs=5.644e-06
2026-08-26 11:18:36,368 [INFO] Step 273: loss=0.0002 loss_ce=n/a time=4987.4ms mem=2606MB
2026-08-26 11:18:41,358 [INFO] step 273: g_absmax=0.1102 g_meanabs=9.005e-06
2026-08-26 11:18:46,273 [INFO] step 274: g_absmax=0.1351 g_meanabs=5.507e-06
2026-08-26 11:18:51,251 [INFO] step 275: g_absmax=0.1134 g_meanabs=5.229e-06
2026-08-26 11:18:56,308 [INFO] step 276: g_absmax=0.1147 g_meanabs=6.132e-06
2026-08-26 11:19:01,372 [INFO] step 277: g_absmax=0.1103 g_meanabs=9.985e-06
2026-08-26 11:19:06,328 [INFO] step 278: g_absmax=0.114 g_meanabs=7.331e-06
2026-08-26 11:19:11,290 [INFO] step 279: g_absmax=0.1158 g_meanabs=4.427e-06
2026-08-26 11:19:16,110 [INFO] step 280: g_absmax=0.1369 g_meanabs=7.045e-06
2026-08-26 11:19:20,913 [INFO] step 281: g_absmax=0.1098 g_meanabs=6.83e-06
2026-08-26 11:19:25,735 [INFO] step 282: g_absmax=0.1085 g_meanabs=7.803e-06
2026-08-26 11:19:25,738 [INFO] Step 283: loss=0.0002 loss_ce=n/a time=4816.2ms mem=2606MB
2026-08-26 11:19:30,552 [INFO] step 283: g_absmax=0.0871 g_meanabs=6.103e-06
2026-08-26 11:19:35,576 [INFO] step 284: g_absmax=0.105 g_meanabs=4.738e-06
2026-08-26 11:19:40,313 [INFO] step 285: g_absmax=0.1309 g_meanabs=5.556e-06
2026-08-26 11:19:45,279 [INFO] step 286: g_absmax=0.1043 g_meanabs=4.925e-06
2026-08-26 11:19:50,316 [INFO] step 287: g_absmax=0.116 g_meanabs=8.867e-06
2026-08-26 11:19:55,290 [INFO] step 288: g_absmax=0.0991 g_meanabs=5.512e-06
2026-08-26 11:20:00,072 [INFO] step 289: g_absmax=0.0462 g_meanabs=3.282e-06
2026-08-26 11:20:04,877 [INFO] step 290: g_absmax=0.1306 g_meanabs=3.966e-06
2026-08-26 11:20:09,621 [INFO] step 291: g_absmax=0.0894 g_meanabs=5.119e-06
2026-08-26 11:20:14,421 [INFO] step 292: g_absmax=0.1131 g_meanabs=4.082e-06
2026-08-26 11:20:14,425 [INFO] Step 293: loss=0.0001 loss_ce=n/a time=4797.2ms mem=2606MB
2026-08-26 11:20:19,332 [INFO] step 293: g_absmax=0.1317 g_meanabs=9.181e-06
2026-08-26 11:20:24,351 [INFO] step 294: g_absmax=0.1302 g_meanabs=5.316e-06
2026-08-26 11:20:29,160 [INFO] step 295: g_absmax=0.1144 g_meanabs=7.522e-06
2026-08-26 11:20:34,037 [INFO] step 296: g_absmax=0.0989 g_meanabs=3.501e-06
2026-08-26 11:20:38,969 [INFO] step 297: g_absmax=0.1017 g_meanabs=6.508e-06
2026-08-26 11:20:43,809 [INFO] step 298: g_absmax=0.0952 g_meanabs=6.991e-06
2026-08-26 11:20:48,551 [INFO] step 299: g_absmax=0.1579 g_meanabs=1.127e-05
2026-08-26 11:20:48,556 [INFO] coordinator RSS=2.88GB GPU=1058MB (step 300)
2026-08-26 11:20:53,373 [INFO] step 300: g_absmax=0.1038 g_meanabs=6.94e-06
2026-08-26 11:20:58,461 [INFO] step 301: g_absmax=0.0986 g_meanabs=3.221e-06
2026-08-26 11:21:03,474 [INFO] step 302: g_absmax=0.136 g_meanabs=4.994e-06
2026-08-26 11:21:03,478 [INFO] Step 303: loss=0.0002 loss_ce=n/a time=5009.9ms mem=2606MB
2026-08-26 11:21:08,488 [INFO] step 303: g_absmax=0.1217 g_meanabs=5.828e-06
2026-08-26 11:21:13,358 [INFO] step 304: g_absmax=0.1276 g_meanabs=7.979e-06
2026-08-26 11:21:18,376 [INFO] step 305: g_absmax=0.1257 g_meanabs=4.517e-06
2026-08-26 11:21:23,458 [INFO] step 306: g_absmax=0.1157 g_meanabs=4.943e-06
2026-08-26 11:21:28,451 [INFO] step 307: g_absmax=0.1133 g_meanabs=5.34e-06
2026-08-26 11:21:33,504 [INFO] step 308: g_absmax=0.127 g_meanabs=7.361e-06
2026-08-26 11:21:38,328 [INFO] step 309: g_absmax=0.115 g_meanabs=7.26e-06
2026-08-26 11:21:43,215 [INFO] step 310: g_absmax=0.1238 g_meanabs=5.358e-06
2026-08-26 11:21:48,025 [INFO] step 311: g_absmax=0.0877 g_meanabs=6.517e-06
2026-08-26 11:21:52,705 [INFO] step 312: g_absmax=0.1288 g_meanabs=6.475e-06
2026-08-26 11:21:52,708 [INFO] Step 313: loss=0.0002 loss_ce=n/a time=4677.6ms mem=2606MB
2026-08-26 11:21:57,555 [INFO] step 313: g_absmax=0.1232 g_meanabs=8.805e-06
2026-08-26 11:22:02,471 [INFO] step 314: g_absmax=0.1089 g_meanabs=4.506e-06
2026-08-26 11:22:07,290 [INFO] step 315: g_absmax=0.1375 g_meanabs=6.76e-06
2026-08-26 11:22:12,199 [INFO] step 316: g_absmax=0.2182 g_meanabs=5.131e-06
2026-08-26 11:22:17,126 [INFO] step 317: g_absmax=0.0908 g_meanabs=7.493e-06
2026-08-26 11:22:22,193 [INFO] step 318: g_absmax=0.1001 g_meanabs=6.005e-06
2026-08-26 11:22:27,145 [INFO] step 319: g_absmax=0.1173 g_meanabs=4.943e-06
2026-08-26 11:22:31,933 [INFO] step 320: g_absmax=0.1464 g_meanabs=6.182e-06
2026-08-26 11:22:36,786 [INFO] step 321: g_absmax=0.0943 g_meanabs=8.668e-06
2026-08-26 11:22:41,618 [INFO] step 322: g_absmax=0.1304 g_meanabs=5.792e-06
2026-08-26 11:22:41,620 [INFO] Step 323: loss=0.0002 loss_ce=n/a time=4827.3ms mem=2606MB
2026-08-26 11:22:46,414 [INFO] step 323: g_absmax=0.108 g_meanabs=5.105e-06
2026-08-26 11:22:51,300 [INFO] step 324: g_absmax=0.1012 g_meanabs=5.857e-06
2026-08-26 11:22:56,056 [INFO] step 325: g_absmax=0.1127 g_meanabs=5.084e-06
2026-08-26 11:23:00,972 [INFO] step 326: g_absmax=0.1023 g_meanabs=6.072e-06
2026-08-26 11:23:05,928 [INFO] step 327: g_absmax=0.1098 g_meanabs=5.697e-06
2026-08-26 11:23:10,778 [INFO] step 328: g_absmax=0.1465 g_meanabs=5.259e-06
2026-08-26 11:23:15,558 [INFO] step 329: g_absmax=0.1231 g_meanabs=6.866e-06
2026-08-26 11:23:20,462 [INFO] step 330: g_absmax=0.1111 g_meanabs=3.212e-06
2026-08-26 11:23:25,557 [INFO] step 331: g_absmax=0.1282 g_meanabs=6.815e-06
2026-08-26 11:23:30,563 [INFO] step 332: g_absmax=0.1118 g_meanabs=5.67e-06
2026-08-26 11:23:30,565 [INFO] Step 333: loss=0.0002 loss_ce=n/a time=5001.6ms mem=2606MB
2026-08-26 11:23:35,493 [INFO] step 333: g_absmax=0.1414 g_meanabs=9.544e-06
2026-08-26 11:23:40,612 [INFO] step 334: g_absmax=0.1013 g_meanabs=5.602e-06
2026-08-26 11:23:45,726 [INFO] step 335: g_absmax=0.1191 g_meanabs=6.004e-06
2026-08-26 11:23:50,679 [INFO] step 336: g_absmax=0.0877 g_meanabs=6.782e-06
2026-08-26 11:23:55,709 [INFO] step 337: g_absmax=0.104 g_meanabs=3.567e-06
2026-08-26 11:24:00,758 [INFO] step 338: g_absmax=0.099 g_meanabs=5.433e-06
2026-08-26 11:24:05,507 [INFO] step 339: g_absmax=0.1354 g_meanabs=5.923e-06
2026-08-26 11:24:10,463 [INFO] step 340: g_absmax=0.1249 g_meanabs=5.515e-06
2026-08-26 11:24:15,418 [INFO] step 341: g_absmax=0.0996 g_meanabs=8.549e-06
2026-08-26 11:24:20,322 [INFO] step 342: g_absmax=0.0769 g_meanabs=4.984e-06
2026-08-26 11:24:20,325 [INFO] Step 343: loss=0.0002 loss_ce=n/a time=4898.2ms mem=2606MB
2026-08-26 11:24:25,288 [INFO] step 343: g_absmax=0.1352 g_meanabs=6.528e-06
2026-08-26 11:24:30,287 [INFO] step 344: g_absmax=0.1119 g_meanabs=5.119e-06
2026-08-26 11:24:35,098 [INFO] step 345: g_absmax=0.0994 g_meanabs=7.453e-06
2026-08-26 11:24:39,817 [INFO] step 346: g_absmax=0.1328 g_meanabs=9.131e-06
2026-08-26 11:24:44,563 [INFO] step 347: g_absmax=0.1039 g_meanabs=6.62e-06
2026-08-26 11:24:49,465 [INFO] step 348: g_absmax=0.1042 g_meanabs=6.09e-06
2026-08-26 11:24:54,425 [INFO] step 349: g_absmax=0.113 g_meanabs=8.249e-06
2026-08-26 11:24:54,432 [INFO] coordinator RSS=2.88GB GPU=1058MB (step 350)
2026-08-26 11:24:59,238 [INFO] step 350: g_absmax=0.1028 g_meanabs=8.373e-06
2026-08-26 11:25:03,995 [INFO] step 351: g_absmax=0.1101 g_meanabs=5.647e-06
2026-08-26 11:25:08,866 [INFO] step 352: g_absmax=0.1058 g_meanabs=7.787e-06
2026-08-26 11:25:08,868 [INFO] Step 353: loss=0.0002 loss_ce=n/a time=4866.7ms mem=2606MB
2026-08-26 11:25:13,771 [INFO] step 353: g_absmax=0.1016 g_meanabs=8.893e-06
2026-08-26 11:25:18,439 [INFO] step 354: g_absmax=0.18 g_meanabs=8.706e-06
2026-08-26 11:25:23,078 [INFO] step 355: g_absmax=0.0999 g_meanabs=5.528e-06
2026-08-26 11:25:27,764 [INFO] step 356: g_absmax=0.1322 g_meanabs=6.917e-06
2026-08-26 11:25:32,669 [INFO] step 357: g_absmax=0.1238 g_meanabs=7.645e-06
2026-08-26 11:25:37,510 [INFO] step 358: g_absmax=0.1342 g_meanabs=6.501e-06
2026-08-26 11:25:42,220 [INFO] step 359: g_absmax=0.1298 g_meanabs=8.016e-06
2026-08-26 11:25:46,960 [INFO] step 360: g_absmax=0.1347 g_meanabs=4.825e-06
2026-08-26 11:25:51,988 [INFO] step 361: g_absmax=0.1404 g_meanabs=7.464e-06
2026-08-26 11:25:56,951 [INFO] step 362: g_absmax=0.0955 g_meanabs=7.355e-06
2026-08-26 11:25:56,953 [INFO] Step 363: loss=0.0002 loss_ce=n/a time=4958.4ms mem=2606MB
2026-08-26 11:26:02,029 [INFO] step 363: g_absmax=0.1142 g_meanabs=5.465e-06
2026-08-26 11:26:07,020 [INFO] step 364: g_absmax=0.1057 g_meanabs=6.229e-06
2026-08-26 11:26:12,039 [INFO] step 365: g_absmax=0.1038 g_meanabs=4.036e-06
2026-08-26 11:26:12,541 [INFO] Last checkpoint saved → /root/CipherForge/final-test-data/three-party-rms-pir_20260826-105122/checkpoints/last_checkpoint.pt (epoch=1)
2026-08-26 11:28:01,274 [INFO] Epoch 1: train_loss_proxy=0.0002 | val_ce_loss=1.4419 | val_micro_F1=0.4403 (P=0.4403 R=0.4403 Acc=0.4403) | val_macro_F1=0.1471 | val_weighted_F1=0.2920 | n_samples=134
2026-08-26 11:28:01,762 [INFO] Last checkpoint saved → /root/CipherForge/final-test-data/three-party-rms-pir_20260826-105122/checkpoints/last_checkpoint.pt (epoch=1)
2026-08-26 11:28:02,172 [INFO] Checkpoint saved → /root/CipherForge/final-test-data/three-party-rms-pir_20260826-105122/checkpoints/checkpoint_epoch_001.pt
2026-08-26 11:28:02,173 [INFO] No improvement for 1 epochs
2026-08-26 11:28:07,067 [INFO] step 366: g_absmax=0.1164 g_meanabs=7.194e-06
2026-08-26 11:28:12,098 [INFO] step 367: g_absmax=0.1204 g_meanabs=4.215e-06
2026-08-26 11:28:16,909 [INFO] step 368: g_absmax=0.1289 g_meanabs=7.814e-06
2026-08-26 11:28:22,204 [INFO] step 369: g_absmax=0.1033 g_meanabs=4.952e-06
2026-08-26 11:28:27,321 [INFO] step 370: g_absmax=0.1152 g_meanabs=8.139e-06
2026-08-26 11:28:32,509 [INFO] step 371: g_absmax=0.1551 g_meanabs=3.269e-06
2026-08-26 11:28:37,650 [INFO] step 372: g_absmax=0.1331 g_meanabs=6.349e-06
2026-08-26 11:28:42,756 [INFO] step 373: g_absmax=0.117 g_meanabs=7.105e-06
2026-08-26 11:28:47,711 [INFO] step 374: g_absmax=0.1063 g_meanabs=8.235e-06
2026-08-26 11:28:52,728 [INFO] step 375: g_absmax=0.0987 g_meanabs=7.736e-06
2026-08-26 11:28:52,737 [INFO] Step 376: loss=0.0002 loss_ce=n/a time=5009.6ms mem=2606MB
2026-08-26 11:28:57,851 [INFO] step 376: g_absmax=0.1225 g_meanabs=7.24e-06
2026-08-26 11:29:02,856 [INFO] step 377: g_absmax=0.1188 g_meanabs=3.836e-06
2026-08-26 11:29:07,772 [INFO] step 378: g_absmax=0.0968 g_meanabs=4.973e-06
2026-08-26 11:29:12,760 [INFO] step 379: g_absmax=0.1287 g_meanabs=5.065e-06
2026-08-26 11:29:17,558 [INFO] step 380: g_absmax=0.1261 g_meanabs=6.391e-06
2026-08-26 11:29:22,367 [INFO] step 381: g_absmax=0.0977 g_meanabs=3.97e-06
2026-08-26 11:29:27,266 [INFO] step 382: g_absmax=0.1256 g_meanabs=9.041e-06
2026-08-26 11:29:32,223 [INFO] step 383: g_absmax=0.1151 g_meanabs=4.584e-06
2026-08-26 11:29:36,984 [INFO] step 384: g_absmax=0.1308 g_meanabs=8.892e-06
2026-08-26 11:29:41,782 [INFO] step 385: g_absmax=0.0962 g_meanabs=5.299e-06
2026-08-26 11:29:41,797 [INFO] Step 386: loss=0.0002 loss_ce=n/a time=4778.2ms mem=2606MB
2026-08-26 11:29:46,609 [INFO] step 386: g_absmax=0.1381 g_meanabs=5.987e-06
2026-08-26 11:29:51,574 [INFO] step 387: g_absmax=0.1149 g_meanabs=4.919e-06
2026-08-26 11:29:56,589 [INFO] step 388: g_absmax=0.1405 g_meanabs=6.097e-06
2026-08-26 11:30:01,510 [INFO] step 389: g_absmax=0.1048 g_meanabs=5.087e-06
2026-08-26 11:30:06,457 [INFO] step 390: g_absmax=0.1152 g_meanabs=6.495e-06
2026-08-26 11:30:16,811 [INFO] step 391: g_absmax=0.1238 g_meanabs=6.867e-06
2026-08-26 11:30:21,608 [INFO] step 392: g_absmax=0.0976 g_meanabs=6.977e-06
2026-08-26 11:30:26,444 [INFO] step 393: g_absmax=0.1164 g_meanabs=6.094e-06
2026-08-26 11:30:31,353 [INFO] step 394: g_absmax=0.1238 g_meanabs=4.783e-06
2026-08-26 11:30:36,309 [INFO] step 395: g_absmax=0.1154 g_meanabs=6.272e-06
2026-08-26 11:30:36,327 [INFO] Step 396: loss=0.0002 loss_ce=n/a time=4949.3ms mem=2606MB
2026-08-26 11:30:41,164 [INFO] step 396: g_absmax=0.0971 g_meanabs=6.251e-06
2026-08-26 11:30:45,935 [INFO] step 397: g_absmax=0.1326 g_meanabs=9.556e-06
2026-08-26 11:30:50,735 [INFO] step 398: g_absmax=0.1343 g_meanabs=6.1e-06
2026-08-26 11:30:55,680 [INFO] step 399: g_absmax=0.0888 g_meanabs=5.304e-06
2026-08-26 11:30:55,701 [INFO] coordinator RSS=2.93GB GPU=1058MB (step 400)
2026-08-26 11:31:00,747 [INFO] step 400: g_absmax=0.0826 g_meanabs=4.638e-06
2026-08-26 11:31:05,783 [INFO] step 401: g_absmax=0.11 g_meanabs=4.212e-06
2026-08-26 11:31:10,661 [INFO] step 402: g_absmax=0.1521 g_meanabs=3.842e-06
2026-08-26 11:31:15,757 [INFO] step 403: g_absmax=0.1245 g_meanabs=5.925e-06
2026-08-26 11:31:20,801 [INFO] step 404: g_absmax=0.1437 g_meanabs=6.898e-06
2026-08-26 11:31:25,890 [INFO] step 405: g_absmax=0.1405 g_meanabs=5.022e-06
2026-08-26 11:31:25,897 [INFO] Step 406: loss=0.0001 loss_ce=n/a time=5071.2ms mem=2606MB
2026-08-26 11:31:30,893 [INFO] step 406: g_absmax=0.1349 g_meanabs=4.056e-06
2026-08-26 11:31:35,969 [INFO] step 407: g_absmax=0.1015 g_meanabs=3.096e-06
2026-08-26 11:31:41,069 [INFO] step 408: g_absmax=0.0951 g_meanabs=6.865e-06
2026-08-26 11:31:46,083 [INFO] step 409: g_absmax=0.1184 g_meanabs=3.072e-06
2026-08-26 11:31:50,828 [INFO] step 410: g_absmax=0.1195 g_meanabs=4.561e-06
2026-08-26 11:31:55,675 [INFO] step 411: g_absmax=0.1114 g_meanabs=4.424e-06
2026-08-26 11:32:00,472 [INFO] step 412: g_absmax=0.095 g_meanabs=6.671e-06
2026-08-26 11:32:05,568 [INFO] step 413: g_absmax=0.1293 g_meanabs=3.198e-06
2026-08-26 11:32:10,612 [INFO] step 414: g_absmax=0.1048 g_meanabs=2.925e-06
2026-08-26 11:32:15,482 [INFO] step 415: g_absmax=0.1115 g_meanabs=5.711e-06
2026-08-26 11:32:15,500 [INFO] Step 416: loss=0.0002 loss_ce=n/a time=4863.0ms mem=2606MB
2026-08-26 11:32:20,270 [INFO] step 416: g_absmax=0.1051 g_meanabs=6.548e-06
2026-08-26 11:32:25,268 [INFO] step 417: g_absmax=0.1282 g_meanabs=9.736e-06
2026-08-26 11:32:30,033 [INFO] step 418: g_absmax=0.0875 g_meanabs=5.201e-06
2026-08-26 11:32:34,950 [INFO] step 419: g_absmax=0.1313 g_meanabs=4.928e-06
2026-08-26 11:32:39,644 [INFO] step 420: g_absmax=0.1092 g_meanabs=4.684e-06
2026-08-26 11:32:44,444 [INFO] step 421: g_absmax=0.096 g_meanabs=7.069e-06
2026-08-26 11:32:49,184 [INFO] step 422: g_absmax=0.1527 g_meanabs=3.322e-06
2026-08-26 11:32:54,106 [INFO] step 423: g_absmax=0.1292 g_meanabs=5.211e-06
2026-08-26 11:32:58,941 [INFO] step 424: g_absmax=0.1207 g_meanabs=6.436e-06
2026-08-26 11:33:03,739 [INFO] step 425: g_absmax=0.0973 g_meanabs=6.584e-06
2026-08-26 11:33:03,757 [INFO] Step 426: loss=0.0002 loss_ce=n/a time=4782.9ms mem=2606MB
2026-08-26 11:33:08,556 [INFO] step 426: g_absmax=0.0856 g_meanabs=8.331e-06
2026-08-26 11:33:13,742 [INFO] step 427: g_absmax=0.1274 g_meanabs=8.521e-06
2026-08-26 11:33:18,569 [INFO] step 428: g_absmax=0.1417 g_meanabs=8.213e-06
2026-08-26 11:33:23,344 [INFO] step 429: g_absmax=0.0868 g_meanabs=3.065e-06
2026-08-26 11:33:28,127 [INFO] step 430: g_absmax=0.1014 g_meanabs=7.825e-06
2026-08-26 11:33:33,146 [INFO] step 431: g_absmax=0.1074 g_meanabs=4.157e-06
2026-08-26 11:33:38,172 [INFO] step 432: g_absmax=0.1417 g_meanabs=6.636e-06
2026-08-26 11:33:43,375 [INFO] step 433: g_absmax=0.112 g_meanabs=5.235e-06
2026-08-26 11:33:48,275 [INFO] step 434: g_absmax=0.1155 g_meanabs=5.512e-06
2026-08-26 11:33:53,315 [INFO] step 435: g_absmax=0.1223 g_meanabs=6.322e-06
2026-08-26 11:33:53,333 [INFO] Step 436: loss=0.0002 loss_ce=n/a time=5030.8ms mem=2606MB
2026-08-26 11:33:58,306 [INFO] step 436: g_absmax=0.1312 g_meanabs=6.721e-06
2026-08-26 11:34:03,384 [INFO] step 437: g_absmax=0.0997 g_meanabs=6.545e-06
2026-08-26 11:34:08,284 [INFO] step 438: g_absmax=0.1261 g_meanabs=4.961e-06
2026-08-26 11:34:13,385 [INFO] step 439: g_absmax=0.1074 g_meanabs=7.29e-06
2026-08-26 11:34:18,398 [INFO] step 440: g_absmax=0.0998 g_meanabs=7.262e-06
2026-08-26 11:34:23,303 [INFO] step 441: g_absmax=0.1194 g_meanabs=6.53e-06
2026-08-26 11:34:28,074 [INFO] step 442: g_absmax=0.1738 g_meanabs=5.906e-06
2026-08-26 11:34:32,963 [INFO] step 443: g_absmax=0.1081 g_meanabs=7.064e-06
2026-08-26 11:34:37,956 [INFO] step 444: g_absmax=0.1127 g_meanabs=6.073e-06
2026-08-26 11:34:42,909 [INFO] step 445: g_absmax=0.1146 g_meanabs=5.641e-06
2026-08-26 11:34:42,926 [INFO] Step 446: loss=0.0002 loss_ce=n/a time=4934.7ms mem=2606MB
2026-08-26 11:34:47,611 [INFO] step 446: g_absmax=0.1133 g_meanabs=6.075e-06
2026-08-26 11:34:52,388 [INFO] step 447: g_absmax=0.1031 g_meanabs=6.898e-06
2026-08-26 11:34:57,189 [INFO] step 448: g_absmax=0.116 g_meanabs=6.475e-06
2026-08-26 11:35:02,091 [INFO] step 449: g_absmax=0.1056 g_meanabs=3.468e-06
2026-08-26 11:35:02,110 [INFO] coordinator RSS=2.93GB GPU=1058MB (step 450)
2026-08-26 11:35:06,952 [INFO] step 450: g_absmax=0.1024 g_meanabs=6.209e-06
2026-08-26 11:35:11,782 [INFO] step 451: g_absmax=0.1178 g_meanabs=6.83e-06
2026-08-26 11:35:16,568 [INFO] step 452: g_absmax=0.1188 g_meanabs=6.39e-06
2026-08-26 11:35:21,471 [INFO] step 453: g_absmax=0.0922 g_meanabs=4.82e-06
2026-08-26 11:35:26,386 [INFO] step 454: g_absmax=0.1023 g_meanabs=5.343e-06
2026-08-26 11:35:31,085 [INFO] step 455: g_absmax=0.1248 g_meanabs=5.807e-06
2026-08-26 11:35:31,102 [INFO] Step 456: loss=0.0002 loss_ce=n/a time=4681.8ms mem=2606MB
2026-08-26 11:35:35,936 [INFO] step 456: g_absmax=0.1502 g_meanabs=5.115e-06
2026-08-26 11:35:40,608 [INFO] step 457: g_absmax=0.1635 g_meanabs=3.594e-06
2026-08-26 11:35:45,396 [INFO] step 458: g_absmax=0.1264 g_meanabs=5.24e-06
2026-08-26 11:35:50,207 [INFO] step 459: g_absmax=0.1035 g_meanabs=7.264e-06
2026-08-26 11:35:55,205 [INFO] step 460: g_absmax=0.0254 g_meanabs=2.024e-06
2026-08-26 11:35:59,926 [INFO] step 461: g_absmax=0.089 g_meanabs=6.642e-06
2026-08-26 11:36:04,714 [INFO] step 462: g_absmax=0.0979 g_meanabs=6.802e-06
2026-08-26 11:36:09,552 [INFO] step 463: g_absmax=0.1281 g_meanabs=5.712e-06
2026-08-26 11:36:14,610 [INFO] step 464: g_absmax=0.0986 g_meanabs=6.718e-06
2026-08-26 11:36:19,599 [INFO] step 465: g_absmax=0.0946 g_meanabs=6.17e-06
2026-08-26 11:36:19,615 [INFO] Step 466: loss=0.0002 loss_ce=n/a time=4975.5ms mem=2606MB
2026-08-26 11:36:24,578 [INFO] step 466: g_absmax=0.1235 g_meanabs=5.457e-06
2026-08-26 11:36:29,396 [INFO] step 467: g_absmax=0.1235 g_meanabs=4.828e-06
2026-08-26 11:36:34,414 [INFO] step 468: g_absmax=0.1077 g_meanabs=4.989e-06
2026-08-26 11:36:39,518 [INFO] step 469: g_absmax=0.123 g_meanabs=6.328e-06
2026-08-26 11:36:44,562 [INFO] step 470: g_absmax=0.1005 g_meanabs=5.527e-06
2026-08-26 11:36:49,393 [INFO] step 471: g_absmax=0.1019 g_meanabs=6.935e-06
2026-08-26 11:36:54,435 [INFO] step 472: g_absmax=0.1342 g_meanabs=6.858e-06
2026-08-26 11:36:59,370 [INFO] step 473: g_absmax=0.1009 g_meanabs=5.963e-06
2026-08-26 11:37:04,303 [INFO] step 474: g_absmax=0.1226 g_meanabs=3.865e-06
2026-08-26 11:37:09,004 [INFO] step 475: g_absmax=0.1282 g_meanabs=4.608e-06
2026-08-26 11:37:09,021 [INFO] Step 476: loss=0.0001 loss_ce=n/a time=4683.5ms mem=2606MB
2026-08-26 11:37:13,996 [INFO] step 476: g_absmax=0.1102 g_meanabs=8.301e-06
2026-08-26 11:37:18,872 [INFO] step 477: g_absmax=0.14 g_meanabs=4.739e-06
2026-08-26 11:37:23,819 [INFO] step 478: g_absmax=0.1749 g_meanabs=4.532e-06
2026-08-26 11:37:28,477 [INFO] step 479: g_absmax=0.1288 g_meanabs=3.139e-06
2026-08-26 11:37:33,315 [INFO] step 480: g_absmax=0.1092 g_meanabs=4.748e-06
2026-08-26 11:37:38,172 [INFO] step 481: g_absmax=0.1379 g_meanabs=8.693e-06
2026-08-26 11:37:43,121 [INFO] step 482: g_absmax=0.1201 g_meanabs=6.122e-06
2026-08-26 11:37:47,902 [INFO] step 483: g_absmax=0.1323 g_meanabs=6.934e-06
2026-08-26 11:37:52,710 [INFO] step 484: g_absmax=0.1132 g_meanabs=3.958e-06
2026-08-26 11:37:57,487 [INFO] step 485: g_absmax=0.1527 g_meanabs=9.434e-06
2026-08-26 11:37:57,504 [INFO] Step 486: loss=0.0002 loss_ce=n/a time=4770.1ms mem=2606MB
2026-08-26 11:38:02,396 [INFO] step 486: g_absmax=0.0816 g_meanabs=3.448e-06
2026-08-26 11:38:07,181 [INFO] step 487: g_absmax=0.1208 g_meanabs=5.505e-06
2026-08-26 11:38:11,950 [INFO] step 488: g_absmax=0.0859 g_meanabs=5.754e-06
2026-08-26 11:38:16,824 [INFO] step 489: g_absmax=0.1387 g_meanabs=5.469e-06
2026-08-26 11:38:21,666 [INFO] step 490: g_absmax=0.1105 g_meanabs=2.996e-06
2026-08-26 11:38:26,603 [INFO] step 491: g_absmax=0.0978 g_meanabs=2.897e-06
2026-08-26 11:38:31,190 [INFO] step 492: g_absmax=0.1149 g_meanabs=5.7e-06
2026-08-26 11:38:36,027 [INFO] step 493: g_absmax=0.1226 g_meanabs=6.144e-06
2026-08-26 11:38:40,788 [INFO] step 494: g_absmax=0.1317 g_meanabs=6.048e-06
2026-08-26 11:38:45,767 [INFO] step 495: g_absmax=0.1352 g_meanabs=6.794e-06
2026-08-26 11:38:45,775 [INFO] Step 496: loss=0.0002 loss_ce=n/a time=4959.2ms mem=2606MB
2026-08-26 11:38:50,629 [INFO] step 496: g_absmax=0.1234 g_meanabs=6.504e-06
2026-08-26 11:38:55,519 [INFO] step 497: g_absmax=0.1094 g_meanabs=4.14e-06
2026-08-26 11:39:00,467 [INFO] step 498: g_absmax=0.0993 g_meanabs=5.66e-06
2026-08-26 11:39:05,347 [INFO] step 499: g_absmax=0.1297 g_meanabs=5.478e-06
2026-08-26 11:39:05,367 [INFO] coordinator RSS=2.93GB GPU=1058MB (step 500)
2026-08-26 11:39:10,024 [INFO] step 500: g_absmax=0.1187 g_meanabs=6.706e-06
2026-08-26 11:39:14,976 [INFO] step 501: g_absmax=0.1208 g_meanabs=3.085e-06
2026-08-26 11:39:19,956 [INFO] step 502: g_absmax=0.101 g_meanabs=6.092e-06
2026-08-26 11:39:24,929 [INFO] step 503: g_absmax=0.0676 g_meanabs=4.347e-06
2026-08-26 11:39:29,866 [INFO] step 504: g_absmax=0.1001 g_meanabs=4.746e-06
2026-08-26 11:39:34,723 [INFO] step 505: g_absmax=0.1632 g_meanabs=5.931e-06
2026-08-26 11:39:34,734 [INFO] Step 506: loss=0.0002 loss_ce=n/a time=4849.8ms mem=2606MB
2026-08-26 11:39:39,458 [INFO] step 506: g_absmax=0.0937 g_meanabs=4.627e-06
2026-08-26 11:39:44,212 [INFO] step 507: g_absmax=0.1581 g_meanabs=8.514e-06
2026-08-26 11:39:48,981 [INFO] step 508: g_absmax=0.135 g_meanabs=4.954e-06
2026-08-26 11:39:53,818 [INFO] step 509: g_absmax=0.1146 g_meanabs=6.167e-06
2026-08-26 11:39:58,531 [INFO] step 510: g_absmax=0.0866 g_meanabs=3.984e-06
2026-08-26 11:40:03,204 [INFO] step 511: g_absmax=0.1283 g_meanabs=6.929e-06
2026-08-26 11:40:07,985 [INFO] step 512: g_absmax=0.1427 g_meanabs=6.823e-06
2026-08-26 11:40:12,812 [INFO] step 513: g_absmax=0.1279 g_meanabs=3.885e-06
2026-08-26 11:40:17,655 [INFO] step 514: g_absmax=0.1345 g_meanabs=7.115e-06
2026-08-26 11:40:22,641 [INFO] step 515: g_absmax=0.1492 g_meanabs=7.458e-06
2026-08-26 11:40:22,660 [INFO] Step 516: loss=0.0002 loss_ce=n/a time=4965.3ms mem=2606MB
2026-08-26 11:40:27,445 [INFO] step 516: g_absmax=0.1057 g_meanabs=5.86e-06
2026-08-26 11:40:32,173 [INFO] step 517: g_absmax=0.1258 g_meanabs=4.263e-06
2026-08-26 11:40:37,362 [INFO] step 518: g_absmax=0.115 g_meanabs=5.278e-06
2026-08-26 11:40:42,264 [INFO] step 519: g_absmax=0.1301 g_meanabs=5.604e-06
2026-08-26 11:40:47,147 [INFO] step 520: g_absmax=0.1229 g_meanabs=7.069e-06
2026-08-26 11:40:51,823 [INFO] step 521: g_absmax=0.1241 g_meanabs=3.594e-06
2026-08-26 11:40:56,631 [INFO] step 522: g_absmax=0.1072 g_meanabs=8.849e-06
2026-08-26 11:41:01,314 [INFO] step 523: g_absmax=0.1049 g_meanabs=5.731e-06
2026-08-26 11:41:06,047 [INFO] step 524: g_absmax=0.0932 g_meanabs=6.457e-06
2026-08-26 11:41:10,764 [INFO] step 525: g_absmax=0.1193 g_meanabs=3.417e-06
2026-08-26 11:41:10,772 [INFO] Step 526: loss=0.0001 loss_ce=n/a time=4705.1ms mem=2606MB
2026-08-26 11:41:15,557 [INFO] step 526: g_absmax=0.1128 g_meanabs=8.346e-06
2026-08-26 11:41:20,591 [INFO] step 527: g_absmax=0.1805 g_meanabs=5.935e-06
2026-08-26 11:41:25,472 [INFO] step 528: g_absmax=0.1202 g_meanabs=3.688e-06
2026-08-26 11:41:30,457 [INFO] step 529: g_absmax=0.0903 g_meanabs=5.12e-06
2026-08-26 11:41:35,526 [INFO] step 530: g_absmax=0.0956 g_meanabs=5.746e-06
2026-08-26 11:41:40,566 [INFO] step 531: g_absmax=0.1156 g_meanabs=6.165e-06
2026-08-26 11:41:45,339 [INFO] step 532: g_absmax=0.1005 g_meanabs=8.201e-06
2026-08-26 11:41:50,077 [INFO] step 533: g_absmax=0.1275 g_meanabs=5.203e-06
2026-08-26 11:41:55,065 [INFO] step 534: g_absmax=0.1366 g_meanabs=6.594e-06
2026-08-26 11:41:59,850 [INFO] step 535: g_absmax=0.1243 g_meanabs=4.275e-06
2026-08-26 11:41:59,868 [INFO] Step 536: loss=0.0001 loss_ce=n/a time=4773.1ms mem=2606MB
2026-08-26 11:42:04,514 [INFO] step 536: g_absmax=0.11 g_meanabs=5.256e-06
2026-08-26 11:42:09,248 [INFO] step 537: g_absmax=0.0985 g_meanabs=4.41e-06
2026-08-26 11:42:14,044 [INFO] step 538: g_absmax=0.147 g_meanabs=7.303e-06
2026-08-26 11:42:18,720 [INFO] step 539: g_absmax=0.102 g_meanabs=2.932e-06
2026-08-26 11:42:23,542 [INFO] step 540: g_absmax=0.1263 g_meanabs=6.867e-06
2026-08-26 11:42:28,296 [INFO] step 541: g_absmax=0.1326 g_meanabs=7.564e-06
2026-08-26 11:42:33,208 [INFO] step 542: g_absmax=0.1243 g_meanabs=6.573e-06
2026-08-26 11:42:37,996 [INFO] step 543: g_absmax=0.1167 g_meanabs=8.527e-06
2026-08-26 11:42:42,793 [INFO] step 544: g_absmax=0.128 g_meanabs=7.039e-06
2026-08-26 11:42:47,610 [INFO] step 545: g_absmax=0.0931 g_meanabs=4.528e-06
2026-08-26 11:42:47,631 [INFO] Step 546: loss=0.0001 loss_ce=n/a time=4796.7ms mem=2606MB
2026-08-26 11:42:52,497 [INFO] step 546: g_absmax=0.0735 g_meanabs=5.979e-06
2026-08-26 11:42:57,381 [INFO] step 547: g_absmax=0.102 g_meanabs=7.172e-06
2026-08-26 11:43:02,261 [INFO] step 548: g_absmax=0.1257 g_meanabs=7.118e-06
2026-08-26 11:43:02,807 [INFO] Last checkpoint saved → /root/CipherForge/final-test-data/three-party-rms-pir_20260826-105122/checkpoints/last_checkpoint.pt (epoch=2)
2026-08-26 11:44:52,503 [INFO] Epoch 2: train_loss_proxy=0.0002 | val_ce_loss=1.1732 | val_micro_F1=0.6119 (P=0.6119 R=0.6119 Acc=0.6119) | val_macro_F1=0.4499 | val_weighted_F1=0.6049 | n_samples=134
2026-08-26 11:44:52,918 [INFO] Last checkpoint saved → /root/CipherForge/final-test-data/three-party-rms-pir_20260826-105122/checkpoints/last_checkpoint.pt (epoch=2)
2026-08-26 11:44:53,370 [INFO] Checkpoint saved → /root/CipherForge/final-test-data/three-party-rms-pir_20260826-105122/checkpoints/checkpoint_epoch_002.pt
2026-08-26 11:44:53,827 [INFO] Best checkpoint saved → /root/CipherForge/final-test-data/three-party-rms-pir_20260826-105122/checkpoints/best_checkpoint.pt (metric=1.1732)
2026-08-26 11:44:53,828 [INFO] New best val_ce_loss=1.1732 at epoch 2
2026-08-26 11:44:58,653 [INFO] step 549: g_absmax=0.0972 g_meanabs=6.17e-06
2026-08-26 11:44:58,675 [INFO] coordinator RSS=2.94GB GPU=1058MB (step 550)
2026-08-26 11:45:03,577 [INFO] step 550: g_absmax=0.1312 g_meanabs=6.752e-06
2026-08-26 11:45:08,402 [INFO] step 551: g_absmax=0.1262 g_meanabs=5.239e-06
2026-08-26 11:45:13,187 [INFO] step 552: g_absmax=0.1002 g_meanabs=6.775e-06
2026-08-26 11:45:18,099 [INFO] step 553: g_absmax=0.1172 g_meanabs=4.547e-06
2026-08-26 11:45:22,973 [INFO] step 554: g_absmax=0.1297 g_meanabs=5.376e-06
2026-08-26 11:45:27,725 [INFO] step 555: g_absmax=0.0998 g_meanabs=4.338e-06
2026-08-26 11:45:32,427 [INFO] step 556: g_absmax=0.1183 g_meanabs=3.264e-06
2026-08-26 11:45:37,270 [INFO] step 557: g_absmax=0.123 g_meanabs=3.56e-06
2026-08-26 11:45:42,207 [INFO] step 558: g_absmax=0.1252 g_meanabs=3.028e-06
2026-08-26 11:45:42,224 [INFO] Step 559: loss=0.0001 loss_ce=n/a time=4919.1ms mem=2606MB
2026-08-26 11:45:47,200 [INFO] step 559: g_absmax=0.1403 g_meanabs=8.309e-06
2026-08-26 11:45:51,855 [INFO] step 560: g_absmax=0.1507 g_meanabs=7.291e-06
2026-08-26 11:45:56,557 [INFO] step 561: g_absmax=0.1097 g_meanabs=7.08e-06
2026-08-26 11:46:01,392 [INFO] step 562: g_absmax=0.1433 g_meanabs=5.441e-06
2026-08-26 11:46:06,217 [INFO] step 563: g_absmax=0.1424 g_meanabs=5.144e-06
2026-08-26 11:46:11,022 [INFO] step 564: g_absmax=0.1051 g_meanabs=4.343e-06
2026-08-26 11:46:15,761 [INFO] step 565: g_absmax=0.1164 g_meanabs=5.936e-06
2026-08-26 11:46:20,648 [INFO] step 566: g_absmax=0.1057 g_meanabs=4.018e-06
2026-08-26 11:46:25,651 [INFO] step 567: g_absmax=0.1115 g_meanabs=5.697e-06
2026-08-26 11:46:30,452 [INFO] step 568: g_absmax=0.1005 g_meanabs=3.692e-06
2026-08-26 11:46:30,461 [INFO] Step 569: loss=0.0001 loss_ce=n/a time=4782.9ms mem=2606MB
2026-08-26 11:46:35,332 [INFO] step 569: g_absmax=0.0868 g_meanabs=4.212e-06
2026-08-26 11:46:40,319 [INFO] step 570: g_absmax=0.1458 g_meanabs=1.072e-05
2026-08-26 11:46:45,262 [INFO] step 571: g_absmax=0.1114 g_meanabs=4.325e-06
2026-08-26 11:46:50,223 [INFO] step 572: g_absmax=0.0856 g_meanabs=7.142e-06
2026-08-26 11:46:55,297 [INFO] step 573: g_absmax=0.1203 g_meanabs=3.528e-06
2026-08-26 11:47:00,355 [INFO] step 574: g_absmax=0.1301 g_meanabs=6.708e-06
2026-08-26 11:47:05,476 [INFO] step 575: g_absmax=0.1022 g_meanabs=3.939e-06
2026-08-26 11:47:10,520 [INFO] step 576: g_absmax=0.1168 g_meanabs=6.125e-06
2026-08-26 11:47:15,553 [INFO] step 577: g_absmax=0.133 g_meanabs=3.307e-06
2026-08-26 11:47:20,465 [INFO] step 578: g_absmax=0.1127 g_meanabs=3.758e-06
2026-08-26 11:47:20,482 [INFO] Step 579: loss=0.0001 loss_ce=n/a time=4893.5ms mem=2606MB
2026-08-26 11:47:25,276 [INFO] step 579: g_absmax=0.1224 g_meanabs=6.3e-06
2026-08-26 11:47:30,081 [INFO] step 580: g_absmax=0.1 g_meanabs=4.03e-06
2026-08-26 11:47:35,025 [INFO] step 581: g_absmax=0.0939 g_meanabs=8.941e-06
2026-08-26 11:47:39,924 [INFO] step 582: g_absmax=0.098 g_meanabs=5.209e-06
2026-08-26 11:47:44,766 [INFO] step 583: g_absmax=0.1233 g_meanabs=8.597e-06
2026-08-26 11:47:49,533 [INFO] step 584: g_absmax=0.1229 g_meanabs=6.521e-06
2026-08-26 11:47:54,323 [INFO] step 585: g_absmax=0.1227 g_meanabs=3.817e-06
2026-08-26 11:47:59,188 [INFO] step 586: g_absmax=0.1209 g_meanabs=5.06e-06
2026-08-26 11:48:03,995 [INFO] step 587: g_absmax=0.1368 g_meanabs=4.876e-06
2026-08-26 11:48:08,703 [INFO] step 588: g_absmax=0.1022 g_meanabs=4.384e-06
2026-08-26 11:48:08,720 [INFO] Step 589: loss=0.0001 loss_ce=n/a time=4689.3ms mem=2606MB
2026-08-26 11:48:13,543 [INFO] step 589: g_absmax=0.1102 g_meanabs=5.597e-06
2026-08-26 11:48:18,412 [INFO] step 590: g_absmax=0.1125 g_meanabs=8.525e-06
2026-08-26 11:48:23,450 [INFO] step 591: g_absmax=0.1488 g_meanabs=4.237e-06
2026-08-26 11:48:28,232 [INFO] step 592: g_absmax=0.1158 g_meanabs=4.372e-06
2026-08-26 11:48:32,860 [INFO] step 593: g_absmax=0.2192 g_meanabs=4.769e-06
2026-08-26 11:48:37,811 [INFO] step 594: g_absmax=0.1163 g_meanabs=7.447e-06
2026-08-26 11:48:42,716 [INFO] step 595: g_absmax=0.0913 g_meanabs=6.646e-06
2026-08-26 11:48:47,497 [INFO] step 596: g_absmax=0.0909 g_meanabs=7.467e-06
2026-08-26 11:48:52,194 [INFO] step 597: g_absmax=0.1352 g_meanabs=4.983e-06
2026-08-26 11:48:57,034 [INFO] step 598: g_absmax=0.1445 g_meanabs=8.502e-06
2026-08-26 11:48:57,052 [INFO] Step 599: loss=0.0002 loss_ce=n/a time=4831.7ms mem=2606MB
2026-08-26 11:49:02,120 [INFO] step 599: g_absmax=0.094 g_meanabs=2.991e-06
2026-08-26 11:49:02,141 [INFO] coordinator RSS=2.94GB GPU=1058MB (step 600)
2026-08-26 11:49:06,973 [INFO] step 600: g_absmax=0.0959 g_meanabs=5.267e-06
2026-08-26 11:49:11,865 [INFO] step 601: g_absmax=0.0931 g_meanabs=6.759e-06
2026-08-26 11:49:16,749 [INFO] step 602: g_absmax=0.1071 g_meanabs=3.96e-06
2026-08-26 11:49:21,819 [INFO] step 603: g_absmax=0.1068 g_meanabs=4.42e-06
2026-08-26 11:49:26,763 [INFO] step 604: g_absmax=0.1498 g_meanabs=7.323e-06
2026-08-26 11:49:31,521 [INFO] step 605: g_absmax=0.1161 g_meanabs=4.55e-06
2026-08-26 11:49:36,451 [INFO] step 606: g_absmax=0.0892 g_meanabs=4.928e-06
2026-08-26 11:49:41,566 [INFO] step 607: g_absmax=0.1118 g_meanabs=4.122e-06
2026-08-26 11:49:46,634 [INFO] step 608: g_absmax=0.1188 g_meanabs=5.589e-06
2026-08-26 11:49:46,652 [INFO] Step 609: loss=0.0002 loss_ce=n/a time=5049.9ms mem=2606MB
2026-08-26 11:49:51,425 [INFO] step 609: g_absmax=0.1286 g_meanabs=7.07e-06
2026-08-26 11:49:56,290 [INFO] step 610: g_absmax=0.1215 g_meanabs=3.492e-06
2026-08-26 11:50:01,224 [INFO] step 611: g_absmax=0.0985 g_meanabs=3.531e-06
2026-08-26 11:50:06,161 [INFO] step 612: g_absmax=0.1281 g_meanabs=3.55e-06
2026-08-26 11:50:11,051 [INFO] step 613: g_absmax=0.1103 g_meanabs=5.915e-06
2026-08-26 11:50:15,849 [INFO] step 614: g_absmax=0.1189 g_meanabs=4.559e-06
2026-08-26 11:50:20,739 [INFO] step 615: g_absmax=0.1409 g_meanabs=6.22e-06
2026-08-26 11:50:25,572 [INFO] step 616: g_absmax=0.1371 g_meanabs=5.61e-06
2026-08-26 11:50:30,572 [INFO] step 617: g_absmax=0.1077 g_meanabs=4.499e-06
2026-08-26 11:50:35,437 [INFO] step 618: g_absmax=0.1093 g_meanabs=3.012e-06
2026-08-26 11:50:35,455 [INFO] Step 619: loss=0.0001 loss_ce=n/a time=4853.7ms mem=2606MB
2026-08-26 11:50:40,325 [INFO] step 619: g_absmax=0.1283 g_meanabs=3.016e-06
2026-08-26 11:50:45,089 [INFO] step 620: g_absmax=0.1099 g_meanabs=4.24e-06
2026-08-26 11:50:49,844 [INFO] step 621: g_absmax=0.1231 g_meanabs=5.611e-06
2026-08-26 11:50:54,937 [INFO] step 622: g_absmax=0.1201 g_meanabs=6.802e-06
2026-08-26 11:50:59,662 [INFO] step 623: g_absmax=0.1032 g_meanabs=5.535e-06
2026-08-26 11:51:04,488 [INFO] step 624: g_absmax=0.1151 g_meanabs=5.262e-06
2026-08-26 11:51:09,355 [INFO] step 625: g_absmax=0.1107 g_meanabs=4.001e-06
2026-08-26 11:51:14,325 [INFO] step 626: g_absmax=0.114 g_meanabs=5.959e-06
2026-08-26 11:51:19,107 [INFO] step 627: g_absmax=0.1133 g_meanabs=5.029e-06
2026-08-26 11:51:23,884 [INFO] step 628: g_absmax=0.1316 g_meanabs=5.193e-06
2026-08-26 11:51:23,901 [INFO] Step 629: loss=0.0002 loss_ce=n/a time=4759.2ms mem=2606MB
2026-08-26 11:51:28,856 [INFO] step 629: g_absmax=0.1092 g_meanabs=4.361e-06
2026-08-26 11:51:33,820 [INFO] step 630: g_absmax=0.1061 g_meanabs=5.412e-06
2026-08-26 11:51:38,920 [INFO] step 631: g_absmax=0.1465 g_meanabs=5.756e-06
2026-08-26 11:51:43,921 [INFO] step 632: g_absmax=0.1158 g_meanabs=3.112e-06
2026-08-26 11:51:48,750 [INFO] step 633: g_absmax=0.1166 g_meanabs=6.283e-06
2026-08-26 11:51:53,599 [INFO] step 634: g_absmax=0.1104 g_meanabs=5.58e-06
2026-08-26 11:51:58,496 [INFO] step 635: g_absmax=0.0439 g_meanabs=2.113e-06
2026-08-26 11:52:03,686 [INFO] step 636: g_absmax=0.1116 g_meanabs=7.122e-06
2026-08-26 11:52:08,563 [INFO] step 637: g_absmax=0.1182 g_meanabs=5.39e-06
2026-08-26 11:52:13,367 [INFO] step 638: g_absmax=0.1408 g_meanabs=6.141e-06
2026-08-26 11:52:13,383 [INFO] Step 639: loss=0.0002 loss_ce=n/a time=4785.7ms mem=2606MB
2026-08-26 11:52:18,371 [INFO] step 639: g_absmax=0.1096 g_meanabs=4.776e-06
2026-08-26 11:52:23,174 [INFO] step 640: g_absmax=0.1102 g_meanabs=4.241e-06
2026-08-26 11:52:27,898 [INFO] step 641: g_absmax=0.1196 g_meanabs=6.576e-06
2026-08-26 11:52:32,583 [INFO] step 642: g_absmax=0.1146 g_meanabs=4.721e-06
2026-08-26 11:52:37,441 [INFO] step 643: g_absmax=0.1303 g_meanabs=8.595e-06
2026-08-26 11:52:42,259 [INFO] step 644: g_absmax=0.1519 g_meanabs=3.085e-06
2026-08-26 11:52:46,975 [INFO] step 645: g_absmax=0.117 g_meanabs=6.193e-06
2026-08-26 11:52:51,741 [INFO] step 646: g_absmax=0.0856 g_meanabs=2.908e-06
2026-08-26 11:52:56,566 [INFO] step 647: g_absmax=0.1271 g_meanabs=3.543e-06
2026-08-26 11:53:01,456 [INFO] step 648: g_absmax=0.1173 g_meanabs=7.972e-06
2026-08-26 11:53:01,471 [INFO] Step 649: loss=0.0002 loss_ce=n/a time=4875.8ms mem=2606MB
2026-08-26 11:53:06,191 [INFO] step 649: g_absmax=0.0857 g_meanabs=4.931e-06
2026-08-26 11:53:06,210 [INFO] coordinator RSS=2.94GB GPU=1058MB (step 650)
2026-08-26 11:53:10,853 [INFO] step 650: g_absmax=0.1286 g_meanabs=5.371e-06
2026-08-26 11:53:15,826 [INFO] step 651: g_absmax=0.113 g_meanabs=3.649e-06
2026-08-26 11:53:20,771 [INFO] step 652: g_absmax=0.1136 g_meanabs=7.454e-06
2026-08-26 11:53:25,498 [INFO] step 653: g_absmax=0.1086 g_meanabs=7.281e-06
2026-08-26 11:53:30,273 [INFO] step 654: g_absmax=0.152 g_meanabs=5.254e-06
2026-08-26 11:53:35,345 [INFO] step 655: g_absmax=0.1279 g_meanabs=5.144e-06
2026-08-26 11:53:40,299 [INFO] step 656: g_absmax=0.1122 g_meanabs=5.896e-06
2026-08-26 11:53:45,078 [INFO] step 657: g_absmax=0.107 g_meanabs=3.789e-06
2026-08-26 11:53:49,778 [INFO] step 658: g_absmax=0.1003 g_meanabs=6.837e-06
2026-08-26 11:53:49,794 [INFO] Step 659: loss=0.0002 loss_ce=n/a time=4682.8ms mem=2606MB
2026-08-26 11:53:54,557 [INFO] step 659: g_absmax=0.1206 g_meanabs=7.613e-06
2026-08-26 11:53:59,550 [INFO] step 660: g_absmax=0.1023 g_meanabs=4.86e-06
2026-08-26 11:54:04,622 [INFO] step 661: g_absmax=0.0963 g_meanabs=7.318e-06
2026-08-26 11:54:09,470 [INFO] step 662: g_absmax=0.1182 g_meanabs=5.433e-06
2026-08-26 11:54:14,323 [INFO] step 663: g_absmax=0.0984 g_meanabs=6.484e-06
2026-08-26 11:54:19,356 [INFO] step 664: g_absmax=0.0986 g_meanabs=6.403e-06
2026-08-26 11:54:24,130 [INFO] step 665: g_absmax=0.1065 g_meanabs=3.331e-06
2026-08-26 11:54:28,859 [INFO] step 666: g_absmax=0.1253 g_meanabs=6.162e-06
2026-08-26 11:54:33,719 [INFO] step 667: g_absmax=0.1035 g_meanabs=6.44e-06
2026-08-26 11:54:38,773 [INFO] step 668: g_absmax=0.1409 g_meanabs=7.366e-06
2026-08-26 11:54:38,789 [INFO] Step 669: loss=0.0002 loss_ce=n/a time=5036.4ms mem=2606MB
2026-08-26 11:54:43,637 [INFO] step 669: g_absmax=0.121 g_meanabs=4.938e-06
2026-08-26 11:54:48,487 [INFO] step 670: g_absmax=0.1321 g_meanabs=6.486e-06
2026-08-26 11:54:53,183 [INFO] step 671: g_absmax=0.1135 g_meanabs=6.69e-06
2026-08-26 11:54:57,914 [INFO] step 672: g_absmax=0.0976 g_meanabs=3.32e-06
2026-08-26 11:55:02,772 [INFO] step 673: g_absmax=0.1288 g_meanabs=6.57e-06
2026-08-26 11:55:07,494 [INFO] step 674: g_absmax=0.0995 g_meanabs=4.261e-06
2026-08-26 11:55:12,401 [INFO] step 675: g_absmax=0.1039 g_meanabs=7.287e-06
2026-08-26 11:55:17,059 [INFO] step 676: g_absmax=0.0963 g_meanabs=6.89e-06
2026-08-26 11:55:21,761 [INFO] step 677: g_absmax=0.1153 g_meanabs=8.269e-06
2026-08-26 11:55:26,499 [INFO] step 678: g_absmax=0.1465 g_meanabs=5.585e-06
2026-08-26 11:55:26,515 [INFO] Step 679: loss=0.0002 loss_ce=n/a time=4719.7ms mem=2606MB
2026-08-26 11:55:31,377 [INFO] step 679: g_absmax=0.1158 g_meanabs=6.809e-06
2026-08-26 11:55:36,366 [INFO] step 680: g_absmax=0.1383 g_meanabs=6.215e-06
2026-08-26 11:55:41,261 [INFO] step 681: g_absmax=0.1429 g_meanabs=4.454e-06
2026-08-26 11:55:46,115 [INFO] step 682: g_absmax=0.139 g_meanabs=3.901e-06
2026-08-26 11:55:50,972 [INFO] step 683: g_absmax=0.1237 g_meanabs=5.515e-06
2026-08-26 11:55:55,792 [INFO] step 684: g_absmax=0.1263 g_meanabs=5.721e-06
2026-08-26 11:56:00,676 [INFO] step 685: g_absmax=0.077 g_meanabs=4.468e-06
2026-08-26 11:56:05,552 [INFO] step 686: g_absmax=0.1098 g_meanabs=4.141e-06
2026-08-26 11:56:10,338 [INFO] step 687: g_absmax=0.1189 g_meanabs=6.083e-06
2026-08-26 11:56:15,281 [INFO] step 688: g_absmax=0.1097 g_meanabs=4.822e-06
2026-08-26 11:56:15,298 [INFO] Step 689: loss=0.0001 loss_ce=n/a time=4922.7ms mem=2606MB
2026-08-26 11:56:20,010 [INFO] step 689: g_absmax=0.1454 g_meanabs=5.265e-06
2026-08-26 11:56:24,827 [INFO] step 690: g_absmax=0.1345 g_meanabs=7.649e-06
2026-08-26 11:56:29,590 [INFO] step 691: g_absmax=0.1275 g_meanabs=7.1e-06
2026-08-26 11:56:34,549 [INFO] step 692: g_absmax=0.1372 g_meanabs=7.039e-06
2026-08-26 11:56:39,544 [INFO] step 693: g_absmax=0.1094 g_meanabs=4.683e-06
2026-08-26 11:56:44,358 [INFO] step 694: g_absmax=0.1311 g_meanabs=3.07e-06
2026-08-26 11:56:49,118 [INFO] step 695: g_absmax=0.1006 g_meanabs=7.15e-06
2026-08-26 11:56:53,904 [INFO] step 696: g_absmax=0.1108 g_meanabs=5.46e-06
2026-08-26 11:56:58,983 [INFO] step 697: g_absmax=0.1125 g_meanabs=4.902e-06
2026-08-26 11:57:03,786 [INFO] step 698: g_absmax=0.0939 g_meanabs=9.626e-06
2026-08-26 11:57:03,802 [INFO] Step 699: loss=0.0002 loss_ce=n/a time=4784.8ms mem=2606MB
2026-08-26 11:57:08,587 [INFO] step 699: g_absmax=0.1025 g_meanabs=7.375e-06
2026-08-26 11:57:08,607 [INFO] coordinator RSS=2.94GB GPU=1058MB (step 700)
2026-08-26 11:57:13,358 [INFO] step 700: g_absmax=0.1158 g_meanabs=5.059e-06
2026-08-26 11:57:18,255 [INFO] step 701: g_absmax=0.0959 g_meanabs=3.507e-06
2026-08-26 11:57:23,098 [INFO] step 702: g_absmax=0.1249 g_meanabs=4.483e-06
2026-08-26 11:57:27,902 [INFO] step 703: g_absmax=0.1367 g_meanabs=6.297e-06
2026-08-26 11:57:32,756 [INFO] step 704: g_absmax=0.0967 g_meanabs=6.159e-06
2026-08-26 11:57:37,604 [INFO] step 705: g_absmax=0.1287 g_meanabs=3.008e-06
2026-08-26 11:57:42,517 [INFO] step 706: g_absmax=0.1132 g_meanabs=4.231e-06
2026-08-26 11:57:47,326 [INFO] step 707: g_absmax=0.1237 g_meanabs=2.972e-06
2026-08-26 11:57:52,034 [INFO] step 708: g_absmax=0.1239 g_meanabs=4.138e-06
2026-08-26 11:57:52,041 [INFO] Step 709: loss=0.0001 loss_ce=n/a time=4695.6ms mem=2606MB
2026-08-26 11:57:56,980 [INFO] step 709: g_absmax=0.1302 g_meanabs=4.837e-06
2026-08-26 11:58:02,157 [INFO] step 710: g_absmax=0.1064 g_meanabs=5.693e-06
2026-08-26 11:58:06,900 [INFO] step 711: g_absmax=0.1272 g_meanabs=6.084e-06
2026-08-26 11:58:11,701 [INFO] step 712: g_absmax=0.1304 g_meanabs=3.712e-06
2026-08-26 11:58:16,574 [INFO] step 713: g_absmax=0.144 g_meanabs=5.042e-06
2026-08-26 11:58:21,684 [INFO] step 714: g_absmax=0.1052 g_meanabs=3.783e-06
2026-08-26 11:58:26,640 [INFO] step 715: g_absmax=0.1041 g_meanabs=5.03e-06
2026-08-26 11:58:31,482 [INFO] step 716: g_absmax=0.1258 g_meanabs=4.221e-06
2026-08-26 11:58:36,415 [INFO] step 717: g_absmax=0.1026 g_meanabs=4.886e-06
2026-08-26 11:58:41,485 [INFO] step 718: g_absmax=0.1659 g_meanabs=6.583e-06
2026-08-26 11:58:41,501 [INFO] Step 719: loss=0.0002 loss_ce=n/a time=5050.6ms mem=2606MB
2026-08-26 11:58:46,371 [INFO] step 719: g_absmax=0.1483 g_meanabs=3.97e-06
2026-08-26 11:58:51,269 [INFO] step 720: g_absmax=0.0982 g_meanabs=6.807e-06
2026-08-26 11:58:56,221 [INFO] step 721: g_absmax=0.1129 g_meanabs=5.045e-06
2026-08-26 11:59:01,315 [INFO] step 722: g_absmax=0.1076 g_meanabs=5.13e-06
2026-08-26 11:59:06,297 [INFO] step 723: g_absmax=0.0937 g_meanabs=5.582e-06
2026-08-26 11:59:11,087 [INFO] step 724: g_absmax=0.1096 g_meanabs=6.566e-06
2026-08-26 11:59:16,009 [INFO] step 725: g_absmax=0.1098 g_meanabs=4.292e-06
2026-08-26 11:59:21,204 [INFO] step 726: g_absmax=0.1252 g_meanabs=5.294e-06
2026-08-26 11:59:26,362 [INFO] step 727: g_absmax=0.0853 g_meanabs=5.748e-06
2026-08-26 11:59:31,196 [INFO] step 728: g_absmax=0.0917 g_meanabs=7.588e-06
2026-08-26 11:59:31,203 [INFO] Step 729: loss=0.0002 loss_ce=n/a time=4814.9ms mem=2606MB
2026-08-26 11:59:36,135 [INFO] step 729: g_absmax=0.1422 g_meanabs=6.309e-06
2026-08-26 11:59:41,210 [INFO] step 730: g_absmax=0.1343 g_meanabs=5.245e-06
2026-08-26 11:59:46,539 [INFO] step 731: g_absmax=0.106 g_meanabs=5.274e-06
2026-08-26 11:59:47,053 [INFO] Last checkpoint saved → /root/CipherForge/final-test-data/three-party-rms-pir_20260826-105122/checkpoints/last_checkpoint.pt (epoch=3)
2026-08-26 12:01:35,695 [INFO] Epoch 3: train_loss_proxy=0.0002 | val_ce_loss=1.2388 | val_micro_F1=0.6343 (P=0.6343 R=0.6343 Acc=0.6343) | val_macro_F1=0.4683 | val_weighted_F1=0.6173 | n_samples=134
2026-08-26 12:01:36,172 [INFO] Last checkpoint saved → /root/CipherForge/final-test-data/three-party-rms-pir_20260826-105122/checkpoints/last_checkpoint.pt (epoch=3)
2026-08-26 12:01:36,637 [INFO] Checkpoint saved → /root/CipherForge/final-test-data/three-party-rms-pir_20260826-105122/checkpoints/checkpoint_epoch_003.pt
2026-08-26 12:01:36,638 [INFO] No improvement for 1 epochs
2026-08-26 12:01:41,783 [INFO] step 732: g_absmax=0.118 g_meanabs=6.237e-06
2026-08-26 12:01:46,629 [INFO] step 733: g_absmax=0.1134 g_meanabs=4.614e-06
2026-08-26 12:01:51,482 [INFO] step 734: g_absmax=0.1172 g_meanabs=3.848e-06
2026-08-26 12:01:56,371 [INFO] step 735: g_absmax=0.1069 g_meanabs=6.422e-06
2026-08-26 12:02:01,530 [INFO] step 736: g_absmax=0.1207 g_meanabs=5.197e-06
2026-08-26 12:02:06,468 [INFO] step 737: g_absmax=0.12 g_meanabs=4.489e-06
2026-08-26 12:02:11,410 [INFO] step 738: g_absmax=0.1331 g_meanabs=6.149e-06
2026-08-26 12:02:16,332 [INFO] step 739: g_absmax=0.1123 g_meanabs=5.362e-06
2026-08-26 12:02:21,203 [INFO] step 740: g_absmax=0.1192 g_meanabs=4.74e-06
2026-08-26 12:02:25,997 [INFO] step 741: g_absmax=0.1185 g_meanabs=3.814e-06
2026-08-26 12:02:26,014 [INFO] Step 742: loss=0.0001 loss_ce=n/a time=4774.8ms mem=2606MB
2026-08-26 12:02:30,769 [INFO] step 742: g_absmax=0.1138 g_meanabs=5.429e-06
2026-08-26 12:02:35,687 [INFO] step 743: g_absmax=0.0944 g_meanabs=5.511e-06
2026-08-26 12:02:40,602 [INFO] step 744: g_absmax=0.1211 g_meanabs=3.403e-06
2026-08-26 12:02:45,355 [INFO] step 745: g_absmax=0.1211 g_meanabs=4.199e-06
2026-08-26 12:02:50,301 [INFO] step 746: g_absmax=0.0978 g_meanabs=5.219e-06
2026-08-26 12:02:55,056 [INFO] step 747: g_absmax=0.1263 g_meanabs=5.305e-06
2026-08-26 12:02:59,990 [INFO] step 748: g_absmax=0.1148 g_meanabs=3.896e-06
2026-08-26 12:03:04,853 [INFO] step 749: g_absmax=0.1132 g_meanabs=5.607e-06
2026-08-26 12:03:04,875 [INFO] coordinator RSS=2.94GB GPU=1058MB (step 750)
2026-08-26 12:03:09,653 [INFO] step 750: g_absmax=0.1264 g_meanabs=3.677e-06
2026-08-26 12:03:14,308 [INFO] step 751: g_absmax=0.1217 g_meanabs=4.363e-06
2026-08-26 12:03:14,326 [INFO] Step 752: loss=0.0001 loss_ce=n/a time=4636.1ms mem=2606MB
2026-08-26 12:03:19,138 [INFO] step 752: g_absmax=0.1124 g_meanabs=6.949e-06
2026-08-26 12:03:23,922 [INFO] step 753: g_absmax=0.1283 g_meanabs=3.93e-06
2026-08-26 12:03:28,758 [INFO] step 754: g_absmax=0.1331 g_meanabs=4.786e-06
2026-08-26 12:03:33,558 [INFO] step 755: g_absmax=0.1555 g_meanabs=5.3e-06
2026-08-26 12:03:38,454 [INFO] step 756: g_absmax=0.141 g_meanabs=5.781e-06
2026-08-26 12:03:43,427 [INFO] step 757: g_absmax=0.1441 g_meanabs=5.466e-06
2026-08-26 12:03:48,281 [INFO] step 758: g_absmax=0.1462 g_meanabs=5.99e-06
2026-08-26 12:03:53,012 [INFO] step 759: g_absmax=0.1484 g_meanabs=3.004e-06
2026-08-26 12:03:58,000 [INFO] step 760: g_absmax=0.1066 g_meanabs=2.913e-06
2026-08-26 12:04:03,217 [INFO] step 761: g_absmax=0.1318 g_meanabs=5.075e-06
2026-08-26 12:04:03,234 [INFO] Step 762: loss=0.0002 loss_ce=n/a time=5197.6ms mem=2606MB
2026-08-26 12:04:08,180 [INFO] step 762: g_absmax=0.0866 g_meanabs=6.452e-06
2026-08-26 12:04:12,948 [INFO] step 763: g_absmax=0.1214 g_meanabs=4.863e-06
2026-08-26 12:04:17,965 [INFO] step 764: g_absmax=0.1038 g_meanabs=6.141e-06
2026-08-26 12:04:23,182 [INFO] step 765: g_absmax=0.1223 g_meanabs=5.449e-06
2026-08-26 12:04:28,168 [INFO] step 766: g_absmax=0.1648 g_meanabs=6.513e-06
2026-08-26 12:04:32,857 [INFO] step 767: g_absmax=0.0824 g_meanabs=5.279e-06
2026-08-26 12:04:37,843 [INFO] step 768: g_absmax=0.1171 g_meanabs=7.152e-06
2026-08-26 12:04:42,907 [INFO] step 769: g_absmax=0.1569 g_meanabs=3.673e-06
2026-08-26 12:04:48,163 [INFO] step 770: g_absmax=0.1037 g_meanabs=2.947e-06
2026-08-26 12:04:53,130 [INFO] step 771: g_absmax=0.1228 g_meanabs=5.043e-06
2026-08-26 12:04:53,137 [INFO] Step 772: loss=0.0001 loss_ce=n/a time=4947.6ms mem=2606MB
2026-08-26 12:04:58,061 [INFO] step 772: g_absmax=0.1136 g_meanabs=4.723e-06
2026-08-26 12:05:02,845 [INFO] step 773: g_absmax=0.1049 g_meanabs=3.746e-06
2026-08-26 12:05:07,751 [INFO] step 774: g_absmax=0.1253 g_meanabs=5.744e-06
2026-08-26 12:05:12,416 [INFO] step 775: g_absmax=0.1212 g_meanabs=6.149e-06
2026-08-26 12:05:17,312 [INFO] step 776: g_absmax=0.1035 g_meanabs=3.463e-06
2026-08-26 12:05:22,159 [INFO] step 777: g_absmax=0.1616 g_meanabs=4.123e-06
2026-08-26 12:05:26,896 [INFO] step 778: g_absmax=0.1222 g_meanabs=3.152e-06
2026-08-26 12:05:31,677 [INFO] step 779: g_absmax=0.1031 g_meanabs=5.748e-06
2026-08-26 12:05:36,573 [INFO] step 780: g_absmax=0.1397 g_meanabs=3.423e-06
2026-08-26 12:05:41,396 [INFO] step 781: g_absmax=0.145 g_meanabs=3.245e-06
2026-08-26 12:05:41,413 [INFO] Step 782: loss=0.0001 loss_ce=n/a time=4801.6ms mem=2606MB
2026-08-26 12:05:46,148 [INFO] step 782: g_absmax=0.1605 g_meanabs=5.467e-06
2026-08-26 12:05:50,944 [INFO] step 783: g_absmax=0.1346 g_meanabs=3.467e-06
2026-08-26 12:05:55,626 [INFO] step 784: g_absmax=0.137 g_meanabs=6.128e-06
2026-08-26 12:06:00,287 [INFO] step 785: g_absmax=0.1121 g_meanabs=4.541e-06
2026-08-26 12:06:04,956 [INFO] step 786: g_absmax=0.092 g_meanabs=4.567e-06
2026-08-26 12:06:09,773 [INFO] step 787: g_absmax=0.1192 g_meanabs=6.817e-06
2026-08-26 12:06:14,587 [INFO] step 788: g_absmax=0.1228 g_meanabs=4.101e-06
2026-08-26 12:06:19,352 [INFO] step 789: g_absmax=0.1126 g_meanabs=3.844e-06
2026-08-26 12:06:24,147 [INFO] step 790: g_absmax=0.146 g_meanabs=7.614e-06
2026-08-26 12:06:28,991 [INFO] step 791: g_absmax=0.1085 g_meanabs=4.255e-06
2026-08-26 12:06:29,008 [INFO] Step 792: loss=0.0001 loss_ce=n/a time=4827.0ms mem=2606MB
2026-08-26 12:06:33,776 [INFO] step 792: g_absmax=0.104 g_meanabs=6.707e-06
2026-08-26 12:06:38,756 [INFO] step 793: g_absmax=0.1357 g_meanabs=5.733e-06
2026-08-26 12:06:43,599 [INFO] step 794: g_absmax=0.106 g_meanabs=9.109e-06
2026-08-26 12:06:48,496 [INFO] step 795: g_absmax=0.0945 g_meanabs=3.088e-06
2026-08-26 12:06:53,299 [INFO] step 796: g_absmax=0.117 g_meanabs=6.9e-06
2026-08-26 12:06:58,198 [INFO] step 797: g_absmax=0.1233 g_meanabs=3.393e-06
2026-08-26 12:07:03,303 [INFO] step 798: g_absmax=0.1191 g_meanabs=4.11e-06
2026-08-26 12:07:08,111 [INFO] step 799: g_absmax=0.0912 g_meanabs=4.8e-06
2026-08-26 12:07:08,131 [INFO] coordinator RSS=2.94GB GPU=1058MB (step 800)
2026-08-26 12:07:12,848 [INFO] step 800: g_absmax=0.1325 g_meanabs=5.064e-06
2026-08-26 12:07:17,794 [INFO] step 801: g_absmax=0.1228 g_meanabs=3.941e-06
2026-08-26 12:07:17,809 [INFO] Step 802: loss=0.0001 loss_ce=n/a time=4934.8ms mem=2606MB
2026-08-26 12:07:22,647 [INFO] step 802: g_absmax=0.1126 g_meanabs=3.629e-06
2026-08-26 12:07:27,439 [INFO] step 803: g_absmax=0.1427 g_meanabs=5.627e-06
2026-08-26 12:07:32,312 [INFO] step 804: g_absmax=0.0932 g_meanabs=4.46e-06
2026-08-26 12:07:37,142 [INFO] step 805: g_absmax=0.1317 g_meanabs=4.532e-06
2026-08-26 12:07:41,984 [INFO] step 806: g_absmax=0.1558 g_meanabs=7.44e-06
2026-08-26 12:07:46,680 [INFO] step 807: g_absmax=0.1595 g_meanabs=4.305e-06
2026-08-26 12:07:51,461 [INFO] step 808: g_absmax=0.1326 g_meanabs=3.219e-06
2026-08-26 12:07:56,257 [INFO] step 809: g_absmax=0.1144 g_meanabs=5.057e-06
2026-08-26 12:08:01,125 [INFO] step 810: g_absmax=0.1055 g_meanabs=5.07e-06
2026-08-26 12:08:05,875 [INFO] step 811: g_absmax=0.1122 g_meanabs=4.788e-06
2026-08-26 12:08:05,889 [INFO] Step 812: loss=0.0001 loss_ce=n/a time=4731.9ms mem=2606MB
2026-08-26 12:08:10,652 [INFO] step 812: g_absmax=0.1238 g_meanabs=5.721e-06
2026-08-26 12:08:15,462 [INFO] step 813: g_absmax=0.1266 g_meanabs=6.418e-06
2026-08-26 12:08:20,250 [INFO] step 814: g_absmax=0.1256 g_meanabs=6.007e-06
2026-08-26 12:08:25,111 [INFO] step 815: g_absmax=0.1111 g_meanabs=2.998e-06
2026-08-26 12:08:29,969 [INFO] step 816: g_absmax=0.1224 g_meanabs=6.78e-06
2026-08-26 12:08:34,738 [INFO] step 817: g_absmax=0.1179 g_meanabs=3.531e-06
2026-08-26 12:08:39,646 [INFO] step 818: g_absmax=0.1126 g_meanabs=5.345e-06
2026-08-26 12:08:44,385 [INFO] step 819: g_absmax=0.1322 g_meanabs=3.566e-06
2026-08-26 12:08:49,220 [INFO] step 820: g_absmax=0.0773 g_meanabs=3.069e-06
2026-08-26 12:08:53,969 [INFO] step 821: g_absmax=0.1013 g_meanabs=3.335e-06
2026-08-26 12:08:53,985 [INFO] Step 822: loss=0.0001 loss_ce=n/a time=4729.9ms mem=2606MB
2026-08-26 12:08:59,012 [INFO] step 822: g_absmax=0.1255 g_meanabs=3.016e-06
2026-08-26 12:09:04,049 [INFO] step 823: g_absmax=0.1308 g_meanabs=6.229e-06
2026-08-26 12:09:08,809 [INFO] step 824: g_absmax=0.1284 g_meanabs=4.327e-06
2026-08-26 12:09:13,533 [INFO] step 825: g_absmax=0.0979 g_meanabs=6.898e-06
2026-08-26 12:09:18,461 [INFO] step 826: g_absmax=0.1455 g_meanabs=6.295e-06
2026-08-26 12:09:23,547 [INFO] step 827: g_absmax=0.126 g_meanabs=3.208e-06
2026-08-26 12:09:28,576 [INFO] step 828: g_absmax=0.127 g_meanabs=4.703e-06
2026-08-26 12:09:33,659 [INFO] step 829: g_absmax=0.0762 g_meanabs=3.944e-06
2026-08-26 12:09:38,685 [INFO] step 830: g_absmax=0.1206 g_meanabs=8.3e-06
2026-08-26 12:09:43,620 [INFO] step 831: g_absmax=0.1318 g_meanabs=4.668e-06
2026-08-26 12:09:43,637 [INFO] Step 832: loss=0.0002 loss_ce=n/a time=4927.8ms mem=2606MB
2026-08-26 12:09:48,387 [INFO] step 832: g_absmax=0.1062 g_meanabs=3.578e-06
2026-08-26 12:09:53,262 [INFO] step 833: g_absmax=0.1224 g_meanabs=8.227e-06
2026-08-26 12:09:58,046 [INFO] step 834: g_absmax=0.1255 g_meanabs=4.797e-06
2026-08-26 12:10:02,853 [INFO] step 835: g_absmax=0.1151 g_meanabs=2.926e-06
2026-08-26 12:10:07,733 [INFO] step 836: g_absmax=0.1012 g_meanabs=4.673e-06
2026-08-26 12:10:12,637 [INFO] step 837: g_absmax=0.1276 g_meanabs=6.787e-06
2026-08-26 12:10:17,389 [INFO] step 838: g_absmax=0.1306 g_meanabs=5.384e-06
2026-08-26 12:10:22,150 [INFO] step 839: g_absmax=0.0904 g_meanabs=5.978e-06
2026-08-26 12:10:26,938 [INFO] step 840: g_absmax=0.13 g_meanabs=3.221e-06
2026-08-26 12:10:31,752 [INFO] step 841: g_absmax=0.1009 g_meanabs=5.486e-06
2026-08-26 12:10:31,771 [INFO] Step 842: loss=0.0002 loss_ce=n/a time=4796.4ms mem=2606MB
2026-08-26 12:10:36,616 [INFO] step 842: g_absmax=0.1002 g_meanabs=4.545e-06
2026-08-26 12:10:41,361 [INFO] step 843: g_absmax=0.0857 g_meanabs=4.772e-06
2026-08-26 12:10:46,213 [INFO] step 844: g_absmax=0.1437 g_meanabs=5.441e-06
2026-08-26 12:10:51,048 [INFO] step 845: g_absmax=0.1075 g_meanabs=4.901e-06
2026-08-26 12:10:55,696 [INFO] step 846: g_absmax=0.0623 g_meanabs=3.651e-06
2026-08-26 12:11:00,439 [INFO] step 847: g_absmax=0.1236 g_meanabs=6.824e-06
2026-08-26 12:11:05,265 [INFO] step 848: g_absmax=0.0999 g_meanabs=4.893e-06
2026-08-26 12:11:10,167 [INFO] step 849: g_absmax=0.1356 g_meanabs=7.47e-06
2026-08-26 12:11:10,192 [INFO] coordinator RSS=2.94GB GPU=1058MB (step 850)
2026-08-26 12:11:14,858 [INFO] step 850: g_absmax=0.0962 g_meanabs=8.734e-06
2026-08-26 12:11:19,557 [INFO] step 851: g_absmax=0.0799 g_meanabs=7.979e-06
2026-08-26 12:11:19,572 [INFO] Step 852: loss=0.0002 loss_ce=n/a time=4685.5ms mem=2606MB
2026-08-26 12:11:24,498 [INFO] step 852: g_absmax=0.1225 g_meanabs=2.934e-06
2026-08-26 12:11:29,351 [INFO] step 853: g_absmax=0.1213 g_meanabs=4.738e-06
2026-08-26 12:11:34,174 [INFO] step 854: g_absmax=0.0834 g_meanabs=2.913e-06
2026-08-26 12:11:39,006 [INFO] step 855: g_absmax=0.1033 g_meanabs=8.646e-06
2026-08-26 12:11:44,197 [INFO] step 856: g_absmax=0.1217 g_meanabs=3.468e-06
2026-08-26 12:11:49,064 [INFO] step 857: g_absmax=0.1079 g_meanabs=4.537e-06
2026-08-26 12:11:53,775 [INFO] step 858: g_absmax=0.1334 g_meanabs=7.095e-06
2026-08-26 12:11:58,503 [INFO] step 859: g_absmax=0.1067 g_meanabs=5.501e-06
2026-08-26 12:12:03,458 [INFO] step 860: g_absmax=0.1278 g_meanabs=3.163e-06
2026-08-26 12:12:08,360 [INFO] step 861: g_absmax=0.1207 g_meanabs=8.418e-06
2026-08-26 12:12:08,376 [INFO] Step 862: loss=0.0002 loss_ce=n/a time=4894.0ms mem=2606MB
2026-08-26 12:12:13,235 [INFO] step 862: g_absmax=0.137 g_meanabs=5.83e-06
2026-08-26 12:12:18,170 [INFO] step 863: g_absmax=0.1171 g_meanabs=5.315e-06
2026-08-26 12:12:22,980 [INFO] step 864: g_absmax=0.1086 g_meanabs=5.382e-06
2026-08-26 12:12:27,819 [INFO] step 865: g_absmax=0.1243 g_meanabs=3.861e-06
2026-08-26 12:12:32,646 [INFO] step 866: g_absmax=0.1501 g_meanabs=4.503e-06
2026-08-26 12:12:37,681 [INFO] step 867: g_absmax=0.1232 g_meanabs=4.902e-06
2026-08-26 12:12:42,503 [INFO] step 868: g_absmax=0.1114 g_meanabs=4.235e-06
2026-08-26 12:12:47,257 [INFO] step 869: g_absmax=0.1371 g_meanabs=6.774e-06
2026-08-26 12:12:52,069 [INFO] step 870: g_absmax=0.0989 g_meanabs=6.091e-06
2026-08-26 12:12:57,020 [INFO] step 871: g_absmax=0.0965 g_meanabs=3.331e-06
2026-08-26 12:12:57,036 [INFO] Step 872: loss=0.0001 loss_ce=n/a time=4930.8ms mem=2606MB
2026-08-26 12:13:01,777 [INFO] step 872: g_absmax=0.1146 g_meanabs=3.658e-06
2026-08-26 12:13:06,540 [INFO] step 873: g_absmax=0.1244 g_meanabs=3.055e-06
2026-08-26 12:13:11,354 [INFO] step 874: g_absmax=0.1053 g_meanabs=5.808e-06
2026-08-26 12:13:16,101 [INFO] step 875: g_absmax=0.0976 g_meanabs=5.169e-06
2026-08-26 12:13:21,058 [INFO] step 876: g_absmax=0.1211 g_meanabs=4.355e-06
2026-08-26 12:13:25,861 [INFO] step 877: g_absmax=0.1217 g_meanabs=6.955e-06
2026-08-26 12:13:30,529 [INFO] step 878: g_absmax=0.1207 g_meanabs=6.379e-06
2026-08-26 12:13:35,309 [INFO] step 879: g_absmax=0.1159 g_meanabs=5.53e-06
2026-08-26 12:13:40,299 [INFO] step 880: g_absmax=0.1324 g_meanabs=6.596e-06
2026-08-26 12:13:45,097 [INFO] step 881: g_absmax=0.1284 g_meanabs=3.018e-06
2026-08-26 12:13:45,113 [INFO] Step 882: loss=0.0001 loss_ce=n/a time=4778.9ms mem=2606MB
2026-08-26 12:13:49,764 [INFO] step 882: g_absmax=0.1325 g_meanabs=5.522e-06
2026-08-26 12:13:54,571 [INFO] step 883: g_absmax=0.1196 g_meanabs=7.421e-06
2026-08-26 12:13:59,562 [INFO] step 884: g_absmax=0.0953 g_meanabs=2.879e-06
2026-08-26 12:14:04,569 [INFO] step 885: g_absmax=0.1159 g_meanabs=3.156e-06
2026-08-26 12:14:09,556 [INFO] step 886: g_absmax=0.112 g_meanabs=3.944e-06
2026-08-26 12:14:14,533 [INFO] step 887: g_absmax=0.1062 g_meanabs=6.947e-06
2026-08-26 12:14:19,533 [INFO] step 888: g_absmax=0.1339 g_meanabs=4.076e-06
2026-08-26 12:14:24,617 [INFO] step 889: g_absmax=0.0919 g_meanabs=3.006e-06
2026-08-26 12:14:29,669 [INFO] step 890: g_absmax=0.1067 g_meanabs=4.761e-06
2026-08-26 12:14:34,638 [INFO] step 891: g_absmax=0.1105 g_meanabs=4.134e-06
2026-08-26 12:14:34,647 [INFO] Step 892: loss=0.0001 loss_ce=n/a time=4952.2ms mem=2606MB
2026-08-26 12:14:39,706 [INFO] step 892: g_absmax=0.1297 g_meanabs=3.488e-06
2026-08-26 12:14:44,863 [INFO] step 893: g_absmax=0.1685 g_meanabs=3.246e-06
2026-08-26 12:14:49,681 [INFO] step 894: g_absmax=0.1519 g_meanabs=5.226e-06
2026-08-26 12:14:54,390 [INFO] step 895: g_absmax=0.1248 g_meanabs=5.064e-06
2026-08-26 12:14:59,196 [INFO] step 896: g_absmax=0.1095 g_meanabs=6.818e-06
2026-08-26 12:15:04,040 [INFO] step 897: g_absmax=0.0898 g_meanabs=6.319e-06
2026-08-26 12:15:08,826 [INFO] step 898: g_absmax=0.102 g_meanabs=4.428e-06
2026-08-26 12:15:13,656 [INFO] step 899: g_absmax=0.1158 g_meanabs=3.543e-06
2026-08-26 12:15:13,664 [INFO] coordinator RSS=2.94GB GPU=1058MB (step 900)
2026-08-26 12:15:18,615 [INFO] step 900: g_absmax=0.1772 g_meanabs=6.837e-06
2026-08-26 12:15:23,368 [INFO] step 901: g_absmax=0.0797 g_meanabs=5.027e-06
2026-08-26 12:15:23,387 [INFO] Step 902: loss=0.0002 loss_ce=n/a time=4735.0ms mem=2606MB
2026-08-26 12:15:28,229 [INFO] step 902: g_absmax=0.1412 g_meanabs=4.929e-06
2026-08-26 12:15:32,944 [INFO] step 903: g_absmax=0.0911 g_meanabs=2.969e-06
2026-08-26 12:15:37,899 [INFO] step 904: g_absmax=0.1096 g_meanabs=3.099e-06
2026-08-26 12:15:42,728 [INFO] step 905: g_absmax=0.1092 g_meanabs=6.183e-06
2026-08-26 12:15:47,634 [INFO] step 906: g_absmax=0.1167 g_meanabs=6.77e-06
2026-08-26 12:15:52,411 [INFO] step 907: g_absmax=0.0999 g_meanabs=7.947e-06
2026-08-26 12:15:57,273 [INFO] step 908: g_absmax=0.1269 g_meanabs=5.136e-06
2026-08-26 12:16:02,095 [INFO] step 909: g_absmax=0.1131 g_meanabs=6.54e-06
2026-08-26 12:16:06,877 [INFO] step 910: g_absmax=0.1213 g_meanabs=5.165e-06
2026-08-26 12:16:11,611 [INFO] step 911: g_absmax=0.1279 g_meanabs=5.656e-06
2026-08-26 12:16:11,628 [INFO] Step 912: loss=0.0002 loss_ce=n/a time=4714.6ms mem=2606MB
2026-08-26 12:16:16,345 [INFO] step 912: g_absmax=0.1078 g_meanabs=5.876e-06
2026-08-26 12:16:20,976 [INFO] step 913: g_absmax=0.1218 g_meanabs=6.875e-06
2026-08-26 12:16:25,759 [INFO] step 914: g_absmax=0.1096 g_meanabs=2.989e-06
2026-08-26 12:16:26,267 [INFO] Last checkpoint saved → /root/CipherForge/final-test-data/three-party-rms-pir_20260826-105122/checkpoints/last_checkpoint.pt (epoch=4)
2026-08-26 12:18:14,260 [INFO] Epoch 4: train_loss_proxy=0.0002 | val_ce_loss=1.4921 | val_micro_F1=0.5970 (P=0.5970 R=0.5970 Acc=0.5970) | val_macro_F1=0.4228 | val_weighted_F1=0.5697 | n_samples=134
2026-08-26 12:18:14,704 [INFO] Last checkpoint saved → /root/CipherForge/final-test-data/three-party-rms-pir_20260826-105122/checkpoints/last_checkpoint.pt (epoch=4)
2026-08-26 12:18:15,102 [INFO] Checkpoint saved → /root/CipherForge/final-test-data/three-party-rms-pir_20260826-105122/checkpoints/checkpoint_epoch_004.pt
2026-08-26 12:18:15,102 [INFO] No improvement for 2 epochs
2026-08-26 12:18:19,782 [INFO] step 915: g_absmax=0.0997 g_meanabs=6.646e-06
2026-08-26 12:18:24,628 [INFO] step 916: g_absmax=0.1081 g_meanabs=4.177e-06
2026-08-26 12:18:29,451 [INFO] step 917: g_absmax=0.1781 g_meanabs=4.234e-06
2026-08-26 12:18:34,171 [INFO] step 918: g_absmax=0.1403 g_meanabs=7.231e-06
2026-08-26 12:18:39,008 [INFO] step 919: g_absmax=0.1189 g_meanabs=4.349e-06
2026-08-26 12:18:43,744 [INFO] step 920: g_absmax=0.1785 g_meanabs=6.094e-06
2026-08-26 12:18:48,626 [INFO] step 921: g_absmax=0.1027 g_meanabs=4.743e-06
2026-08-26 12:18:53,515 [INFO] step 922: g_absmax=0.0999 g_meanabs=5.824e-06
2026-08-26 12:18:58,551 [INFO] step 923: g_absmax=0.124 g_meanabs=3.119e-06
2026-08-26 12:19:03,647 [INFO] step 924: g_absmax=0.1427 g_meanabs=5.937e-06
2026-08-26 12:19:03,664 [INFO] Step 925: loss=0.0002 loss_ce=n/a time=5076.8ms mem=2606MB
2026-08-26 12:19:08,488 [INFO] step 925: g_absmax=0.1339 g_meanabs=5.043e-06
2026-08-26 12:19:13,316 [INFO] step 926: g_absmax=0.139 g_meanabs=5.15e-06
2026-08-26 12:19:18,379 [INFO] step 927: g_absmax=0.1172 g_meanabs=7.784e-06
2026-08-26 12:19:23,375 [INFO] step 928: g_absmax=0.1389 g_meanabs=6.52e-06
2026-08-26 12:19:28,241 [INFO] step 929: g_absmax=0.1081 g_meanabs=4.683e-06
2026-08-26 12:19:33,113 [INFO] step 930: g_absmax=0.1179 g_meanabs=4.545e-06
2026-08-26 12:19:38,022 [INFO] step 931: g_absmax=0.1533 g_meanabs=4.849e-06
2026-08-26 12:19:43,013 [INFO] step 932: g_absmax=0.1359 g_meanabs=6.857e-06
2026-08-26 12:19:47,817 [INFO] step 933: g_absmax=0.1331 g_meanabs=6.241e-06
2026-08-26 12:19:52,657 [INFO] step 934: g_absmax=0.1237 g_meanabs=5.509e-06
2026-08-26 12:19:52,673 [INFO] Step 935: loss=0.0002 loss_ce=n/a time=4821.7ms mem=2606MB
2026-08-26 12:19:57,491 [INFO] step 935: g_absmax=0.1556 g_meanabs=3.909e-06
2026-08-26 12:20:02,510 [INFO] step 936: g_absmax=0.1212 g_meanabs=5.417e-06
2026-08-26 12:20:07,426 [INFO] step 937: g_absmax=0.1447 g_meanabs=5.727e-06
2026-08-26 12:20:12,233 [INFO] step 938: g_absmax=0.1106 g_meanabs=3.048e-06
2026-08-26 12:20:16,980 [INFO] step 939: g_absmax=0.1192 g_meanabs=5.287e-06
2026-08-26 12:20:21,828 [INFO] step 940: g_absmax=0.1093 g_meanabs=2.911e-06
2026-08-26 12:20:26,615 [INFO] step 941: g_absmax=0.1149 g_meanabs=6.388e-06
2026-08-26 12:20:31,455 [INFO] step 942: g_absmax=0.1128 g_meanabs=5.153e-06
2026-08-26 12:20:36,060 [INFO] step 943: g_absmax=0.0979 g_meanabs=5.884e-06
2026-08-26 12:20:40,805 [INFO] step 944: g_absmax=0.1196 g_meanabs=4.29e-06
2026-08-26 12:20:40,808 [INFO] Step 945: loss=0.0001 loss_ce=n/a time=4740.3ms mem=2606MB
2026-08-26 12:20:45,794 [INFO] step 945: g_absmax=0.0878 g_meanabs=5.267e-06
2026-08-26 12:20:50,509 [INFO] step 946: g_absmax=0.1459 g_meanabs=5.222e-06
2026-08-26 12:20:55,242 [INFO] step 947: g_absmax=0.1038 g_meanabs=5.305e-06
2026-08-26 12:21:00,064 [INFO] step 948: g_absmax=0.0933 g_meanabs=2.916e-06
2026-08-26 12:21:04,886 [INFO] step 949: g_absmax=0.1261 g_meanabs=6.271e-06
2026-08-26 12:21:04,894 [INFO] coordinator RSS=2.94GB GPU=1058MB (step 950)
2026-08-26 12:21:09,554 [INFO] step 950: g_absmax=0.097 g_meanabs=5.28e-06
2026-08-26 12:21:14,240 [INFO] step 951: g_absmax=0.1068 g_meanabs=4.97e-06
2026-08-26 12:21:18,900 [INFO] step 952: g_absmax=0.135 g_meanabs=4.638e-06
2026-08-26 12:21:23,820 [INFO] step 953: g_absmax=0.0867 g_meanabs=2.818e-06
2026-08-26 12:21:28,495 [INFO] step 954: g_absmax=0.138 g_meanabs=3.844e-06
2026-08-26 12:21:28,498 [INFO] Step 955: loss=0.0001 loss_ce=n/a time=4671.2ms mem=2606MB
2026-08-26 12:21:33,430 [INFO] step 955: g_absmax=0.1382 g_meanabs=3.966e-06
2026-08-26 12:21:38,277 [INFO] step 956: g_absmax=0.1087 g_meanabs=4.801e-06
2026-08-26 12:21:43,172 [INFO] step 957: g_absmax=0.1185 g_meanabs=6.811e-06
2026-08-26 12:21:47,932 [INFO] step 958: g_absmax=0.1136 g_meanabs=8.336e-06
2026-08-26 12:21:52,563 [INFO] step 959: g_absmax=0.141 g_meanabs=5.254e-06
2026-08-26 12:21:57,396 [INFO] step 960: g_absmax=0.1182 g_meanabs=4.272e-06
2026-08-26 12:22:02,387 [INFO] step 961: g_absmax=0.1583 g_meanabs=5.586e-06
2026-08-26 12:22:07,102 [INFO] step 962: g_absmax=0.1443 g_meanabs=3.551e-06
2026-08-26 12:22:11,821 [INFO] step 963: g_absmax=0.1075 g_meanabs=5.161e-06
2026-08-26 12:22:16,387 [INFO] step 964: g_absmax=0.107 g_meanabs=6.569e-06
2026-08-26 12:22:16,389 [INFO] Step 965: loss=0.0002 loss_ce=n/a time=4560.8ms mem=2606MB
2026-08-26 12:22:21,084 [INFO] step 965: g_absmax=0.1138 g_meanabs=4.362e-06
2026-08-26 12:22:25,762 [INFO] step 966: g_absmax=0.1227 g_meanabs=5.003e-06
2026-08-26 12:22:30,546 [INFO] step 967: g_absmax=0.0961 g_meanabs=7.35e-06
2026-08-26 12:22:35,427 [INFO] step 968: g_absmax=0.1268 g_meanabs=2.927e-06
2026-08-26 12:22:40,246 [INFO] step 969: g_absmax=0.1111 g_meanabs=4.711e-06
2026-08-26 12:22:44,795 [INFO] step 970: g_absmax=0.1373 g_meanabs=3.109e-06
2026-08-26 12:22:49,544 [INFO] step 971: g_absmax=0.0987 g_meanabs=4.643e-06
2026-08-26 12:22:54,305 [INFO] step 972: g_absmax=0.1378 g_meanabs=5.14e-06
2026-08-26 12:22:59,082 [INFO] step 973: g_absmax=0.114 g_meanabs=6.596e-06
2026-08-26 12:23:03,786 [INFO] step 974: g_absmax=0.1239 g_meanabs=5.58e-06
2026-08-26 12:23:03,789 [INFO] Step 975: loss=0.0002 loss_ce=n/a time=4699.1ms mem=2606MB
2026-08-26 12:23:08,460 [INFO] step 975: g_absmax=0.181 g_meanabs=5.178e-06
2026-08-26 12:23:13,207 [INFO] step 976: g_absmax=0.1148 g_meanabs=3.754e-06
2026-08-26 12:23:17,869 [INFO] step 977: g_absmax=0.1149 g_meanabs=4.99e-06
2026-08-26 12:23:22,556 [INFO] step 978: g_absmax=0.1589 g_meanabs=7.649e-06
2026-08-26 12:23:27,142 [INFO] step 979: g_absmax=0.1199 g_meanabs=4.65e-06
2026-08-26 12:23:32,017 [INFO] step 980: g_absmax=0.1306 g_meanabs=7.191e-06
2026-08-26 12:23:36,743 [INFO] step 981: g_absmax=0.1027 g_meanabs=3.122e-06
2026-08-26 12:23:41,353 [INFO] step 982: g_absmax=0.1115 g_meanabs=6.885e-06
2026-08-26 12:23:46,012 [INFO] step 983: g_absmax=0.1306 g_meanabs=5.217e-06
2026-08-26 12:23:50,806 [INFO] step 984: g_absmax=0.0918 g_meanabs=2.867e-06
2026-08-26 12:23:50,809 [INFO] Step 985: loss=0.0001 loss_ce=n/a time=4790.5ms mem=2606MB
2026-08-26 12:23:55,574 [INFO] step 985: g_absmax=0.1086 g_meanabs=6.085e-06
2026-08-26 12:24:00,526 [INFO] step 986: g_absmax=0.1219 g_meanabs=6.029e-06
2026-08-26 12:24:05,507 [INFO] step 987: g_absmax=0.1559 g_meanabs=5.248e-06
2026-08-26 12:24:10,465 [INFO] step 988: g_absmax=0.1203 g_meanabs=2.922e-06
2026-08-26 12:24:15,043 [INFO] step 989: g_absmax=0.1557 g_meanabs=7.113e-06
2026-08-26 12:24:19,872 [INFO] step 990: g_absmax=0.1382 g_meanabs=3.66e-06
2026-08-26 12:24:24,861 [INFO] step 991: g_absmax=0.1016 g_meanabs=3.241e-06
2026-08-26 12:24:29,538 [INFO] step 992: g_absmax=0.1415 g_meanabs=3.931e-06
2026-08-26 12:24:34,180 [INFO] step 993: g_absmax=0.1008 g_meanabs=6.557e-06
2026-08-26 12:24:39,050 [INFO] step 994: g_absmax=0.1229 g_meanabs=7.901e-06
2026-08-26 12:24:39,053 [INFO] Step 995: loss=0.0002 loss_ce=n/a time=4867.8ms mem=2606MB
2026-08-26 12:24:43,883 [INFO] step 995: g_absmax=0.1106 g_meanabs=6.033e-06
2026-08-26 12:24:48,552 [INFO] step 996: g_absmax=0.1376 g_meanabs=4.272e-06
2026-08-26 12:24:53,169 [INFO] step 997: g_absmax=0.0984 g_meanabs=6.429e-06
2026-08-26 12:24:57,878 [INFO] step 998: g_absmax=0.1265 g_meanabs=4.647e-06
2026-08-26 12:25:02,735 [INFO] step 999: g_absmax=0.1291 g_meanabs=4.39e-06
2026-08-26 12:25:02,741 [INFO] coordinator RSS=2.94GB GPU=1058MB (step 1000)
2026-08-26 12:25:07,422 [INFO] step 1000: g_absmax=0.1328 g_meanabs=4.871e-06
2026-08-26 12:25:12,136 [INFO] step 1001: g_absmax=0.1271 g_meanabs=3.167e-06
2026-08-26 12:25:16,687 [INFO] step 1002: g_absmax=0.1174 g_meanabs=6.061e-06
2026-08-26 12:25:21,489 [INFO] step 1003: g_absmax=0.1057 g_meanabs=2.891e-06
2026-08-26 12:25:26,461 [INFO] step 1004: g_absmax=0.1367 g_meanabs=4.27e-06
2026-08-26 12:25:26,464 [INFO] Step 1005: loss=0.0001 loss_ce=n/a time=4969.8ms mem=2606MB
2026-08-26 12:25:31,140 [INFO] step 1005: g_absmax=0.1008 g_meanabs=5.899e-06
2026-08-26 12:25:35,701 [INFO] step 1006: g_absmax=0.1224 g_meanabs=3.079e-06
2026-08-26 12:25:40,475 [INFO] step 1007: g_absmax=0.1147 g_meanabs=5.624e-06
2026-08-26 12:25:45,307 [INFO] step 1008: g_absmax=0.101 g_meanabs=6.205e-06
2026-08-26 12:25:49,918 [INFO] step 1009: g_absmax=0.0812 g_meanabs=4.115e-06
2026-08-26 12:25:54,579 [INFO] step 1010: g_absmax=0.1419 g_meanabs=4.32e-06
2026-08-26 12:25:59,485 [INFO] step 1011: g_absmax=0.133 g_meanabs=4.928e-06
2026-08-26 12:26:04,425 [INFO] step 1012: g_absmax=0.1245 g_meanabs=7.015e-06
2026-08-26 12:26:09,236 [INFO] step 1013: g_absmax=0.1276 g_meanabs=5.139e-06
2026-08-26 12:26:13,892 [INFO] step 1014: g_absmax=0.1208 g_meanabs=3.838e-06
2026-08-26 12:26:13,895 [INFO] Step 1015: loss=0.0001 loss_ce=n/a time=4650.9ms mem=2606MB
2026-08-26 12:26:18,593 [INFO] step 1015: g_absmax=0.1204 g_meanabs=5.032e-06
2026-08-26 12:26:23,399 [INFO] step 1016: g_absmax=0.1226 g_meanabs=4.426e-06
2026-08-26 12:26:28,296 [INFO] step 1017: g_absmax=0.1166 g_meanabs=4.533e-06
2026-08-26 12:26:33,109 [INFO] step 1018: g_absmax=0.1114 g_meanabs=3.024e-06
2026-08-26 12:26:37,827 [INFO] step 1019: g_absmax=0.1364 g_meanabs=4.422e-06
2026-08-26 12:26:42,746 [INFO] step 1020: g_absmax=0.1266 g_meanabs=3.888e-06
2026-08-26 12:26:47,659 [INFO] step 1021: g_absmax=0.1235 g_meanabs=3.285e-06
2026-08-26 12:26:52,535 [INFO] step 1022: g_absmax=0.1048 g_meanabs=4.837e-06
2026-08-26 12:26:57,282 [INFO] step 1023: g_absmax=0.1093 g_meanabs=7.435e-06
2026-08-26 12:27:02,189 [INFO] step 1024: g_absmax=0.125 g_meanabs=4.282e-06
2026-08-26 12:27:02,192 [INFO] Step 1025: loss=0.0001 loss_ce=n/a time=4901.4ms mem=2606MB
2026-08-26 12:27:07,022 [INFO] step 1025: g_absmax=0.1378 g_meanabs=3.766e-06
2026-08-26 12:27:11,690 [INFO] step 1026: g_absmax=0.1302 g_meanabs=2.989e-06
2026-08-26 12:27:16,408 [INFO] step 1027: g_absmax=0.1132 g_meanabs=6.615e-06
2026-08-26 12:27:21,105 [INFO] step 1028: g_absmax=0.1163 g_meanabs=6.566e-06
2026-08-26 12:27:25,786 [INFO] step 1029: g_absmax=0.1153 g_meanabs=4.147e-06
2026-08-26 12:27:30,561 [INFO] step 1030: g_absmax=0.1191 g_meanabs=7.269e-06
2026-08-26 12:27:35,261 [INFO] step 1031: g_absmax=0.1266 g_meanabs=7.674e-06
2026-08-26 12:27:40,004 [INFO] step 1032: g_absmax=0.0895 g_meanabs=3.301e-06
2026-08-26 12:27:44,745 [INFO] step 1033: g_absmax=0.1316 g_meanabs=2.97e-06
2026-08-26 12:27:49,508 [INFO] step 1034: g_absmax=0.0939 g_meanabs=5.964e-06
2026-08-26 12:27:49,510 [INFO] Step 1035: loss=0.0002 loss_ce=n/a time=4757.4ms mem=2606MB
2026-08-26 12:27:54,222 [INFO] step 1035: g_absmax=0.1402 g_meanabs=3.161e-06
2026-08-26 12:27:59,026 [INFO] step 1036: g_absmax=0.1176 g_meanabs=5.02e-06
2026-08-26 12:28:03,715 [INFO] step 1037: g_absmax=0.1209 g_meanabs=4.7e-06
2026-08-26 12:28:08,443 [INFO] step 1038: g_absmax=0.1252 g_meanabs=3.043e-06
2026-08-26 12:28:13,144 [INFO] step 1039: g_absmax=0.137 g_meanabs=3.376e-06
2026-08-26 12:28:17,850 [INFO] step 1040: g_absmax=0.0944 g_meanabs=5.058e-06
2026-08-26 12:28:22,446 [INFO] step 1041: g_absmax=0.107 g_meanabs=5.402e-06
2026-08-26 12:28:27,255 [INFO] step 1042: g_absmax=0.1305 g_meanabs=4.04e-06
2026-08-26 12:28:32,059 [INFO] step 1043: g_absmax=0.1016 g_meanabs=4.799e-06
2026-08-26 12:28:36,659 [INFO] step 1044: g_absmax=0.1442 g_meanabs=6.299e-06
2026-08-26 12:28:36,661 [INFO] Step 1045: loss=0.0002 loss_ce=n/a time=4596.2ms mem=2606MB
2026-08-26 12:28:41,411 [INFO] step 1045: g_absmax=0.1003 g_meanabs=4.061e-06
2026-08-26 12:28:45,996 [INFO] step 1046: g_absmax=0.1053 g_meanabs=3.001e-06
2026-08-26 12:28:50,682 [INFO] step 1047: g_absmax=0.1255 g_meanabs=5.588e-06
2026-08-26 12:28:55,382 [INFO] step 1048: g_absmax=0.1109 g_meanabs=3.637e-06
2026-08-26 12:29:00,350 [INFO] step 1049: g_absmax=0.0963 g_meanabs=5.989e-06
2026-08-26 12:29:00,353 [INFO] coordinator RSS=2.94GB GPU=1058MB (step 1050)
2026-08-26 12:29:05,361 [INFO] step 1050: g_absmax=0.116 g_meanabs=2.925e-06
2026-08-26 12:29:10,339 [INFO] step 1051: g_absmax=0.0982 g_meanabs=2.949e-06
2026-08-26 12:29:15,269 [INFO] step 1052: g_absmax=0.0657 g_meanabs=5.106e-06
2026-08-26 12:29:20,274 [INFO] step 1053: g_absmax=0.1498 g_meanabs=7.769e-06
2026-08-26 12:29:25,330 [INFO] step 1054: g_absmax=0.1197 g_meanabs=3.757e-06
2026-08-26 12:29:25,333 [INFO] Step 1055: loss=0.0001 loss_ce=n/a time=5051.1ms mem=2606MB
2026-08-26 12:29:30,337 [INFO] step 1055: g_absmax=0.0965 g_meanabs=2.968e-06
2026-08-26 12:29:35,232 [INFO] step 1056: g_absmax=0.1114 g_meanabs=4.73e-06
2026-08-26 12:29:40,105 [INFO] step 1057: g_absmax=0.0776 g_meanabs=3.311e-06
2026-08-26 12:29:44,838 [INFO] step 1058: g_absmax=0.096 g_meanabs=2.939e-06
2026-08-26 12:29:49,412 [INFO] step 1059: g_absmax=0.111 g_meanabs=5.1e-06
2026-08-26 12:29:54,246 [INFO] step 1060: g_absmax=0.1333 g_meanabs=4.274e-06
2026-08-26 12:29:59,098 [INFO] step 1061: g_absmax=0.0954 g_meanabs=2.901e-06
2026-08-26 12:30:03,924 [INFO] step 1062: g_absmax=0.1144 g_meanabs=4.965e-06
2026-08-26 12:30:08,738 [INFO] step 1063: g_absmax=0.0952 g_meanabs=4.539e-06
2026-08-26 12:30:13,327 [INFO] step 1064: g_absmax=0.1224 g_meanabs=4.59e-06
2026-08-26 12:30:13,329 [INFO] Step 1065: loss=0.0001 loss_ce=n/a time=4584.2ms mem=2606MB
2026-08-26 12:30:18,002 [INFO] step 1065: g_absmax=0.1236 g_meanabs=3.981e-06
2026-08-26 12:30:22,844 [INFO] step 1066: g_absmax=0.1429 g_meanabs=3.064e-06
2026-08-26 12:30:27,516 [INFO] step 1067: g_absmax=0.0995 g_meanabs=7.145e-06
2026-08-26 12:30:32,138 [INFO] step 1068: g_absmax=0.1146 g_meanabs=7.362e-06
2026-08-26 12:30:36,825 [INFO] step 1069: g_absmax=0.1236 g_meanabs=4.157e-06
2026-08-26 12:30:41,764 [INFO] step 1070: g_absmax=0.1394 g_meanabs=5.309e-06
2026-08-26 12:30:46,470 [INFO] step 1071: g_absmax=0.1128 g_meanabs=5.167e-06
2026-08-26 12:30:51,097 [INFO] step 1072: g_absmax=0.0988 g_meanabs=5.358e-06
2026-08-26 12:30:55,689 [INFO] step 1073: g_absmax=0.116 g_meanabs=4.243e-06
2026-08-26 12:31:00,470 [INFO] step 1074: g_absmax=0.1084 g_meanabs=5.24e-06
2026-08-26 12:31:00,473 [INFO] Step 1075: loss=0.0001 loss_ce=n/a time=4774.7ms mem=2606MB
2026-08-26 12:31:05,441 [INFO] step 1075: g_absmax=0.0986 g_meanabs=2.891e-06
2026-08-26 12:31:10,334 [INFO] step 1076: g_absmax=0.1273 g_meanabs=4.634e-06
2026-08-26 12:31:14,973 [INFO] step 1077: g_absmax=0.133 g_meanabs=5.322e-06
2026-08-26 12:31:19,732 [INFO] step 1078: g_absmax=0.1333 g_meanabs=7.732e-06
2026-08-26 12:31:24,637 [INFO] step 1079: g_absmax=0.1451 g_meanabs=3.15e-06
2026-08-26 12:31:29,541 [INFO] step 1080: g_absmax=0.1019 g_meanabs=5.66e-06
2026-08-26 12:31:34,297 [INFO] step 1081: g_absmax=0.1151 g_meanabs=4.557e-06
2026-08-26 12:31:39,079 [INFO] step 1082: g_absmax=0.1101 g_meanabs=5.241e-06
2026-08-26 12:31:44,189 [INFO] step 1083: g_absmax=0.1133 g_meanabs=4.678e-06
2026-08-26 12:31:49,125 [INFO] step 1084: g_absmax=0.1271 g_meanabs=5.77e-06
2026-08-26 12:31:49,129 [INFO] Step 1085: loss=0.0002 loss_ce=n/a time=4929.9ms mem=2606MB
2026-08-26 12:31:54,094 [INFO] step 1085: g_absmax=0.0997 g_meanabs=3.403e-06
2026-08-26 12:31:58,906 [INFO] step 1086: g_absmax=0.1227 g_meanabs=4.354e-06
2026-08-26 12:32:03,921 [INFO] step 1087: g_absmax=0.1719 g_meanabs=4.489e-06
2026-08-26 12:32:08,905 [INFO] step 1088: g_absmax=0.124 g_meanabs=7.455e-06
2026-08-26 12:32:13,693 [INFO] step 1089: g_absmax=0.134 g_meanabs=5.84e-06
2026-08-26 12:32:18,352 [INFO] step 1090: g_absmax=0.1208 g_meanabs=5.294e-06
2026-08-26 12:32:23,072 [INFO] step 1091: g_absmax=0.1128 g_meanabs=4.528e-06
2026-08-26 12:32:27,744 [INFO] step 1092: g_absmax=0.1077 g_meanabs=6.111e-06
2026-08-26 12:32:32,487 [INFO] step 1093: g_absmax=0.1059 g_meanabs=5.15e-06
2026-08-26 12:32:37,084 [INFO] step 1094: g_absmax=0.1191 g_meanabs=6.455e-06
2026-08-26 12:32:37,086 [INFO] Step 1095: loss=0.0002 loss_ce=n/a time=4591.1ms mem=2606MB
2026-08-26 12:32:41,772 [INFO] step 1095: g_absmax=0.1038 g_meanabs=5.032e-06
2026-08-26 12:32:46,533 [INFO] step 1096: g_absmax=0.1235 g_meanabs=5.066e-06
2026-08-26 12:32:51,133 [INFO] step 1097: g_absmax=0.1094 g_meanabs=5.314e-06
2026-08-26 12:32:51,611 [INFO] Last checkpoint saved → /root/CipherForge/final-test-data/three-party-rms-pir_20260826-105122/checkpoints/last_checkpoint.pt (epoch=5)
2026-08-26 12:34:39,312 [INFO] Epoch 5: train_loss_proxy=0.0002 | val_ce_loss=1.4840 | val_micro_F1=0.6045 (P=0.6045 R=0.6045 Acc=0.6045) | val_macro_F1=0.4291 | val_weighted_F1=0.5799 | n_samples=134
2026-08-26 12:34:39,812 [INFO] Last checkpoint saved → /root/CipherForge/final-test-data/three-party-rms-pir_20260826-105122/checkpoints/last_checkpoint.pt (epoch=5)
2026-08-26 12:34:40,262 [INFO] Checkpoint saved → /root/CipherForge/final-test-data/three-party-rms-pir_20260826-105122/checkpoints/checkpoint_epoch_005.pt
2026-08-26 12:34:40,263 [INFO] No improvement for 3 epochs
2026-08-26 12:34:40,263 [INFO] Metrics log → /root/CipherForge/final-test-data/three-party-rms-pir_20260826-105122/logs/training_metrics_20260826_123440.json
2026-08-26 12:34:40,263 [INFO] BioTriplex-QA reference (Table 5, supervised LLaMA 3.1 8B): P=0.65 R=0.62 F1=0.63 | Best epoch 3: P=0.6343 R=0.6343 F1=0.6343 | Macro_F1=0.4683 | Weighted_F1=0.6173 | CE_loss=1.2388
2026-08-26 12:34:40,264 [INFO] training complete: best_metric=1.1732161299115544 steps=1098
2026-08-26 12:34:42,562 [INFO] Building transient base model for adapter export ...
`torch_dtype` is deprecated! Use `dtype` instead!
Loading weights:   0%|          | 0/201 [00:00<?, ?it/s]Loading weights:   0%|          | 1/201 [00:00<00:00, 10538.45it/s, Materializing param=lm_head.weight]Loading weights:   0%|          | 1/201 [00:00<00:00, 6017.65it/s, Materializing param=lm_head.weight] Loading weights:   1%|          | 2/201 [00:00<00:00, 6533.18it/s, Materializing param=model.embed_tokens.weight]Loading weights:   1%|          | 2/201 [00:00<00:00, 5702.66it/s, Materializing param=model.embed_tokens.weight]Loading weights:   1%|▏         | 3/201 [00:00<00:00, 6757.74it/s, Materializing param=model.layers.0.input_layernorm.weight]Loading weights:   1%|▏         | 3/201 [00:00<00:00, 6114.15it/s, Materializing param=model.layers.0.input_layernorm.weight]Loading weights:   2%|▏         | 4/201 [00:00<00:00, 6932.73it/s, Materializing param=model.layers.0.mlp.down_proj.weight]  Loading weights:   2%|▏         | 4/201 [00:00<00:00, 6465.21it/s, Materializing param=model.layers.0.mlp.down_proj.weight]Loading weights:   2%|▏         | 5/201 [00:00<00:00, 6976.55it/s, Materializing param=model.layers.0.mlp.gate_proj.weight]Loading weights:   2%|▏         | 5/201 [00:00<00:00, 6572.08it/s, Materializing param=model.layers.0.mlp.gate_proj.weight]Loading weights:   3%|▎         | 6/201 [00:00<00:00, 7009.98it/s, Materializing param=model.layers.0.mlp.up_proj.weight]  Loading weights:   3%|▎         | 6/201 [00:00<00:00, 6659.39it/s, Materializing param=model.layers.0.mlp.up_proj.weight]Loading weights:   3%|▎         | 7/201 [00:00<00:00, 7022.27it/s, Materializing param=model.layers.0.post_attention_layernorm.weight]Loading weights:   3%|▎         | 7/201 [00:00<00:00, 6666.70it/s, Materializing param=model.layers.0.post_attention_layernorm.weight]Loading weights:   4%|▍         | 8/201 [00:00<00:00, 6978.88it/s, Materializing param=model.layers.0.self_attn.k_proj.weight]        Loading weights:   4%|▍         | 8/201 [00:00<00:00, 6731.08it/s, Materializing param=model.layers.0.self_attn.k_proj.weight]Loading weights:   4%|▍         | 9/201 [00:00<00:00, 7003.48it/s, Materializing param=model.layers.0.self_attn.o_proj.weight]Loading weights:   4%|▍         | 9/201 [00:00<00:00, 6780.80it/s, Materializing param=model.layers.0.self_attn.o_proj.weight]Loading weights:   5%|▍         | 10/201 [00:00<00:00, 7030.35it/s, Materializing param=model.layers.0.self_attn.q_proj.weight]Loading weights:   5%|▍         | 10/201 [00:00<00:00, 6828.89it/s, Materializing param=model.layers.0.self_attn.q_proj.weight]Loading weights:   5%|▌         | 11/201 [00:00<00:00, 7057.88it/s, Materializing param=model.layers.0.self_attn.v_proj.weight]Loading weights:   5%|▌         | 11/201 [00:00<00:00, 6873.86it/s, Materializing param=model.layers.0.self_attn.v_proj.weight]Loading weights:   6%|▌         | 12/201 [00:00<00:00, 7081.98it/s, Materializing param=model.layers.1.input_layernorm.weight] Loading weights:   6%|▌         | 12/201 [00:00<00:00, 6907.99it/s, Materializing param=model.layers.1.input_layernorm.weight]Loading weights:   6%|▋         | 13/201 [00:00<00:00, 7096.04it/s, Materializing param=model.layers.1.mlp.down_proj.weight]  Loading weights:   6%|▋         | 13/201 [00:00<00:00, 6935.38it/s, Materializing param=model.layers.1.mlp.down_proj.weight]Loading weights:   7%|▋         | 14/201 [00:00<00:00, 7102.11it/s, Materializing param=model.layers.1.mlp.gate_proj.weight]Loading weights:   7%|▋         | 14/201 [00:00<00:00, 6952.43it/s, Materializing param=model.layers.1.mlp.gate_proj.weight]Loading weights:   7%|▋         | 15/201 [00:00<00:00, 7112.20it/s, Materializing param=model.layers.1.mlp.up_proj.weight]  Loading weights:   7%|▋         | 15/201 [00:00<00:00, 6974.23it/s, Materializing param=model.layers.1.mlp.up_proj.weight]Loading weights:   8%|▊         | 16/201 [00:00<00:00, 7133.93it/s, Materializing param=model.layers.1.post_attention_layernorm.weight]Loading weights:   8%|▊         | 16/201 [00:00<00:00, 6999.26it/s, Materializing param=model.layers.1.post_attention_layernorm.weight]Loading weights:   8%|▊         | 17/201 [00:00<00:00, 7146.75it/s, Materializing param=model.layers.1.self_attn.k_proj.weight]        Loading weights:   8%|▊         | 17/201 [00:00<00:00, 7022.18it/s, Materializing param=model.layers.1.self_attn.k_proj.weight]Loading weights:   9%|▉         | 18/201 [00:00<00:00, 7158.19it/s, Materializing param=model.layers.1.self_attn.o_proj.weight]Loading weights:   9%|▉         | 18/201 [00:00<00:00, 7040.70it/s, Materializing param=model.layers.1.self_attn.o_proj.weight]Loading weights:   9%|▉         | 19/201 [00:00<00:00, 7167.82it/s, Materializing param=model.layers.1.self_attn.q_proj.weight]Loading weights:   9%|▉         | 19/201 [00:00<00:00, 7056.12it/s, Materializing param=model.layers.1.self_attn.q_proj.weight]Loading weights:  10%|▉         | 20/201 [00:00<00:00, 7181.41it/s, Materializing param=model.layers.1.self_attn.v_proj.weight]Loading weights:  10%|▉         | 20/201 [00:00<00:00, 7073.62it/s, Materializing param=model.layers.1.self_attn.v_proj.weight]Loading weights:  10%|█         | 21/201 [00:00<00:00, 7190.82it/s, Materializing param=model.layers.2.input_layernorm.weight] Loading weights:  10%|█         | 21/201 [00:00<00:00, 7085.54it/s, Materializing param=model.layers.2.input_layernorm.weight]Loading weights:  11%|█         | 22/201 [00:00<00:00, 7148.64it/s, Materializing param=model.layers.2.mlp.down_proj.weight]  Loading weights:  11%|█         | 22/201 [00:00<00:00, 7051.41it/s, Materializing param=model.layers.2.mlp.down_proj.weight]Loading weights:  11%|█▏        | 23/201 [00:00<00:00, 7158.05it/s, Materializing param=model.layers.2.mlp.gate_proj.weight]Loading weights:  11%|█▏        | 23/201 [00:00<00:00, 7065.26it/s, Materializing param=model.layers.2.mlp.gate_proj.weight]Loading weights:  12%|█▏        | 24/201 [00:00<00:00, 7168.73it/s, Materializing param=model.layers.2.mlp.up_proj.weight]  Loading weights:  12%|█▏        | 24/201 [00:00<00:00, 7080.99it/s, Materializing param=model.layers.2.mlp.up_proj.weight]Loading weights:  12%|█▏        | 25/201 [00:00<00:00, 7180.06it/s, Materializing param=model.layers.2.post_attention_layernorm.weight]Loading weights:  12%|█▏        | 25/201 [00:00<00:00, 7094.08it/s, Materializing param=model.layers.2.post_attention_layernorm.weight]Loading weights:  13%|█▎        | 26/201 [00:00<00:00, 7184.87it/s, Materializing param=model.layers.2.self_attn.k_proj.weight]        Loading weights:  13%|█▎        | 26/201 [00:00<00:00, 7102.51it/s, Materializing param=model.layers.2.self_attn.k_proj.weight]Loading weights:  13%|█▎        | 27/201 [00:00<00:00, 7190.24it/s, Materializing param=model.layers.2.self_attn.o_proj.weight]Loading weights:  13%|█▎        | 27/201 [00:00<00:00, 7109.44it/s, Materializing param=model.layers.2.self_attn.o_proj.weight]Loading weights:  14%|█▍        | 28/201 [00:00<00:00, 7194.35it/s, Materializing param=model.layers.2.self_attn.q_proj.weight]Loading weights:  14%|█▍        | 28/201 [00:00<00:00, 7115.88it/s, Materializing param=model.layers.2.self_attn.q_proj.weight]Loading weights:  14%|█▍        | 29/201 [00:00<00:00, 7196.47it/s, Materializing param=model.layers.2.self_attn.v_proj.weight]Loading weights:  14%|█▍        | 29/201 [00:00<00:00, 7118.14it/s, Materializing param=model.layers.2.self_attn.v_proj.weight]Loading weights:  15%|█▍        | 30/201 [00:00<00:00, 7194.35it/s, Materializing param=model.layers.3.input_layernorm.weight] Loading weights:  15%|█▍        | 30/201 [00:00<00:00, 7121.46it/s, Materializing param=model.layers.3.input_layernorm.weight]Loading weights:  15%|█▌        | 31/201 [00:00<00:00, 7200.32it/s, Materializing param=model.layers.3.mlp.down_proj.weight]  Loading weights:  15%|█▌        | 31/201 [00:00<00:00, 7130.04it/s, Materializing param=model.layers.3.mlp.down_proj.weight]Loading weights:  16%|█▌        | 32/201 [00:00<00:00, 7205.55it/s, Materializing param=model.layers.3.mlp.gate_proj.weight]Loading weights:  16%|█▌        | 32/201 [00:00<00:00, 7138.10it/s, Materializing param=model.layers.3.mlp.gate_proj.weight]Loading weights:  16%|█▋        | 33/201 [00:00<00:00, 7211.21it/s, Materializing param=model.layers.3.mlp.up_proj.weight]  Loading weights:  16%|█▋        | 33/201 [00:00<00:00, 7145.69it/s, Materializing param=model.layers.3.mlp.up_proj.weight]Loading weights:  17%|█▋        | 34/201 [00:00<00:00, 7219.84it/s, Materializing param=model.layers.3.post_attention_layernorm.weight]Loading weights:  17%|█▋        | 34/201 [00:00<00:00, 7153.92it/s, Materializing param=model.layers.3.post_attention_layernorm.weight]Loading weights:  17%|█▋        | 35/201 [00:00<00:00, 7222.31it/s, Materializing param=model.layers.3.self_attn.k_proj.weight]        Loading weights:  17%|█▋        | 35/201 [00:00<00:00, 7159.96it/s, Materializing param=model.layers.3.self_attn.k_proj.weight]Loading weights:  18%|█▊        | 36/201 [00:00<00:00, 7227.75it/s, Materializing param=model.layers.3.self_attn.o_proj.weight]Loading weights:  18%|█▊        | 36/201 [00:00<00:00, 7167.71it/s, Materializing param=model.layers.3.self_attn.o_proj.weight]Loading weights:  18%|█▊        | 37/201 [00:00<00:00, 6440.19it/s, Materializing param=model.layers.3.self_attn.q_proj.weight]Loading weights:  18%|█▊        | 37/201 [00:00<00:00, 6392.44it/s, Materializing param=model.layers.3.self_attn.q_proj.weight]Loading weights:  19%|█▉        | 38/201 [00:00<00:00, 6459.84it/s, Materializing param=model.layers.3.self_attn.v_proj.weight]Loading weights:  19%|█▉        | 38/201 [00:00<00:00, 6413.57it/s, Materializing param=model.layers.3.self_attn.v_proj.weight]Loading weights:  19%|█▉        | 39/201 [00:00<00:00, 6480.90it/s, Materializing param=model.layers.4.input_layernorm.weight] Loading weights:  19%|█▉        | 39/201 [00:00<00:00, 6436.02it/s, Materializing param=model.layers.4.input_layernorm.weight]Loading weights:  20%|█▉        | 40/201 [00:00<00:00, 6501.54it/s, Materializing param=model.layers.4.mlp.down_proj.weight]  Loading weights:  20%|█▉        | 40/201 [00:00<00:00, 6458.49it/s, Materializing param=model.layers.4.mlp.down_proj.weight]Loading weights:  20%|██        | 41/201 [00:00<00:00, 5655.12it/s, Materializing param=model.layers.4.mlp.gate_proj.weight]Loading weights:  20%|██        | 41/201 [00:00<00:00, 5621.66it/s, Materializing param=model.layers.4.mlp.gate_proj.weight]Loading weights:  21%|██        | 42/201 [00:00<00:00, 5685.17it/s, Materializing param=model.layers.4.mlp.up_proj.weight]  Loading weights:  21%|██        | 42/201 [00:00<00:00, 5652.88it/s, Materializing param=model.layers.4.mlp.up_proj.weight]Loading weights:  21%|██▏       | 43/201 [00:00<00:00, 5714.85it/s, Materializing param=model.layers.4.post_attention_layernorm.weight]Loading weights:  21%|██▏       | 43/201 [00:00<00:00, 5682.09it/s, Materializing param=model.layers.4.post_attention_layernorm.weight]Loading weights:  22%|██▏       | 44/201 [00:00<00:00, 5742.40it/s, Materializing param=model.layers.4.self_attn.k_proj.weight]        Loading weights:  22%|██▏       | 44/201 [00:00<00:00, 5710.95it/s, Materializing param=model.layers.4.self_attn.k_proj.weight]Loading weights:  22%|██▏       | 45/201 [00:00<00:00, 5768.45it/s, Materializing param=model.layers.4.self_attn.o_proj.weight]Loading weights:  22%|██▏       | 45/201 [00:00<00:00, 5736.89it/s, Materializing param=model.layers.4.self_attn.o_proj.weight]Loading weights:  23%|██▎       | 46/201 [00:00<00:00, 5795.15it/s, Materializing param=model.layers.4.self_attn.q_proj.weight]Loading weights:  23%|██▎       | 46/201 [00:00<00:00, 5764.33it/s, Materializing param=model.layers.4.self_attn.q_proj.weight]Loading weights:  23%|██▎       | 47/201 [00:00<00:00, 5819.58it/s, Materializing param=model.layers.4.self_attn.v_proj.weight]Loading weights:  23%|██▎       | 47/201 [00:00<00:00, 5789.83it/s, Materializing param=model.layers.4.self_attn.v_proj.weight]Loading weights:  24%|██▍       | 48/201 [00:00<00:00, 5722.43it/s, Materializing param=model.layers.5.input_layernorm.weight] Loading weights:  24%|██▍       | 48/201 [00:00<00:00, 5694.75it/s, Materializing param=model.layers.5.input_layernorm.weight]Loading weights:  24%|██▍       | 49/201 [00:00<00:00, 5367.48it/s, Materializing param=model.layers.5.mlp.down_proj.weight]  Loading weights:  24%|██▍       | 49/201 [00:00<00:00, 5342.51it/s, Materializing param=model.layers.5.mlp.down_proj.weight]Loading weights:  25%|██▍       | 50/201 [00:00<00:00, 5396.55it/s, Materializing param=model.layers.5.mlp.gate_proj.weight]Loading weights:  25%|██▍       | 50/201 [00:00<00:00, 5371.67it/s, Materializing param=model.layers.5.mlp.gate_proj.weight]Loading weights:  25%|██▌       | 51/201 [00:00<00:00, 5088.00it/s, Materializing param=model.layers.5.mlp.up_proj.weight]  Loading weights:  25%|██▌       | 51/201 [00:00<00:00, 5065.94it/s, Materializing param=model.layers.5.mlp.up_proj.weight]Loading weights:  26%|██▌       | 52/201 [00:00<00:00, 5001.00it/s, Materializing param=model.layers.5.post_attention_layernorm.weight]Loading weights:  26%|██▌       | 52/201 [00:00<00:00, 4979.54it/s, Materializing param=model.layers.5.post_attention_layernorm.weight]Loading weights:  26%|██▋       | 53/201 [00:00<00:00, 5028.00it/s, Materializing param=model.layers.5.self_attn.k_proj.weight]        Loading weights:  26%|██▋       | 53/201 [00:00<00:00, 5007.73it/s, Materializing param=model.layers.5.self_attn.k_proj.weight]Loading weights:  27%|██▋       | 54/201 [00:00<00:00, 5056.99it/s, Materializing param=model.layers.5.self_attn.o_proj.weight]Loading weights:  27%|██▋       | 54/201 [00:00<00:00, 5037.19it/s, Materializing param=model.layers.5.self_attn.o_proj.weight]Loading weights:  27%|██▋       | 55/201 [00:00<00:00, 5085.13it/s, Materializing param=model.layers.5.self_attn.q_proj.weight]Loading weights:  27%|██▋       | 55/201 [00:00<00:00, 5065.14it/s, Materializing param=model.layers.5.self_attn.q_proj.weight]Loading weights:  28%|██▊       | 56/201 [00:00<00:00, 5110.55it/s, Materializing param=model.layers.5.self_attn.v_proj.weight]Loading weights:  28%|██▊       | 56/201 [00:00<00:00, 5090.84it/s, Materializing param=model.layers.5.self_attn.v_proj.weight]Loading weights:  28%|██▊       | 57/201 [00:00<00:00, 5137.54it/s, Materializing param=model.layers.6.input_layernorm.weight] Loading weights:  28%|██▊       | 57/201 [00:00<00:00, 5118.18it/s, Materializing param=model.layers.6.input_layernorm.weight]Loading weights:  29%|██▉       | 58/201 [00:00<00:00, 5163.32it/s, Materializing param=model.layers.6.mlp.down_proj.weight]  Loading weights:  29%|██▉       | 58/201 [00:00<00:00, 5143.66it/s, Materializing param=model.layers.6.mlp.down_proj.weight]Loading weights:  29%|██▉       | 59/201 [00:00<00:00, 5189.12it/s, Materializing param=model.layers.6.mlp.gate_proj.weight]Loading weights:  29%|██▉       | 59/201 [00:00<00:00, 5170.15it/s, Materializing param=model.layers.6.mlp.gate_proj.weight]Loading weights:  30%|██▉       | 60/201 [00:00<00:00, 5046.18it/s, Materializing param=model.layers.6.mlp.up_proj.weight]  Loading weights:  30%|██▉       | 60/201 [00:00<00:00, 5028.34it/s, Materializing param=model.layers.6.mlp.up_proj.weight]Loading weights:  30%|███       | 61/201 [00:00<00:00, 5069.70it/s, Materializing param=model.layers.6.post_attention_layernorm.weight]Loading weights:  30%|███       | 61/201 [00:00<00:00, 5051.68it/s, Materializing param=model.layers.6.post_attention_layernorm.weight]Loading weights:  31%|███       | 62/201 [00:00<00:00, 4679.46it/s, Materializing param=model.layers.6.self_attn.k_proj.weight]        Loading weights:  31%|███       | 62/201 [00:00<00:00, 4663.76it/s, Materializing param=model.layers.6.self_attn.k_proj.weight]Loading weights:  31%|███▏      | 63/201 [00:00<00:00, 4703.98it/s, Materializing param=model.layers.6.self_attn.o_proj.weight]Loading weights:  31%|███▏      | 63/201 [00:00<00:00, 4689.53it/s, Materializing param=model.layers.6.self_attn.o_proj.weight]Loading weights:  32%|███▏      | 64/201 [00:00<00:00, 4729.64it/s, Materializing param=model.layers.6.self_attn.q_proj.weight]Loading weights:  32%|███▏      | 64/201 [00:00<00:00, 4714.94it/s, Materializing param=model.layers.6.self_attn.q_proj.weight]Loading weights:  32%|███▏      | 65/201 [00:00<00:00, 4754.78it/s, Materializing param=model.layers.6.self_attn.v_proj.weight]Loading weights:  32%|███▏      | 65/201 [00:00<00:00, 4740.32it/s, Materializing param=model.layers.6.self_attn.v_proj.weight]Loading weights:  33%|███▎      | 66/201 [00:00<00:00, 4759.13it/s, Materializing param=model.layers.7.input_layernorm.weight] Loading weights:  33%|███▎      | 66/201 [00:00<00:00, 4744.04it/s, Materializing param=model.layers.7.input_layernorm.weight]Loading weights:  33%|███▎      | 67/201 [00:00<00:00, 4787.86it/s, Materializing param=model.layers.7.mlp.down_proj.weight]  Loading weights:  33%|███▎      | 67/201 [00:00<00:00, 4773.87it/s, Materializing param=model.layers.7.mlp.down_proj.weight]Loading weights:  34%|███▍      | 68/201 [00:00<00:00, 4514.93it/s, Materializing param=model.layers.7.mlp.gate_proj.weight]Loading weights:  34%|███▍      | 68/201 [00:00<00:00, 4502.03it/s, Materializing param=model.layers.7.mlp.gate_proj.weight]Loading weights:  34%|███▍      | 69/201 [00:00<00:00, 4538.44it/s, Materializing param=model.layers.7.mlp.up_proj.weight]  Loading weights:  34%|███▍      | 69/201 [00:00<00:00, 4525.80it/s, Materializing param=model.layers.7.mlp.up_proj.weight]Loading weights:  35%|███▍      | 70/201 [00:00<00:00, 4543.50it/s, Materializing param=model.layers.7.post_attention_layernorm.weight]Loading weights:  35%|███▍      | 70/201 [00:00<00:00, 4530.32it/s, Materializing param=model.layers.7.post_attention_layernorm.weight]Loading weights:  35%|███▌      | 71/201 [00:00<00:00, 4570.78it/s, Materializing param=model.layers.7.self_attn.k_proj.weight]        Loading weights:  35%|███▌      | 71/201 [00:00<00:00, 4558.75it/s, Materializing param=model.layers.7.self_attn.k_proj.weight]Loading weights:  36%|███▌      | 72/201 [00:00<00:00, 4593.00it/s, Materializing param=model.layers.7.self_attn.o_proj.weight]Loading weights:  36%|███▌      | 72/201 [00:00<00:00, 4580.53it/s, Materializing param=model.layers.7.self_attn.o_proj.weight]Loading weights:  36%|███▋      | 73/201 [00:00<00:00, 4499.00it/s, Materializing param=model.layers.7.self_attn.q_proj.weight]Loading weights:  36%|███▋      | 73/201 [00:00<00:00, 4487.00it/s, Materializing param=model.layers.7.self_attn.q_proj.weight]Loading weights:  37%|███▋      | 74/201 [00:00<00:00, 4521.63it/s, Materializing param=model.layers.7.self_attn.v_proj.weight]Loading weights:  37%|███▋      | 74/201 [00:00<00:00, 4509.94it/s, Materializing param=model.layers.7.self_attn.v_proj.weight]Loading weights:  37%|███▋      | 75/201 [00:00<00:00, 4544.34it/s, Materializing param=model.layers.8.input_layernorm.weight] Loading weights:  37%|███▋      | 75/201 [00:00<00:00, 4532.62it/s, Materializing param=model.layers.8.input_layernorm.weight]Loading weights:  38%|███▊      | 76/201 [00:00<00:00, 4566.41it/s, Materializing param=model.layers.8.mlp.down_proj.weight]  Loading weights:  38%|███▊      | 76/201 [00:00<00:00, 4555.25it/s, Materializing param=model.layers.8.mlp.down_proj.weight]Loading weights:  38%|███▊      | 77/201 [00:00<00:00, 4292.70it/s, Materializing param=model.layers.8.mlp.gate_proj.weight]Loading weights:  38%|███▊      | 77/201 [00:00<00:00, 4280.92it/s, Materializing param=model.layers.8.mlp.gate_proj.weight]Loading weights:  39%|███▉      | 78/201 [00:00<00:00, 4315.87it/s, Materializing param=model.layers.8.mlp.up_proj.weight]  Loading weights:  39%|███▉      | 78/201 [00:00<00:00, 4305.87it/s, Materializing param=model.layers.8.mlp.up_proj.weight]Loading weights:  39%|███▉      | 79/201 [00:00<00:00, 4338.12it/s, Materializing param=model.layers.8.post_attention_layernorm.weight]Loading weights:  39%|███▉      | 79/201 [00:00<00:00, 4327.64it/s, Materializing param=model.layers.8.post_attention_layernorm.weight]Loading weights:  40%|███▉      | 80/201 [00:00<00:00, 4359.19it/s, Materializing param=model.layers.8.self_attn.k_proj.weight]        Loading weights:  40%|███▉      | 80/201 [00:00<00:00, 4349.02it/s, Materializing param=model.layers.8.self_attn.k_proj.weight]Loading weights:  40%|████      | 81/201 [00:00<00:00, 4379.82it/s, Materializing param=model.layers.8.self_attn.o_proj.weight]Loading weights:  40%|████      | 81/201 [00:00<00:00, 4369.97it/s, Materializing param=model.layers.8.self_attn.o_proj.weight]Loading weights:  41%|████      | 82/201 [00:00<00:00, 4401.16it/s, Materializing param=model.layers.8.self_attn.q_proj.weight]Loading weights:  41%|████      | 82/201 [00:00<00:00, 4391.16it/s, Materializing param=model.layers.8.self_attn.q_proj.weight]Loading weights:  41%|████▏     | 83/201 [00:00<00:00, 4341.28it/s, Materializing param=model.layers.8.self_attn.v_proj.weight]Loading weights:  41%|████▏     | 83/201 [00:00<00:00, 4331.18it/s, Materializing param=model.layers.8.self_attn.v_proj.weight]Loading weights:  42%|████▏     | 84/201 [00:00<00:00, 4361.17it/s, Materializing param=model.layers.9.input_layernorm.weight] Loading weights:  42%|████▏     | 84/201 [00:00<00:00, 4351.26it/s, Materializing param=model.layers.9.input_layernorm.weight]Loading weights:  42%|████▏     | 85/201 [00:00<00:00, 4226.78it/s, Materializing param=model.layers.9.mlp.down_proj.weight]  Loading weights:  42%|████▏     | 85/201 [00:00<00:00, 4217.67it/s, Materializing param=model.layers.9.mlp.down_proj.weight]Loading weights:  43%|████▎     | 86/201 [00:00<00:00, 4246.90it/s, Materializing param=model.layers.9.mlp.gate_proj.weight]Loading weights:  43%|████▎     | 86/201 [00:00<00:00, 4238.16it/s, Materializing param=model.layers.9.mlp.gate_proj.weight]Loading weights:  43%|████▎     | 87/201 [00:00<00:00, 4267.19it/s, Materializing param=model.layers.9.mlp.up_proj.weight]  Loading weights:  43%|████▎     | 87/201 [00:00<00:00, 4258.23it/s, Materializing param=model.layers.9.mlp.up_proj.weight]Loading weights:  44%|████▍     | 88/201 [00:00<00:00, 4188.50it/s, Materializing param=model.layers.9.post_attention_layernorm.weight]Loading weights:  44%|████▍     | 88/201 [00:00<00:00, 4178.02it/s, Materializing param=model.layers.9.post_attention_layernorm.weight]Loading weights:  44%|████▍     | 89/201 [00:00<00:00, 4208.63it/s, Materializing param=model.layers.9.self_attn.k_proj.weight]        Loading weights:  44%|████▍     | 89/201 [00:00<00:00, 4200.34it/s, Materializing param=model.layers.9.self_attn.k_proj.weight]Loading weights:  45%|████▍     | 90/201 [00:00<00:00, 4227.66it/s, Materializing param=model.layers.9.self_attn.o_proj.weight]Loading weights:  45%|████▍     | 90/201 [00:00<00:00, 4219.01it/s, Materializing param=model.layers.9.self_attn.o_proj.weight]Loading weights:  45%|████▌     | 91/201 [00:00<00:00, 4246.24it/s, Materializing param=model.layers.9.self_attn.q_proj.weight]Loading weights:  45%|████▌     | 91/201 [00:00<00:00, 4237.66it/s, Materializing param=model.layers.9.self_attn.q_proj.weight]Loading weights:  46%|████▌     | 92/201 [00:00<00:00, 4079.11it/s, Materializing param=model.layers.9.self_attn.v_proj.weight]Loading weights:  46%|████▌     | 92/201 [00:00<00:00, 4071.15it/s, Materializing param=model.layers.9.self_attn.v_proj.weight]Loading weights:  46%|████▋     | 93/201 [00:00<00:00, 4097.51it/s, Materializing param=model.layers.10.input_layernorm.weight]Loading weights:  46%|████▋     | 93/201 [00:00<00:00, 4089.90it/s, Materializing param=model.layers.10.input_layernorm.weight]Loading weights:  47%|████▋     | 94/201 [00:00<00:00, 4116.40it/s, Materializing param=model.layers.10.mlp.down_proj.weight]  Loading weights:  47%|████▋     | 94/201 [00:00<00:00, 4109.11it/s, Materializing param=model.layers.10.mlp.down_proj.weight]Loading weights:  47%|████▋     | 95/201 [00:00<00:00, 4134.76it/s, Materializing param=model.layers.10.mlp.gate_proj.weight]Loading weights:  47%|████▋     | 95/201 [00:00<00:00, 4126.97it/s, Materializing param=model.layers.10.mlp.gate_proj.weight]Loading weights:  48%|████▊     | 96/201 [00:00<00:00, 4126.43it/s, Materializing param=model.layers.10.mlp.up_proj.weight]  Loading weights:  48%|████▊     | 96/201 [00:00<00:00, 4118.58it/s, Materializing param=model.layers.10.mlp.up_proj.weight]Loading weights:  48%|████▊     | 97/201 [00:00<00:00, 3954.31it/s, Materializing param=model.layers.10.post_attention_layernorm.weight]Loading weights:  48%|████▊     | 97/201 [00:00<00:00, 3947.10it/s, Materializing param=model.layers.10.post_attention_layernorm.weight]Loading weights:  49%|████▉     | 98/201 [00:00<00:00, 3972.22it/s, Materializing param=model.layers.10.self_attn.k_proj.weight]        Loading weights:  49%|████▉     | 98/201 [00:00<00:00, 3965.25it/s, Materializing param=model.layers.10.self_attn.k_proj.weight]Loading weights:  49%|████▉     | 99/201 [00:00<00:00, 3989.59it/s, Materializing param=model.layers.10.self_attn.o_proj.weight]Loading weights:  49%|████▉     | 99/201 [00:00<00:00, 3982.89it/s, Materializing param=model.layers.10.self_attn.o_proj.weight]Loading weights:  50%|████▉     | 100/201 [00:00<00:00, 4007.28it/s, Materializing param=model.layers.10.self_attn.q_proj.weight]Loading weights:  50%|████▉     | 100/201 [00:00<00:00, 4000.52it/s, Materializing param=model.layers.10.self_attn.q_proj.weight]Loading weights:  50%|█████     | 101/201 [00:00<00:00, 3832.63it/s, Materializing param=model.layers.10.self_attn.v_proj.weight]Loading weights:  50%|█████     | 101/201 [00:00<00:00, 3809.10it/s, Materializing param=model.layers.10.self_attn.v_proj.weight]Loading weights:  51%|█████     | 102/201 [00:00<00:00, 3709.46it/s, Materializing param=model.layers.11.input_layernorm.weight] Loading weights:  51%|█████     | 102/201 [00:00<00:00, 3697.79it/s, Materializing param=model.layers.11.input_layernorm.weight]Loading weights:  51%|█████     | 103/201 [00:00<00:00, 3710.24it/s, Materializing param=model.layers.11.mlp.down_proj.weight]  Loading weights:  51%|█████     | 103/201 [00:00<00:00, 3699.76it/s, Materializing param=model.layers.11.mlp.down_proj.weight]Loading weights:  52%|█████▏    | 104/201 [00:00<00:00, 3713.64it/s, Materializing param=model.layers.11.mlp.gate_proj.weight]Loading weights:  52%|█████▏    | 104/201 [00:00<00:00, 3703.11it/s, Materializing param=model.layers.11.mlp.gate_proj.weight]Loading weights:  52%|█████▏    | 105/201 [00:00<00:00, 3717.35it/s, Materializing param=model.layers.11.mlp.up_proj.weight]  Loading weights:  52%|█████▏    | 105/201 [00:00<00:00, 3707.34it/s, Materializing param=model.layers.11.mlp.up_proj.weight]Loading weights:  53%|█████▎    | 106/201 [00:00<00:00, 3720.38it/s, Materializing param=model.layers.11.post_attention_layernorm.weight]Loading weights:  53%|█████▎    | 106/201 [00:00<00:00, 3709.95it/s, Materializing param=model.layers.11.post_attention_layernorm.weight]Loading weights:  53%|█████▎    | 107/201 [00:00<00:00, 3723.54it/s, Materializing param=model.layers.11.self_attn.k_proj.weight]        Loading weights:  53%|█████▎    | 107/201 [00:00<00:00, 3713.46it/s, Materializing param=model.layers.11.self_attn.k_proj.weight]Loading weights:  54%|█████▎    | 108/201 [00:00<00:00, 3727.56it/s, Materializing param=model.layers.11.self_attn.o_proj.weight]Loading weights:  54%|█████▎    | 108/201 [00:00<00:00, 3716.43it/s, Materializing param=model.layers.11.self_attn.o_proj.weight]Loading weights:  54%|█████▍    | 109/201 [00:00<00:00, 3730.61it/s, Materializing param=model.layers.11.self_attn.q_proj.weight]Loading weights:  54%|█████▍    | 109/201 [00:00<00:00, 3721.23it/s, Materializing param=model.layers.11.self_attn.q_proj.weight]Loading weights:  55%|█████▍    | 110/201 [00:00<00:00, 3735.61it/s, Materializing param=model.layers.11.self_attn.v_proj.weight]Loading weights:  55%|█████▍    | 110/201 [00:00<00:00, 3726.37it/s, Materializing param=model.layers.11.self_attn.v_proj.weight]Loading weights:  55%|█████▌    | 111/201 [00:00<00:00, 3740.64it/s, Materializing param=model.layers.12.input_layernorm.weight] Loading weights:  55%|█████▌    | 111/201 [00:00<00:00, 3731.14it/s, Materializing param=model.layers.12.input_layernorm.weight]Loading weights:  56%|█████▌    | 112/201 [00:00<00:00, 3745.30it/s, Materializing param=model.layers.12.mlp.down_proj.weight]  Loading weights:  56%|█████▌    | 112/201 [00:00<00:00, 3735.98it/s, Materializing param=model.layers.12.mlp.down_proj.weight]Loading weights:  56%|█████▌    | 113/201 [00:00<00:00, 3749.57it/s, Materializing param=model.layers.12.mlp.gate_proj.weight]Loading weights:  56%|█████▌    | 113/201 [00:00<00:00, 3740.30it/s, Materializing param=model.layers.12.mlp.gate_proj.weight]Loading weights:  57%|█████▋    | 114/201 [00:00<00:00, 3754.09it/s, Materializing param=model.layers.12.mlp.up_proj.weight]  Loading weights:  57%|█████▋    | 114/201 [00:00<00:00, 3744.77it/s, Materializing param=model.layers.12.mlp.up_proj.weight]Loading weights:  57%|█████▋    | 115/201 [00:00<00:00, 3758.45it/s, Materializing param=model.layers.12.post_attention_layernorm.weight]Loading weights:  57%|█████▋    | 115/201 [00:00<00:00, 3748.87it/s, Materializing param=model.layers.12.post_attention_layernorm.weight]Loading weights:  58%|█████▊    | 116/201 [00:00<00:00, 3762.41it/s, Materializing param=model.layers.12.self_attn.k_proj.weight]        Loading weights:  58%|█████▊    | 116/201 [00:00<00:00, 3753.23it/s, Materializing param=model.layers.12.self_attn.k_proj.weight]Loading weights:  58%|█████▊    | 117/201 [00:00<00:00, 3766.73it/s, Materializing param=model.layers.12.self_attn.o_proj.weight]Loading weights:  58%|█████▊    | 117/201 [00:00<00:00, 3757.73it/s, Materializing param=model.layers.12.self_attn.o_proj.weight]Loading weights:  59%|█████▊    | 118/201 [00:00<00:00, 3770.94it/s, Materializing param=model.layers.12.self_attn.q_proj.weight]Loading weights:  59%|█████▊    | 118/201 [00:00<00:00, 3762.08it/s, Materializing param=model.layers.12.self_attn.q_proj.weight]Loading weights:  59%|█████▉    | 119/201 [00:00<00:00, 3775.68it/s, Materializing param=model.layers.12.self_attn.v_proj.weight]Loading weights:  59%|█████▉    | 119/201 [00:00<00:00, 3766.79it/s, Materializing param=model.layers.12.self_attn.v_proj.weight]Loading weights:  60%|█████▉    | 120/201 [00:00<00:00, 3779.90it/s, Materializing param=model.layers.13.input_layernorm.weight] Loading weights:  60%|█████▉    | 120/201 [00:00<00:00, 3771.06it/s, Materializing param=model.layers.13.input_layernorm.weight]Loading weights:  60%|██████    | 121/201 [00:00<00:00, 3726.44it/s, Materializing param=model.layers.13.mlp.down_proj.weight]  Loading weights:  60%|██████    | 121/201 [00:00<00:00, 3717.84it/s, Materializing param=model.layers.13.mlp.down_proj.weight]Loading weights:  61%|██████    | 122/201 [00:00<00:00, 3730.31it/s, Materializing param=model.layers.13.mlp.gate_proj.weight]Loading weights:  61%|██████    | 122/201 [00:00<00:00, 3722.06it/s, Materializing param=model.layers.13.mlp.gate_proj.weight]Loading weights:  61%|██████    | 123/201 [00:00<00:00, 3734.91it/s, Materializing param=model.layers.13.mlp.up_proj.weight]  Loading weights:  61%|██████    | 123/201 [00:00<00:00, 3726.92it/s, Materializing param=model.layers.13.mlp.up_proj.weight]Loading weights:  62%|██████▏   | 124/201 [00:00<00:00, 3708.91it/s, Materializing param=model.layers.13.post_attention_layernorm.weight]Loading weights:  62%|██████▏   | 124/201 [00:00<00:00, 3699.52it/s, Materializing param=model.layers.13.post_attention_layernorm.weight]Loading weights:  62%|██████▏   | 125/201 [00:00<00:00, 3711.59it/s, Materializing param=model.layers.13.self_attn.k_proj.weight]        Loading weights:  62%|██████▏   | 125/201 [00:00<00:00, 3703.28it/s, Materializing param=model.layers.13.self_attn.k_proj.weight]Loading weights:  63%|██████▎   | 126/201 [00:00<00:00, 3676.48it/s, Materializing param=model.layers.13.self_attn.o_proj.weight]Loading weights:  63%|██████▎   | 126/201 [00:00<00:00, 3668.26it/s, Materializing param=model.layers.13.self_attn.o_proj.weight]Loading weights:  63%|██████▎   | 127/201 [00:00<00:00, 3586.78it/s, Materializing param=model.layers.13.self_attn.q_proj.weight]Loading weights:  63%|██████▎   | 127/201 [00:00<00:00, 3579.05it/s, Materializing param=model.layers.13.self_attn.q_proj.weight]Loading weights:  64%|██████▎   | 128/201 [00:00<00:00, 3591.21it/s, Materializing param=model.layers.13.self_attn.v_proj.weight]Loading weights:  64%|██████▎   | 128/201 [00:00<00:00, 3583.70it/s, Materializing param=model.layers.13.self_attn.v_proj.weight]Loading weights:  64%|██████▍   | 129/201 [00:00<00:00, 3595.79it/s, Materializing param=model.layers.14.input_layernorm.weight] Loading weights:  64%|██████▍   | 129/201 [00:00<00:00, 3588.20it/s, Materializing param=model.layers.14.input_layernorm.weight]Loading weights:  65%|██████▍   | 130/201 [00:00<00:00, 3600.43it/s, Materializing param=model.layers.14.mlp.down_proj.weight]  Loading weights:  65%|██████▍   | 130/201 [00:00<00:00, 3592.98it/s, Materializing param=model.layers.14.mlp.down_proj.weight]Loading weights:  65%|██████▌   | 131/201 [00:00<00:00, 3605.20it/s, Materializing param=model.layers.14.mlp.gate_proj.weight]Loading weights:  65%|██████▌   | 131/201 [00:00<00:00, 3597.76it/s, Materializing param=model.layers.14.mlp.gate_proj.weight]Loading weights:  66%|██████▌   | 132/201 [00:00<00:00, 3576.49it/s, Materializing param=model.layers.14.mlp.up_proj.weight]  Loading weights:  66%|██████▌   | 132/201 [00:00<00:00, 3569.16it/s, Materializing param=model.layers.14.mlp.up_proj.weight]Loading weights:  66%|██████▌   | 133/201 [00:00<00:00, 3580.25it/s, Materializing param=model.layers.14.post_attention_layernorm.weight]Loading weights:  66%|██████▌   | 133/201 [00:00<00:00, 3572.78it/s, Materializing param=model.layers.14.post_attention_layernorm.weight]Loading weights:  67%|██████▋   | 134/201 [00:00<00:00, 3584.51it/s, Materializing param=model.layers.14.self_attn.k_proj.weight]        Loading weights:  67%|██████▋   | 134/201 [00:00<00:00, 3577.23it/s, Materializing param=model.layers.14.self_attn.k_proj.weight]Loading weights:  67%|██████▋   | 135/201 [00:00<00:00, 3495.36it/s, Materializing param=model.layers.14.self_attn.o_proj.weight]Loading weights:  67%|██████▋   | 135/201 [00:00<00:00, 3488.47it/s, Materializing param=model.layers.14.self_attn.o_proj.weight]Loading weights:  68%|██████▊   | 136/201 [00:00<00:00, 3500.27it/s, Materializing param=model.layers.14.self_attn.q_proj.weight]Loading weights:  68%|██████▊   | 136/201 [00:00<00:00, 3493.52it/s, Materializing param=model.layers.14.self_attn.q_proj.weight]Loading weights:  68%|██████▊   | 137/201 [00:00<00:00, 3475.07it/s, Materializing param=model.layers.14.self_attn.v_proj.weight]Loading weights:  68%|██████▊   | 137/201 [00:00<00:00, 3468.44it/s, Materializing param=model.layers.14.self_attn.v_proj.weight]Loading weights:  69%|██████▊   | 138/201 [00:00<00:00, 3479.93it/s, Materializing param=model.layers.15.input_layernorm.weight] Loading weights:  69%|██████▊   | 138/201 [00:00<00:00, 3473.50it/s, Materializing param=model.layers.15.input_layernorm.weight]Loading weights:  69%|██████▉   | 139/201 [00:00<00:00, 3485.08it/s, Materializing param=model.layers.15.mlp.down_proj.weight]  Loading weights:  69%|██████▉   | 139/201 [00:00<00:00, 3478.63it/s, Materializing param=model.layers.15.mlp.down_proj.weight]Loading weights:  70%|██████▉   | 140/201 [00:00<00:00, 3490.04it/s, Materializing param=model.layers.15.mlp.gate_proj.weight]Loading weights:  70%|██████▉   | 140/201 [00:00<00:00, 3483.52it/s, Materializing param=model.layers.15.mlp.gate_proj.weight]Loading weights:  70%|███████   | 141/201 [00:00<00:00, 3417.71it/s, Materializing param=model.layers.15.mlp.up_proj.weight]  Loading weights:  70%|███████   | 141/201 [00:00<00:00, 3411.38it/s, Materializing param=model.layers.15.mlp.up_proj.weight]Loading weights:  71%|███████   | 142/201 [00:00<00:00, 3424.37it/s, Materializing param=model.layers.15.post_attention_layernorm.weight]Loading weights:  71%|███████   | 142/201 [00:00<00:00, 3418.40it/s, Materializing param=model.layers.15.post_attention_layernorm.weight]Loading weights:  71%|███████   | 143/201 [00:00<00:00, 3401.71it/s, Materializing param=model.layers.15.self_attn.k_proj.weight]        Loading weights:  71%|███████   | 143/201 [00:00<00:00, 3395.66it/s, Materializing param=model.layers.15.self_attn.k_proj.weight]Loading weights:  72%|███████▏  | 144/201 [00:00<00:00, 3406.70it/s, Materializing param=model.layers.15.self_attn.o_proj.weight]Loading weights:  72%|███████▏  | 144/201 [00:00<00:00, 3400.86it/s, Materializing param=model.layers.15.self_attn.o_proj.weight]Loading weights:  72%|███████▏  | 145/201 [00:00<00:00, 3412.09it/s, Materializing param=model.layers.15.self_attn.q_proj.weight]Loading weights:  72%|███████▏  | 145/201 [00:00<00:00, 3406.30it/s, Materializing param=model.layers.15.self_attn.q_proj.weight]Loading weights:  73%|███████▎  | 146/201 [00:00<00:00, 3417.31it/s, Materializing param=model.layers.15.self_attn.v_proj.weight]Loading weights:  73%|███████▎  | 146/201 [00:00<00:00, 3411.62it/s, Materializing param=model.layers.15.self_attn.v_proj.weight]Loading weights:  73%|███████▎  | 147/201 [00:00<00:00, 3422.84it/s, Materializing param=model.layers.16.input_layernorm.weight] Loading weights:  73%|███████▎  | 147/201 [00:00<00:00, 3416.98it/s, Materializing param=model.layers.16.input_layernorm.weight]Loading weights:  74%|███████▎  | 148/201 [00:00<00:00, 3428.04it/s, Materializing param=model.layers.16.mlp.down_proj.weight]  Loading weights:  74%|███████▎  | 148/201 [00:00<00:00, 3422.19it/s, Materializing param=model.layers.16.mlp.down_proj.weight]Loading weights:  74%|███████▍  | 149/201 [00:00<00:00, 3317.29it/s, Materializing param=model.layers.16.mlp.gate_proj.weight]Loading weights:  74%|███████▍  | 149/201 [00:00<00:00, 3311.79it/s, Materializing param=model.layers.16.mlp.gate_proj.weight]Loading weights:  75%|███████▍  | 150/201 [00:00<00:00, 3316.16it/s, Materializing param=model.layers.16.mlp.up_proj.weight]  Loading weights:  75%|███████▍  | 150/201 [00:00<00:00, 3310.72it/s, Materializing param=model.layers.16.mlp.up_proj.weight]Loading weights:  75%|███████▌  | 151/201 [00:00<00:00, 3321.15it/s, Materializing param=model.layers.16.post_attention_layernorm.weight]Loading weights:  75%|███████▌  | 151/201 [00:00<00:00, 3315.66it/s, Materializing param=model.layers.16.post_attention_layernorm.weight]Loading weights:  76%|███████▌  | 152/201 [00:00<00:00, 3326.28it/s, Materializing param=model.layers.16.self_attn.k_proj.weight]        Loading weights:  76%|███████▌  | 152/201 [00:00<00:00, 3320.84it/s, Materializing param=model.layers.16.self_attn.k_proj.weight]Loading weights:  76%|███████▌  | 153/201 [00:00<00:00, 3331.15it/s, Materializing param=model.layers.16.self_attn.o_proj.weight]Loading weights:  76%|███████▌  | 153/201 [00:00<00:00, 3325.74it/s, Materializing param=model.layers.16.self_attn.o_proj.weight]Loading weights:  77%|███████▋  | 154/201 [00:00<00:00, 3336.21it/s, Materializing param=model.layers.16.self_attn.q_proj.weight]Loading weights:  77%|███████▋  | 154/201 [00:00<00:00, 3331.04it/s, Materializing param=model.layers.16.self_attn.q_proj.weight]Loading weights:  77%|███████▋  | 155/201 [00:00<00:00, 3341.42it/s, Materializing param=model.layers.16.self_attn.v_proj.weight]Loading weights:  77%|███████▋  | 155/201 [00:00<00:00, 3336.24it/s, Materializing param=model.layers.16.self_attn.v_proj.weight]Loading weights:  78%|███████▊  | 156/201 [00:00<00:00, 3346.93it/s, Materializing param=model.layers.17.input_layernorm.weight] Loading weights:  78%|███████▊  | 156/201 [00:00<00:00, 3341.63it/s, Materializing param=model.layers.17.input_layernorm.weight]Loading weights:  78%|███████▊  | 157/201 [00:00<00:00, 3254.16it/s, Materializing param=model.layers.17.mlp.down_proj.weight]  Loading weights:  78%|███████▊  | 157/201 [00:00<00:00, 3247.84it/s, Materializing param=model.layers.17.mlp.down_proj.weight]Loading weights:  79%|███████▊  | 158/201 [00:00<00:00, 3256.27it/s, Materializing param=model.layers.17.mlp.gate_proj.weight]Loading weights:  79%|███████▊  | 158/201 [00:00<00:00, 3250.68it/s, Materializing param=model.layers.17.mlp.gate_proj.weight]Loading weights:  79%|███████▉  | 159/201 [00:00<00:00, 3259.52it/s, Materializing param=model.layers.17.mlp.up_proj.weight]  Loading weights:  79%|███████▉  | 159/201 [00:00<00:00, 3253.89it/s, Materializing param=model.layers.17.mlp.up_proj.weight]Loading weights:  80%|███████▉  | 160/201 [00:00<00:00, 3262.35it/s, Materializing param=model.layers.17.post_attention_layernorm.weight]Loading weights:  80%|███████▉  | 160/201 [00:00<00:00, 3256.48it/s, Materializing param=model.layers.17.post_attention_layernorm.weight]Loading weights:  80%|████████  | 161/201 [00:00<00:00, 3265.31it/s, Materializing param=model.layers.17.self_attn.k_proj.weight]        Loading weights:  80%|████████  | 161/201 [00:00<00:00, 3259.76it/s, Materializing param=model.layers.17.self_attn.k_proj.weight]Loading weights:  81%|████████  | 162/201 [00:00<00:00, 3268.57it/s, Materializing param=model.layers.17.self_attn.o_proj.weight]Loading weights:  81%|████████  | 162/201 [00:00<00:00, 3263.33it/s, Materializing param=model.layers.17.self_attn.o_proj.weight]Loading weights:  81%|████████  | 163/201 [00:00<00:00, 3272.28it/s, Materializing param=model.layers.17.self_attn.q_proj.weight]Loading weights:  81%|████████  | 163/201 [00:00<00:00, 3266.97it/s, Materializing param=model.layers.17.self_attn.q_proj.weight]Loading weights:  82%|████████▏ | 164/201 [00:00<00:00, 3275.91it/s, Materializing param=model.layers.17.self_attn.v_proj.weight]Loading weights:  82%|████████▏ | 164/201 [00:00<00:00, 3270.65it/s, Materializing param=model.layers.17.self_attn.v_proj.weight]Loading weights:  82%|████████▏ | 165/201 [00:00<00:00, 3279.56it/s, Materializing param=model.layers.18.input_layernorm.weight] Loading weights:  82%|████████▏ | 165/201 [00:00<00:00, 3274.24it/s, Materializing param=model.layers.18.input_layernorm.weight]Loading weights:  83%|████████▎ | 166/201 [00:00<00:00, 3283.07it/s, Materializing param=model.layers.18.mlp.down_proj.weight]  Loading weights:  83%|████████▎ | 166/201 [00:00<00:00, 3277.73it/s, Materializing param=model.layers.18.mlp.down_proj.weight]Loading weights:  83%|████████▎ | 167/201 [00:00<00:00, 3248.02it/s, Materializing param=model.layers.18.mlp.gate_proj.weight]Loading weights:  83%|████████▎ | 167/201 [00:00<00:00, 3242.94it/s, Materializing param=model.layers.18.mlp.gate_proj.weight]Loading weights:  84%|████████▎ | 168/201 [00:00<00:00, 3251.53it/s, Materializing param=model.layers.18.mlp.up_proj.weight]  Loading weights:  84%|████████▎ | 168/201 [00:00<00:00, 3246.32it/s, Materializing param=model.layers.18.mlp.up_proj.weight]Loading weights:  84%|████████▍ | 169/201 [00:00<00:00, 3254.52it/s, Materializing param=model.layers.18.post_attention_layernorm.weight]Loading weights:  84%|████████▍ | 169/201 [00:00<00:00, 3249.22it/s, Materializing param=model.layers.18.post_attention_layernorm.weight]Loading weights:  85%|████████▍ | 170/201 [00:00<00:00, 3207.33it/s, Materializing param=model.layers.18.self_attn.k_proj.weight]        Loading weights:  85%|████████▍ | 170/201 [00:00<00:00, 3201.77it/s, Materializing param=model.layers.18.self_attn.k_proj.weight]Loading weights:  85%|████████▌ | 171/201 [00:00<00:00, 3210.03it/s, Materializing param=model.layers.18.self_attn.o_proj.weight]Loading weights:  85%|████████▌ | 171/201 [00:00<00:00, 3205.08it/s, Materializing param=model.layers.18.self_attn.o_proj.weight]Loading weights:  86%|████████▌ | 172/201 [00:00<00:00, 3213.41it/s, Materializing param=model.layers.18.self_attn.q_proj.weight]Loading weights:  86%|████████▌ | 172/201 [00:00<00:00, 3208.38it/s, Materializing param=model.layers.18.self_attn.q_proj.weight]Loading weights:  86%|████████▌ | 173/201 [00:00<00:00, 3216.58it/s, Materializing param=model.layers.18.self_attn.v_proj.weight]Loading weights:  86%|████████▌ | 173/201 [00:00<00:00, 3211.57it/s, Materializing param=model.layers.18.self_attn.v_proj.weight]Loading weights:  87%|████████▋ | 174/201 [00:00<00:00, 3219.74it/s, Materializing param=model.layers.19.input_layernorm.weight] Loading weights:  87%|████████▋ | 174/201 [00:00<00:00, 3214.83it/s, Materializing param=model.layers.19.input_layernorm.weight]Loading weights:  87%|████████▋ | 175/201 [00:00<00:00, 3183.55it/s, Materializing param=model.layers.19.mlp.down_proj.weight]  Loading weights:  87%|████████▋ | 175/201 [00:00<00:00, 3178.82it/s, Materializing param=model.layers.19.mlp.down_proj.weight]Loading weights:  88%|████████▊ | 176/201 [00:00<00:00, 3186.76it/s, Materializing param=model.layers.19.mlp.gate_proj.weight]Loading weights:  88%|████████▊ | 176/201 [00:00<00:00, 3182.15it/s, Materializing param=model.layers.19.mlp.gate_proj.weight]Loading weights:  88%|████████▊ | 177/201 [00:00<00:00, 3190.48it/s, Materializing param=model.layers.19.mlp.up_proj.weight]  Loading weights:  88%|████████▊ | 177/201 [00:00<00:00, 3185.71it/s, Materializing param=model.layers.19.mlp.up_proj.weight]Loading weights:  89%|████████▊ | 178/201 [00:00<00:00, 3193.84it/s, Materializing param=model.layers.19.post_attention_layernorm.weight]Loading weights:  89%|████████▊ | 178/201 [00:00<00:00, 3188.89it/s, Materializing param=model.layers.19.post_attention_layernorm.weight]Loading weights:  89%|████████▉ | 179/201 [00:00<00:00, 3181.77it/s, Materializing param=model.layers.19.self_attn.k_proj.weight]        Loading weights:  89%|████████▉ | 179/201 [00:00<00:00, 3176.94it/s, Materializing param=model.layers.19.self_attn.k_proj.weight]Loading weights:  90%|████████▉ | 180/201 [00:00<00:00, 3149.22it/s, Materializing param=model.layers.19.self_attn.o_proj.weight]Loading weights:  90%|████████▉ | 180/201 [00:00<00:00, 3135.19it/s, Materializing param=model.layers.19.self_attn.o_proj.weight]Loading weights:  90%|█████████ | 181/201 [00:00<00:00, 3142.05it/s, Materializing param=model.layers.19.self_attn.q_proj.weight]Loading weights:  90%|█████████ | 181/201 [00:00<00:00, 3137.94it/s, Materializing param=model.layers.19.self_attn.q_proj.weight]Loading weights:  91%|█████████ | 182/201 [00:00<00:00, 3097.63it/s, Materializing param=model.layers.19.self_attn.v_proj.weight]Loading weights:  91%|█████████ | 182/201 [00:00<00:00, 3093.71it/s, Materializing param=model.layers.19.self_attn.v_proj.weight]Loading weights:  91%|█████████ | 183/201 [00:00<00:00, 3102.73it/s, Materializing param=model.layers.20.input_layernorm.weight] Loading weights:  91%|█████████ | 183/201 [00:00<00:00, 3098.91it/s, Materializing param=model.layers.20.input_layernorm.weight]Loading weights:  92%|█████████▏| 184/201 [00:00<00:00, 3107.68it/s, Materializing param=model.layers.20.mlp.down_proj.weight]  Loading weights:  92%|█████████▏| 184/201 [00:00<00:00, 3103.97it/s, Materializing param=model.layers.20.mlp.down_proj.weight]Loading weights:  92%|█████████▏| 185/201 [00:00<00:00, 3112.79it/s, Materializing param=model.layers.20.mlp.gate_proj.weight]Loading weights:  92%|█████████▏| 185/201 [00:00<00:00, 3109.10it/s, Materializing param=model.layers.20.mlp.gate_proj.weight]Loading weights:  93%|█████████▎| 186/201 [00:00<00:00, 3078.29it/s, Materializing param=model.layers.20.mlp.up_proj.weight]  Loading weights:  93%|█████████▎| 186/201 [00:00<00:00, 3074.62it/s, Materializing param=model.layers.20.mlp.up_proj.weight]Loading weights:  93%|█████████▎| 187/201 [00:00<00:00, 3083.51it/s, Materializing param=model.layers.20.post_attention_layernorm.weight]Loading weights:  93%|█████████▎| 187/201 [00:00<00:00, 3079.81it/s, Materializing param=model.layers.20.post_attention_layernorm.weight]Loading weights:  94%|█████████▎| 188/201 [00:00<00:00, 3088.64it/s, Materializing param=model.layers.20.self_attn.k_proj.weight]        Loading weights:  94%|█████████▎| 188/201 [00:00<00:00, 3085.17it/s, Materializing param=model.layers.20.self_attn.k_proj.weight]Loading weights:  94%|█████████▍| 189/201 [00:00<00:00, 3093.81it/s, Materializing param=model.layers.20.self_attn.o_proj.weight]Loading weights:  94%|█████████▍| 189/201 [00:00<00:00, 3090.20it/s, Materializing param=model.layers.20.self_attn.o_proj.weight]Loading weights:  95%|█████████▍| 190/201 [00:00<00:00, 3080.42it/s, Materializing param=model.layers.20.self_attn.q_proj.weight]Loading weights:  95%|█████████▍| 190/201 [00:00<00:00, 3076.99it/s, Materializing param=model.layers.20.self_attn.q_proj.weight]Loading weights:  95%|█████████▌| 191/201 [00:00<00:00, 3085.90it/s, Materializing param=model.layers.20.self_attn.v_proj.weight]Loading weights:  95%|█████████▌| 191/201 [00:00<00:00, 3082.53it/s, Materializing param=model.layers.20.self_attn.v_proj.weight]Loading weights:  96%|█████████▌| 192/201 [00:00<00:00, 3091.13it/s, Materializing param=model.layers.21.input_layernorm.weight] Loading weights:  96%|█████████▌| 192/201 [00:00<00:00, 3087.70it/s, Materializing param=model.layers.21.input_layernorm.weight]Loading weights:  96%|█████████▌| 193/201 [00:00<00:00, 3096.41it/s, Materializing param=model.layers.21.mlp.down_proj.weight]  Loading weights:  96%|█████████▌| 193/201 [00:00<00:00, 3092.97it/s, Materializing param=model.layers.21.mlp.down_proj.weight]Loading weights:  97%|█████████▋| 194/201 [00:00<00:00, 3092.82it/s, Materializing param=model.layers.21.mlp.gate_proj.weight]Loading weights:  97%|█████████▋| 194/201 [00:00<00:00, 3089.54it/s, Materializing param=model.layers.21.mlp.gate_proj.weight]Loading weights:  97%|█████████▋| 195/201 [00:00<00:00, 3060.54it/s, Materializing param=model.layers.21.mlp.up_proj.weight]  Loading weights:  97%|█████████▋| 195/201 [00:00<00:00, 3057.22it/s, Materializing param=model.layers.21.mlp.up_proj.weight]Loading weights:  98%|█████████▊| 196/201 [00:00<00:00, 3067.10it/s, Materializing param=model.layers.21.post_attention_layernorm.weight]Loading weights:  98%|█████████▊| 196/201 [00:00<00:00, 3063.87it/s, Materializing param=model.layers.21.post_attention_layernorm.weight]Loading weights:  98%|█████████▊| 197/201 [00:00<00:00, 3073.76it/s, Materializing param=model.layers.21.self_attn.k_proj.weight]        Loading weights:  98%|█████████▊| 197/201 [00:00<00:00, 3070.47it/s, Materializing param=model.layers.21.self_attn.k_proj.weight]Loading weights:  99%|█████████▊| 198/201 [00:00<00:00, 3080.10it/s, Materializing param=model.layers.21.self_attn.o_proj.weight]Loading weights:  99%|█████████▊| 198/201 [00:00<00:00, 3077.02it/s, Materializing param=model.layers.21.self_attn.o_proj.weight]Loading weights:  99%|█████████▉| 199/201 [00:00<00:00, 3086.89it/s, Materializing param=model.layers.21.self_attn.q_proj.weight]Loading weights:  99%|█████████▉| 199/201 [00:00<00:00, 3083.74it/s, Materializing param=model.layers.21.self_attn.q_proj.weight]Loading weights: 100%|█████████▉| 200/201 [00:00<00:00, 3093.37it/s, Materializing param=model.layers.21.self_attn.v_proj.weight]Loading weights: 100%|█████████▉| 200/201 [00:00<00:00, 3090.18it/s, Materializing param=model.layers.21.self_attn.v_proj.weight]Loading weights: 100%|██████████| 201/201 [00:00<00:00, 3099.88it/s, Materializing param=model.norm.weight]                      Loading weights: 100%|██████████| 201/201 [00:00<00:00, 3096.83it/s, Materializing param=model.norm.weight]Loading weights: 100%|██████████| 201/201 [00:00<00:00, 3084.89it/s, Materializing param=model.norm.weight]
2026-08-26 12:34:43,684 [INFO] PEFT adapter: 154 LoRA keys left at PEFT init (U-side layers, intentionally not trained); e.g. ['base_model.model.model.layers.0.self_attn.q_proj.lora_A.default.weight', 'base_model.model.model.layers.0.self_attn.q_proj.lora_B.default.weight', 'base_model.model.model.layers.0.self_attn.k_proj.lora_A.default.weight']
2026-08-26 12:34:43,684 [INFO] PEFT adapter state: loaded 154 LoRA tensors (base-weight keys stay at the from_pretrained values, as expected for frozen base)
2026-08-26 12:34:43,733 [INFO] PEFT adapter saved → /root/CipherForge/final-test-data/three-party-rms-pir_20260826-105122/adapter
2026-08-26 12:34:43,738 [INFO] eval: /root/miniconda3/bin/python3.12 -s /root/CipherForge/CipherForge-ClinVar/three_party/coordinator/evaluate_auprc.py --adapter /root/CipherForge/final-test-data/three-party-rms-pir_20260826-105122/adapter --data /root/CipherForge/CipherForge-ClinVar/single_process/data/BioTriplex/test.jsonl --out /root/CipherForge/final-test-data/three-party-rms-pir_20260826-105122/logs/biotriplex7_eval.json --task_type biotriplex7 --class_outputs ["a)", "b)", "c)", "d)", "e)", "f)", "g)"] --max_seq_length 2048
[eval] device=cuda n=203 task_type=biotriplex7 eval_mode=multiclass adapter=/root/CipherForge/final-test-data/three-party-rms-pir_20260826-105122/adapter
Loading weights:   0%|          | 0/201 [00:00<?, ?it/s]Loading weights:   0%|          | 1/201 [00:00<00:00, 19878.22it/s, Materializing param=lm_head.weight]Loading weights:   0%|          | 1/201 [00:00<00:00, 7989.15it/s, Materializing param=lm_head.weight] Loading weights:   1%|          | 2/201 [00:00<00:00, 7269.16it/s, Materializing param=model.embed_tokens.weight]Loading weights:   1%|          | 2/201 [00:00<00:00, 6209.18it/s, Materializing param=model.embed_tokens.weight]Loading weights:   1%|▏         | 3/201 [00:00<00:00, 7100.97it/s, Materializing param=model.layers.0.input_layernorm.weight]Loading weights:   1%|▏         | 3/201 [00:00<00:00, 6355.01it/s, Materializing param=model.layers.0.input_layernorm.weight]Loading weights:   2%|▏         | 4/201 [00:00<00:00, 6878.73it/s, Materializing param=model.layers.0.mlp.down_proj.weight]  Loading weights:   2%|▏         | 4/201 [00:00<00:00, 6376.74it/s, Materializing param=model.layers.0.mlp.down_proj.weight]Loading weights:   2%|▏         | 5/201 [00:00<00:00, 6835.57it/s, Materializing param=model.layers.0.mlp.gate_proj.weight]Loading weights:   2%|▏         | 5/201 [00:00<00:00, 6442.86it/s, Materializing param=model.layers.0.mlp.gate_proj.weight]Loading weights:   3%|▎         | 6/201 [00:00<00:00, 6849.71it/s, Materializing param=model.layers.0.mlp.up_proj.weight]  Loading weights:   3%|▎         | 6/201 [00:00<00:00, 6501.12it/s, Materializing param=model.layers.0.mlp.up_proj.weight]Loading weights:   3%|▎         | 7/201 [00:00<00:00, 6847.04it/s, Materializing param=model.layers.0.post_attention_layernorm.weight]Loading weights:   3%|▎         | 7/201 [00:00<00:00, 6549.21it/s, Materializing param=model.layers.0.post_attention_layernorm.weight]Loading weights:   4%|▍         | 8/201 [00:00<00:00, 6860.44it/s, Materializing param=model.layers.0.self_attn.k_proj.weight]        Loading weights:   4%|▍         | 8/201 [00:00<00:00, 6601.30it/s, Materializing param=model.layers.0.self_attn.k_proj.weight]Loading weights:   4%|▍         | 9/201 [00:00<00:00, 6843.50it/s, Materializing param=model.layers.0.self_attn.o_proj.weight]Loading weights:   4%|▍         | 9/201 [00:00<00:00, 6619.10it/s, Materializing param=model.layers.0.self_attn.o_proj.weight]Loading weights:   5%|▍         | 10/201 [00:00<00:00, 3287.59it/s, Materializing param=model.layers.0.self_attn.q_proj.weight]Loading weights:   5%|▍         | 10/201 [00:00<00:00, 3238.84it/s, Materializing param=model.layers.0.self_attn.q_proj.weight]Loading weights:   5%|▌         | 11/201 [00:00<00:00, 3452.36it/s, Materializing param=model.layers.0.self_attn.v_proj.weight]Loading weights:   5%|▌         | 11/201 [00:00<00:00, 3406.23it/s, Materializing param=model.layers.0.self_attn.v_proj.weight]Loading weights:   6%|▌         | 12/201 [00:00<00:00, 3421.59it/s, Materializing param=model.layers.1.input_layernorm.weight] Loading weights:   6%|▌         | 12/201 [00:00<00:00, 3376.38it/s, Materializing param=model.layers.1.input_layernorm.weight]Loading weights:   6%|▋         | 13/201 [00:00<00:00, 3557.51it/s, Materializing param=model.layers.1.mlp.down_proj.weight]  Loading weights:   6%|▋         | 13/201 [00:00<00:00, 3515.08it/s, Materializing param=model.layers.1.mlp.down_proj.weight]Loading weights:   7%|▋         | 14/201 [00:00<00:00, 3684.99it/s, Materializing param=model.layers.1.mlp.gate_proj.weight]Loading weights:   7%|▋         | 14/201 [00:00<00:00, 3642.92it/s, Materializing param=model.layers.1.mlp.gate_proj.weight]Loading weights:   7%|▋         | 15/201 [00:00<00:00, 3807.24it/s, Materializing param=model.layers.1.mlp.up_proj.weight]  Loading weights:   7%|▋         | 15/201 [00:00<00:00, 3767.79it/s, Materializing param=model.layers.1.mlp.up_proj.weight]Loading weights:   8%|▊         | 16/201 [00:00<00:00, 3925.18it/s, Materializing param=model.layers.1.post_attention_layernorm.weight]Loading weights:   8%|▊         | 16/201 [00:00<00:00, 3882.72it/s, Materializing param=model.layers.1.post_attention_layernorm.weight]Loading weights:   8%|▊         | 17/201 [00:00<00:00, 4030.48it/s, Materializing param=model.layers.1.self_attn.k_proj.weight]        Loading weights:   8%|▊         | 17/201 [00:00<00:00, 3989.43it/s, Materializing param=model.layers.1.self_attn.k_proj.weight]Loading weights:   9%|▉         | 18/201 [00:00<00:00, 3405.54it/s, Materializing param=model.layers.1.self_attn.o_proj.weight]Loading weights:   9%|▉         | 18/201 [00:00<00:00, 3377.36it/s, Materializing param=model.layers.1.self_attn.o_proj.weight]Loading weights:   9%|▉         | 19/201 [00:00<00:00, 3501.09it/s, Materializing param=model.layers.1.self_attn.q_proj.weight]Loading weights:   9%|▉         | 19/201 [00:00<00:00, 3473.47it/s, Materializing param=model.layers.1.self_attn.q_proj.weight]Loading weights:  10%|▉         | 20/201 [00:00<00:00, 3592.40it/s, Materializing param=model.layers.1.self_attn.v_proj.weight]Loading weights:  10%|▉         | 20/201 [00:00<00:00, 3564.92it/s, Materializing param=model.layers.1.self_attn.v_proj.weight]Loading weights:  10%|█         | 21/201 [00:00<00:00, 3679.83it/s, Materializing param=model.layers.2.input_layernorm.weight] Loading weights:  10%|█         | 21/201 [00:00<00:00, 3651.61it/s, Materializing param=model.layers.2.input_layernorm.weight]Loading weights:  11%|█         | 22/201 [00:00<00:00, 3762.01it/s, Materializing param=model.layers.2.mlp.down_proj.weight]  Loading weights:  11%|█         | 22/201 [00:00<00:00, 3735.36it/s, Materializing param=model.layers.2.mlp.down_proj.weight]Loading weights:  11%|█▏        | 23/201 [00:00<00:00, 3839.10it/s, Materializing param=model.layers.2.mlp.gate_proj.weight]Loading weights:  11%|█▏        | 23/201 [00:00<00:00, 3812.10it/s, Materializing param=model.layers.2.mlp.gate_proj.weight]Loading weights:  12%|█▏        | 24/201 [00:00<00:00, 3425.90it/s, Materializing param=model.layers.2.mlp.up_proj.weight]  Loading weights:  12%|█▏        | 24/201 [00:00<00:00, 3404.70it/s, Materializing param=model.layers.2.mlp.up_proj.weight]Loading weights:  12%|█▏        | 25/201 [00:00<00:00, 3498.64it/s, Materializing param=model.layers.2.post_attention_layernorm.weight]Loading weights:  12%|█▏        | 25/201 [00:00<00:00, 3476.94it/s, Materializing param=model.layers.2.post_attention_layernorm.weight]Loading weights:  13%|█▎        | 26/201 [00:00<00:00, 3567.75it/s, Materializing param=model.layers.2.self_attn.k_proj.weight]        Loading weights:  13%|█▎        | 26/201 [00:00<00:00, 3545.83it/s, Materializing param=model.layers.2.self_attn.k_proj.weight]Loading weights:  13%|█▎        | 27/201 [00:00<00:00, 3632.83it/s, Materializing param=model.layers.2.self_attn.o_proj.weight]Loading weights:  13%|█▎        | 27/201 [00:00<00:00, 3611.97it/s, Materializing param=model.layers.2.self_attn.o_proj.weight]Loading weights:  14%|█▍        | 28/201 [00:00<00:00, 3696.70it/s, Materializing param=model.layers.2.self_attn.q_proj.weight]Loading weights:  14%|█▍        | 28/201 [00:00<00:00, 3676.45it/s, Materializing param=model.layers.2.self_attn.q_proj.weight]Loading weights:  14%|█▍        | 29/201 [00:00<00:00, 3321.27it/s, Materializing param=model.layers.2.self_attn.v_proj.weight]Loading weights:  14%|█▍        | 29/201 [00:00<00:00, 3304.31it/s, Materializing param=model.layers.2.self_attn.v_proj.weight]Loading weights:  15%|█▍        | 30/201 [00:00<00:00, 3380.23it/s, Materializing param=model.layers.3.input_layernorm.weight] Loading weights:  15%|█▍        | 30/201 [00:00<00:00, 3364.50it/s, Materializing param=model.layers.3.input_layernorm.weight]Loading weights:  15%|█▌        | 31/201 [00:00<00:00, 3439.41it/s, Materializing param=model.layers.3.mlp.down_proj.weight]  Loading weights:  15%|█▌        | 31/201 [00:00<00:00, 3423.29it/s, Materializing param=model.layers.3.mlp.down_proj.weight]Loading weights:  16%|█▌        | 32/201 [00:00<00:00, 3496.07it/s, Materializing param=model.layers.3.mlp.gate_proj.weight]Loading weights:  16%|█▌        | 32/201 [00:00<00:00, 3479.76it/s, Materializing param=model.layers.3.mlp.gate_proj.weight]Loading weights:  16%|█▋        | 33/201 [00:00<00:00, 3276.64it/s, Materializing param=model.layers.3.mlp.up_proj.weight]  Loading weights:  16%|█▋        | 33/201 [00:00<00:00, 3262.43it/s, Materializing param=model.layers.3.mlp.up_proj.weight]Loading weights:  17%|█▋        | 34/201 [00:00<00:00, 3326.56it/s, Materializing param=model.layers.3.post_attention_layernorm.weight]Loading weights:  17%|█▋        | 34/201 [00:00<00:00, 3312.34it/s, Materializing param=model.layers.3.post_attention_layernorm.weight]Loading weights:  17%|█▋        | 35/201 [00:00<00:00, 3382.19it/s, Materializing param=model.layers.3.self_attn.k_proj.weight]        Loading weights:  17%|█▋        | 35/201 [00:00<00:00, 3368.61it/s, Materializing param=model.layers.3.self_attn.k_proj.weight]Loading weights:  18%|█▊        | 36/201 [00:00<00:00, 3432.95it/s, Materializing param=model.layers.3.self_attn.o_proj.weight]Loading weights:  18%|█▊        | 36/201 [00:00<00:00, 3419.11it/s, Materializing param=model.layers.3.self_attn.o_proj.weight]Loading weights:  18%|█▊        | 37/201 [00:00<00:00, 3482.23it/s, Materializing param=model.layers.3.self_attn.q_proj.weight]Loading weights:  18%|█▊        | 37/201 [00:00<00:00, 3468.46it/s, Materializing param=model.layers.3.self_attn.q_proj.weight]Loading weights:  19%|█▉        | 38/201 [00:00<00:00, 3529.93it/s, Materializing param=model.layers.3.self_attn.v_proj.weight]Loading weights:  19%|█▉        | 38/201 [00:00<00:00, 3516.38it/s, Materializing param=model.layers.3.self_attn.v_proj.weight]Loading weights:  19%|█▉        | 39/201 [00:00<00:00, 3097.77it/s, Materializing param=model.layers.4.input_layernorm.weight] Loading weights:  19%|█▉        | 39/201 [00:00<00:00, 3049.15it/s, Materializing param=model.layers.4.input_layernorm.weight]Loading weights:  20%|█▉        | 40/201 [00:00<00:00, 3090.98it/s, Materializing param=model.layers.4.mlp.down_proj.weight]  Loading weights:  20%|█▉        | 40/201 [00:00<00:00, 3079.35it/s, Materializing param=model.layers.4.mlp.down_proj.weight]Loading weights:  20%|██        | 41/201 [00:00<00:00, 3109.14it/s, Materializing param=model.layers.4.mlp.gate_proj.weight]Loading weights:  20%|██        | 41/201 [00:00<00:00, 3098.44it/s, Materializing param=model.layers.4.mlp.gate_proj.weight]Loading weights:  21%|██        | 42/201 [00:00<00:00, 3153.10it/s, Materializing param=model.layers.4.mlp.up_proj.weight]  Loading weights:  21%|██        | 42/201 [00:00<00:00, 3143.37it/s, Materializing param=model.layers.4.mlp.up_proj.weight]Loading weights:  21%|██▏       | 43/201 [00:00<00:00, 3196.54it/s, Materializing param=model.layers.4.post_attention_layernorm.weight]Loading weights:  21%|██▏       | 43/201 [00:00<00:00, 3185.87it/s, Materializing param=model.layers.4.post_attention_layernorm.weight]Loading weights:  22%|██▏       | 44/201 [00:00<00:00, 3225.15it/s, Materializing param=model.layers.4.self_attn.k_proj.weight]        Loading weights:  22%|██▏       | 44/201 [00:00<00:00, 3214.81it/s, Materializing param=model.layers.4.self_attn.k_proj.weight]Loading weights:  22%|██▏       | 45/201 [00:00<00:00, 3264.11it/s, Materializing param=model.layers.4.self_attn.o_proj.weight]Loading weights:  22%|██▏       | 45/201 [00:00<00:00, 3253.98it/s, Materializing param=model.layers.4.self_attn.o_proj.weight]Loading weights:  23%|██▎       | 46/201 [00:00<00:00, 3298.20it/s, Materializing param=model.layers.4.self_attn.q_proj.weight]Loading weights:  23%|██▎       | 46/201 [00:00<00:00, 3286.68it/s, Materializing param=model.layers.4.self_attn.q_proj.weight]Loading weights:  23%|██▎       | 47/201 [00:00<00:00, 3305.20it/s, Materializing param=model.layers.4.self_attn.v_proj.weight]Loading weights:  23%|██▎       | 47/201 [00:00<00:00, 3294.82it/s, Materializing param=model.layers.4.self_attn.v_proj.weight]Loading weights:  24%|██▍       | 48/201 [00:00<00:00, 3341.24it/s, Materializing param=model.layers.5.input_layernorm.weight] Loading weights:  24%|██▍       | 48/201 [00:00<00:00, 3331.24it/s, Materializing param=model.layers.5.input_layernorm.weight]Loading weights:  24%|██▍       | 49/201 [00:00<00:00, 3373.45it/s, Materializing param=model.layers.5.mlp.down_proj.weight]  Loading weights:  24%|██▍       | 49/201 [00:00<00:00, 3363.63it/s, Materializing param=model.layers.5.mlp.down_proj.weight]Loading weights:  25%|██▍       | 50/201 [00:00<00:00, 3403.80it/s, Materializing param=model.layers.5.mlp.gate_proj.weight]Loading weights:  25%|██▍       | 50/201 [00:00<00:00, 3393.83it/s, Materializing param=model.layers.5.mlp.gate_proj.weight]Loading weights:  25%|██▌       | 51/201 [00:00<00:00, 3352.81it/s, Materializing param=model.layers.5.mlp.up_proj.weight]  Loading weights:  25%|██▌       | 51/201 [00:00<00:00, 3343.28it/s, Materializing param=model.layers.5.mlp.up_proj.weight]Loading weights:  26%|██▌       | 52/201 [00:00<00:00, 3352.40it/s, Materializing param=model.layers.5.post_attention_layernorm.weight]Loading weights:  26%|██▌       | 52/201 [00:00<00:00, 3342.59it/s, Materializing param=model.layers.5.post_attention_layernorm.weight]Loading weights:  26%|██▋       | 53/201 [00:00<00:00, 3385.34it/s, Materializing param=model.layers.5.self_attn.k_proj.weight]        Loading weights:  26%|██▋       | 53/201 [00:00<00:00, 3375.67it/s, Materializing param=model.layers.5.self_attn.k_proj.weight]Loading weights:  27%|██▋       | 54/201 [00:00<00:00, 3407.95it/s, Materializing param=model.layers.5.self_attn.o_proj.weight]Loading weights:  27%|██▋       | 54/201 [00:00<00:00, 3398.80it/s, Materializing param=model.layers.5.self_attn.o_proj.weight]Loading weights:  27%|██▋       | 55/201 [00:00<00:00, 3440.42it/s, Materializing param=model.layers.5.self_attn.q_proj.weight]Loading weights:  27%|██▋       | 55/201 [00:00<00:00, 3431.31it/s, Materializing param=model.layers.5.self_attn.q_proj.weight]Loading weights:  28%|██▊       | 56/201 [00:00<00:00, 3379.10it/s, Materializing param=model.layers.5.self_attn.v_proj.weight]Loading weights:  28%|██▊       | 56/201 [00:00<00:00, 3370.42it/s, Materializing param=model.layers.5.self_attn.v_proj.weight]Loading weights:  28%|██▊       | 57/201 [00:00<00:00, 3410.54it/s, Materializing param=model.layers.6.input_layernorm.weight] Loading weights:  28%|██▊       | 57/201 [00:00<00:00, 3402.00it/s, Materializing param=model.layers.6.input_layernorm.weight]Loading weights:  29%|██▉       | 58/201 [00:00<00:00, 3437.81it/s, Materializing param=model.layers.6.mlp.down_proj.weight]  Loading weights:  29%|██▉       | 58/201 [00:00<00:00, 3429.28it/s, Materializing param=model.layers.6.mlp.down_proj.weight]Loading weights:  29%|██▉       | 59/201 [00:00<00:00, 3471.57it/s, Materializing param=model.layers.6.mlp.gate_proj.weight]Loading weights:  29%|██▉       | 59/201 [00:00<00:00, 3463.41it/s, Materializing param=model.layers.6.mlp.gate_proj.weight]Loading weights:  30%|██▉       | 60/201 [00:00<00:00, 3504.11it/s, Materializing param=model.layers.6.mlp.up_proj.weight]  Loading weights:  30%|██▉       | 60/201 [00:00<00:00, 3495.45it/s, Materializing param=model.layers.6.mlp.up_proj.weight]Loading weights:  30%|███       | 61/201 [00:00<00:00, 3458.78it/s, Materializing param=model.layers.6.post_attention_layernorm.weight]Loading weights:  30%|███       | 61/201 [00:00<00:00, 3449.82it/s, Materializing param=model.layers.6.post_attention_layernorm.weight]Loading weights:  31%|███       | 62/201 [00:00<00:00, 3487.10it/s, Materializing param=model.layers.6.self_attn.k_proj.weight]        Loading weights:  31%|███       | 62/201 [00:00<00:00, 3478.84it/s, Materializing param=model.layers.6.self_attn.k_proj.weight]Loading weights:  31%|███▏      | 63/201 [00:00<00:00, 3511.74it/s, Materializing param=model.layers.6.self_attn.o_proj.weight]Loading weights:  31%|███▏      | 63/201 [00:00<00:00, 3502.71it/s, Materializing param=model.layers.6.self_attn.o_proj.weight]Loading weights:  32%|███▏      | 64/201 [00:00<00:00, 3512.40it/s, Materializing param=model.layers.6.self_attn.q_proj.weight]Loading weights:  32%|███▏      | 64/201 [00:00<00:00, 3504.10it/s, Materializing param=model.layers.6.self_attn.q_proj.weight]Loading weights:  32%|███▏      | 65/201 [00:00<00:00, 3542.81it/s, Materializing param=model.layers.6.self_attn.v_proj.weight]Loading weights:  32%|███▏      | 65/201 [00:00<00:00, 3534.95it/s, Materializing param=model.layers.6.self_attn.v_proj.weight]Loading weights:  33%|███▎      | 66/201 [00:00<00:00, 3522.02it/s, Materializing param=model.layers.7.input_layernorm.weight] Loading weights:  33%|███▎      | 66/201 [00:00<00:00, 3513.71it/s, Materializing param=model.layers.7.input_layernorm.weight]Loading weights:  33%|███▎      | 67/201 [00:00<00:00, 3548.48it/s, Materializing param=model.layers.7.mlp.down_proj.weight]  Loading weights:  33%|███▎      | 67/201 [00:00<00:00, 3540.48it/s, Materializing param=model.layers.7.mlp.down_proj.weight]Loading weights:  34%|███▍      | 68/201 [00:00<00:00, 3571.18it/s, Materializing param=model.layers.7.mlp.gate_proj.weight]Loading weights:  34%|███▍      | 68/201 [00:00<00:00, 3563.29it/s, Materializing param=model.layers.7.mlp.gate_proj.weight]Loading weights:  34%|███▍      | 69/201 [00:00<00:00, 2811.69it/s, Materializing param=model.layers.7.mlp.up_proj.weight]  Loading weights:  34%|███▍      | 69/201 [00:00<00:00, 2803.62it/s, Materializing param=model.layers.7.mlp.up_proj.weight]Loading weights:  35%|███▍      | 70/201 [00:00<00:00, 2827.66it/s, Materializing param=model.layers.7.post_attention_layernorm.weight]Loading weights:  35%|███▍      | 70/201 [00:00<00:00, 2820.05it/s, Materializing param=model.layers.7.post_attention_layernorm.weight]Loading weights:  35%|███▌      | 71/201 [00:00<00:00, 2844.08it/s, Materializing param=model.layers.7.self_attn.k_proj.weight]        Loading weights:  35%|███▌      | 71/201 [00:00<00:00, 2836.55it/s, Materializing param=model.layers.7.self_attn.k_proj.weight]Loading weights:  36%|███▌      | 72/201 [00:00<00:00, 2860.19it/s, Materializing param=model.layers.7.self_attn.o_proj.weight]Loading weights:  36%|███▌      | 72/201 [00:00<00:00, 2853.00it/s, Materializing param=model.layers.7.self_attn.o_proj.weight]Loading weights:  36%|███▋      | 73/201 [00:00<00:00, 2876.54it/s, Materializing param=model.layers.7.self_attn.q_proj.weight]Loading weights:  36%|███▋      | 73/201 [00:00<00:00, 2868.99it/s, Materializing param=model.layers.7.self_attn.q_proj.weight]Loading weights:  37%|███▋      | 74/201 [00:00<00:00, 2892.27it/s, Materializing param=model.layers.7.self_attn.v_proj.weight]Loading weights:  37%|███▋      | 74/201 [00:00<00:00, 2884.72it/s, Materializing param=model.layers.7.self_attn.v_proj.weight]Loading weights:  37%|███▋      | 75/201 [00:00<00:00, 2907.86it/s, Materializing param=model.layers.8.input_layernorm.weight] Loading weights:  37%|███▋      | 75/201 [00:00<00:00, 2900.38it/s, Materializing param=model.layers.8.input_layernorm.weight]Loading weights:  38%|███▊      | 76/201 [00:00<00:00, 2922.65it/s, Materializing param=model.layers.8.mlp.down_proj.weight]  Loading weights:  38%|███▊      | 76/201 [00:00<00:00, 2915.03it/s, Materializing param=model.layers.8.mlp.down_proj.weight]Loading weights:  38%|███▊      | 77/201 [00:00<00:00, 2927.15it/s, Materializing param=model.layers.8.mlp.gate_proj.weight]Loading weights:  38%|███▊      | 77/201 [00:00<00:00, 2919.79it/s, Materializing param=model.layers.8.mlp.gate_proj.weight]Loading weights:  39%|███▉      | 78/201 [00:00<00:00, 2941.94it/s, Materializing param=model.layers.8.mlp.up_proj.weight]  Loading weights:  39%|███▉      | 78/201 [00:00<00:00, 2934.61it/s, Materializing param=model.layers.8.mlp.up_proj.weight]Loading weights:  39%|███▉      | 79/201 [00:00<00:00, 2956.48it/s, Materializing param=model.layers.8.post_attention_layernorm.weight]Loading weights:  39%|███▉      | 79/201 [00:00<00:00, 2948.79it/s, Materializing param=model.layers.8.post_attention_layernorm.weight]Loading weights:  40%|███▉      | 80/201 [00:00<00:00, 2970.15it/s, Materializing param=model.layers.8.self_attn.k_proj.weight]        Loading weights:  40%|███▉      | 80/201 [00:00<00:00, 2962.52it/s, Materializing param=model.layers.8.self_attn.k_proj.weight]Loading weights:  40%|████      | 81/201 [00:00<00:00, 2983.70it/s, Materializing param=model.layers.8.self_attn.o_proj.weight]Loading weights:  40%|████      | 81/201 [00:00<00:00, 2976.25it/s, Materializing param=model.layers.8.self_attn.o_proj.weight]Loading weights:  41%|████      | 82/201 [00:00<00:00, 2878.05it/s, Materializing param=model.layers.8.self_attn.q_proj.weight]Loading weights:  41%|████      | 82/201 [00:00<00:00, 2871.52it/s, Materializing param=model.layers.8.self_attn.q_proj.weight]Loading weights:  41%|████▏     | 83/201 [00:00<00:00, 2892.05it/s, Materializing param=model.layers.8.self_attn.v_proj.weight]Loading weights:  41%|████▏     | 83/201 [00:00<00:00, 2885.41it/s, Materializing param=model.layers.8.self_attn.v_proj.weight]Loading weights:  42%|████▏     | 84/201 [00:00<00:00, 2905.79it/s, Materializing param=model.layers.9.input_layernorm.weight] Loading weights:  42%|████▏     | 84/201 [00:00<00:00, 2898.98it/s, Materializing param=model.layers.9.input_layernorm.weight]Loading weights:  42%|████▏     | 85/201 [00:00<00:00, 2918.94it/s, Materializing param=model.layers.9.mlp.down_proj.weight]  Loading weights:  42%|████▏     | 85/201 [00:00<00:00, 2912.12it/s, Materializing param=model.layers.9.mlp.down_proj.weight]Loading weights:  43%|████▎     | 86/201 [00:00<00:00, 2932.27it/s, Materializing param=model.layers.9.mlp.gate_proj.weight]Loading weights:  43%|████▎     | 86/201 [00:00<00:00, 2925.51it/s, Materializing param=model.layers.9.mlp.gate_proj.weight]Loading weights:  43%|████▎     | 87/201 [00:00<00:00, 2897.03it/s, Materializing param=model.layers.9.mlp.up_proj.weight]  Loading weights:  43%|████▎     | 87/201 [00:00<00:00, 2890.40it/s, Materializing param=model.layers.9.mlp.up_proj.weight]Loading weights:  44%|████▍     | 88/201 [00:00<00:00, 2911.59it/s, Materializing param=model.layers.9.post_attention_layernorm.weight]Loading weights:  44%|████▍     | 88/201 [00:00<00:00, 2905.15it/s, Materializing param=model.layers.9.post_attention_layernorm.weight]Loading weights:  44%|████▍     | 89/201 [00:00<00:00, 2926.21it/s, Materializing param=model.layers.9.self_attn.k_proj.weight]        Loading weights:  44%|████▍     | 89/201 [00:00<00:00, 2920.02it/s, Materializing param=model.layers.9.self_attn.k_proj.weight]Loading weights:  45%|████▍     | 90/201 [00:00<00:00, 2939.06it/s, Materializing param=model.layers.9.self_attn.o_proj.weight]Loading weights:  45%|████▍     | 90/201 [00:00<00:00, 2932.67it/s, Materializing param=model.layers.9.self_attn.o_proj.weight]Loading weights:  45%|████▌     | 91/201 [00:00<00:00, 2951.59it/s, Materializing param=model.layers.9.self_attn.q_proj.weight]Loading weights:  45%|████▌     | 91/201 [00:00<00:00, 2945.17it/s, Materializing param=model.layers.9.self_attn.q_proj.weight]Loading weights:  46%|████▌     | 92/201 [00:00<00:00, 2964.04it/s, Materializing param=model.layers.9.self_attn.v_proj.weight]Loading weights:  46%|████▌     | 92/201 [00:00<00:00, 2957.67it/s, Materializing param=model.layers.9.self_attn.v_proj.weight]Loading weights:  46%|████▋     | 93/201 [00:00<00:00, 2976.27it/s, Materializing param=model.layers.10.input_layernorm.weight]Loading weights:  46%|████▋     | 93/201 [00:00<00:00, 2970.00it/s, Materializing param=model.layers.10.input_layernorm.weight]Loading weights:  47%|████▋     | 94/201 [00:00<00:00, 2988.55it/s, Materializing param=model.layers.10.mlp.down_proj.weight]  Loading weights:  47%|████▋     | 94/201 [00:00<00:00, 2982.47it/s, Materializing param=model.layers.10.mlp.down_proj.weight]Loading weights:  47%|████▋     | 95/201 [00:00<00:00, 3000.60it/s, Materializing param=model.layers.10.mlp.gate_proj.weight]Loading weights:  47%|████▋     | 95/201 [00:00<00:00, 2994.40it/s, Materializing param=model.layers.10.mlp.gate_proj.weight]Loading weights:  48%|████▊     | 96/201 [00:00<00:00, 3012.74it/s, Materializing param=model.layers.10.mlp.up_proj.weight]  Loading weights:  48%|████▊     | 96/201 [00:00<00:00, 3006.60it/s, Materializing param=model.layers.10.mlp.up_proj.weight]Loading weights:  48%|████▊     | 97/201 [00:00<00:00, 3024.71it/s, Materializing param=model.layers.10.post_attention_layernorm.weight]Loading weights:  48%|████▊     | 97/201 [00:00<00:00, 3018.34it/s, Materializing param=model.layers.10.post_attention_layernorm.weight]Loading weights:  49%|████▉     | 98/201 [00:00<00:00, 3036.03it/s, Materializing param=model.layers.10.self_attn.k_proj.weight]        Loading weights:  49%|████▉     | 98/201 [00:00<00:00, 3029.85it/s, Materializing param=model.layers.10.self_attn.k_proj.weight]Loading weights:  49%|████▉     | 99/201 [00:00<00:00, 3047.54it/s, Materializing param=model.layers.10.self_attn.o_proj.weight]Loading weights:  49%|████▉     | 99/201 [00:00<00:00, 3041.33it/s, Materializing param=model.layers.10.self_attn.o_proj.weight]Loading weights:  50%|████▉     | 100/201 [00:00<00:00, 3058.86it/s, Materializing param=model.layers.10.self_attn.q_proj.weight]Loading weights:  50%|████▉     | 100/201 [00:00<00:00, 3052.56it/s, Materializing param=model.layers.10.self_attn.q_proj.weight]Loading weights:  50%|█████     | 101/201 [00:00<00:00, 3069.72it/s, Materializing param=model.layers.10.self_attn.v_proj.weight]Loading weights:  50%|█████     | 101/201 [00:00<00:00, 3063.73it/s, Materializing param=model.layers.10.self_attn.v_proj.weight]Loading weights:  51%|█████     | 102/201 [00:00<00:00, 3080.89it/s, Materializing param=model.layers.11.input_layernorm.weight] Loading weights:  51%|█████     | 102/201 [00:00<00:00, 3074.69it/s, Materializing param=model.layers.11.input_layernorm.weight]Loading weights:  51%|█████     | 103/201 [00:00<00:00, 3091.88it/s, Materializing param=model.layers.11.mlp.down_proj.weight]  Loading weights:  51%|█████     | 103/201 [00:00<00:00, 3085.70it/s, Materializing param=model.layers.11.mlp.down_proj.weight]Loading weights:  52%|█████▏    | 104/201 [00:00<00:00, 3102.45it/s, Materializing param=model.layers.11.mlp.gate_proj.weight]Loading weights:  52%|█████▏    | 104/201 [00:00<00:00, 3096.09it/s, Materializing param=model.layers.11.mlp.gate_proj.weight]Loading weights:  52%|█████▏    | 105/201 [00:00<00:00, 3112.60it/s, Materializing param=model.layers.11.mlp.up_proj.weight]  Loading weights:  52%|█████▏    | 105/201 [00:00<00:00, 3106.39it/s, Materializing param=model.layers.11.mlp.up_proj.weight]Loading weights:  53%|█████▎    | 106/201 [00:00<00:00, 3123.11it/s, Materializing param=model.layers.11.post_attention_layernorm.weight]Loading weights:  53%|█████▎    | 106/201 [00:00<00:00, 3116.28it/s, Materializing param=model.layers.11.post_attention_layernorm.weight]Loading weights:  53%|█████▎    | 107/201 [00:00<00:00, 3132.42it/s, Materializing param=model.layers.11.self_attn.k_proj.weight]        Loading weights:  53%|█████▎    | 107/201 [00:00<00:00, 3126.48it/s, Materializing param=model.layers.11.self_attn.k_proj.weight]Loading weights:  54%|█████▎    | 108/201 [00:00<00:00, 3142.61it/s, Materializing param=model.layers.11.self_attn.o_proj.weight]Loading weights:  54%|█████▎    | 108/201 [00:00<00:00, 3136.43it/s, Materializing param=model.layers.11.self_attn.o_proj.weight]Loading weights:  54%|█████▍    | 109/201 [00:00<00:00, 3152.50it/s, Materializing param=model.layers.11.self_attn.q_proj.weight]Loading weights:  54%|█████▍    | 109/201 [00:00<00:00, 3146.60it/s, Materializing param=model.layers.11.self_attn.q_proj.weight]Loading weights:  55%|█████▍    | 110/201 [00:00<00:00, 3162.52it/s, Materializing param=model.layers.11.self_attn.v_proj.weight]Loading weights:  55%|█████▍    | 110/201 [00:00<00:00, 3156.70it/s, Materializing param=model.layers.11.self_attn.v_proj.weight]Loading weights:  55%|█████▌    | 111/201 [00:00<00:00, 3172.61it/s, Materializing param=model.layers.12.input_layernorm.weight] Loading weights:  55%|█████▌    | 111/201 [00:00<00:00, 3166.46it/s, Materializing param=model.layers.12.input_layernorm.weight]Loading weights:  56%|█████▌    | 112/201 [00:00<00:00, 3182.32it/s, Materializing param=model.layers.12.mlp.down_proj.weight]  Loading weights:  56%|█████▌    | 112/201 [00:00<00:00, 3176.21it/s, Materializing param=model.layers.12.mlp.down_proj.weight]Loading weights:  56%|█████▌    | 113/201 [00:00<00:00, 3191.73it/s, Materializing param=model.layers.12.mlp.gate_proj.weight]Loading weights:  56%|█████▌    | 113/201 [00:00<00:00, 3185.55it/s, Materializing param=model.layers.12.mlp.gate_proj.weight]Loading weights:  57%|█████▋    | 114/201 [00:00<00:00, 3201.03it/s, Materializing param=model.layers.12.mlp.up_proj.weight]  Loading weights:  57%|█████▋    | 114/201 [00:00<00:00, 3194.93it/s, Materializing param=model.layers.12.mlp.up_proj.weight]Loading weights:  57%|█████▋    | 115/201 [00:00<00:00, 3210.20it/s, Materializing param=model.layers.12.post_attention_layernorm.weight]Loading weights:  57%|█████▋    | 115/201 [00:00<00:00, 3203.93it/s, Materializing param=model.layers.12.post_attention_layernorm.weight]Loading weights:  58%|█████▊    | 116/201 [00:00<00:00, 3218.98it/s, Materializing param=model.layers.12.self_attn.k_proj.weight]        Loading weights:  58%|█████▊    | 116/201 [00:00<00:00, 3212.84it/s, Materializing param=model.layers.12.self_attn.k_proj.weight]Loading weights:  58%|█████▊    | 117/201 [00:00<00:00, 3227.79it/s, Materializing param=model.layers.12.self_attn.o_proj.weight]Loading weights:  58%|█████▊    | 117/201 [00:00<00:00, 3221.79it/s, Materializing param=model.layers.12.self_attn.o_proj.weight]Loading weights:  59%|█████▊    | 118/201 [00:00<00:00, 3236.71it/s, Materializing param=model.layers.12.self_attn.q_proj.weight]Loading weights:  59%|█████▊    | 118/201 [00:00<00:00, 3230.68it/s, Materializing param=model.layers.12.self_attn.q_proj.weight]Loading weights:  59%|█████▉    | 119/201 [00:00<00:00, 3245.46it/s, Materializing param=model.layers.12.self_attn.v_proj.weight]Loading weights:  59%|█████▉    | 119/201 [00:00<00:00, 3239.43it/s, Materializing param=model.layers.12.self_attn.v_proj.weight]Loading weights:  60%|█████▉    | 120/201 [00:00<00:00, 3254.03it/s, Materializing param=model.layers.13.input_layernorm.weight] Loading weights:  60%|█████▉    | 120/201 [00:00<00:00, 3248.13it/s, Materializing param=model.layers.13.input_layernorm.weight]Loading weights:  60%|██████    | 121/201 [00:00<00:00, 3262.69it/s, Materializing param=model.layers.13.mlp.down_proj.weight]  Loading weights:  60%|██████    | 121/201 [00:00<00:00, 3256.78it/s, Materializing param=model.layers.13.mlp.down_proj.weight]Loading weights:  61%|██████    | 122/201 [00:00<00:00, 3271.00it/s, Materializing param=model.layers.13.mlp.gate_proj.weight]Loading weights:  61%|██████    | 122/201 [00:00<00:00, 3265.20it/s, Materializing param=model.layers.13.mlp.gate_proj.weight]Loading weights:  61%|██████    | 123/201 [00:00<00:00, 3279.65it/s, Materializing param=model.layers.13.mlp.up_proj.weight]  Loading weights:  61%|██████    | 123/201 [00:00<00:00, 3273.76it/s, Materializing param=model.layers.13.mlp.up_proj.weight]Loading weights:  62%|██████▏   | 124/201 [00:00<00:00, 3288.07it/s, Materializing param=model.layers.13.post_attention_layernorm.weight]Loading weights:  62%|██████▏   | 124/201 [00:00<00:00, 3281.68it/s, Materializing param=model.layers.13.post_attention_layernorm.weight]Loading weights:  62%|██████▏   | 125/201 [00:00<00:00, 3295.58it/s, Materializing param=model.layers.13.self_attn.k_proj.weight]        Loading weights:  62%|██████▏   | 125/201 [00:00<00:00, 3289.28it/s, Materializing param=model.layers.13.self_attn.k_proj.weight]Loading weights:  63%|██████▎   | 126/201 [00:00<00:00, 3303.16it/s, Materializing param=model.layers.13.self_attn.o_proj.weight]Loading weights:  63%|██████▎   | 126/201 [00:00<00:00, 3297.22it/s, Materializing param=model.layers.13.self_attn.o_proj.weight]Loading weights:  63%|██████▎   | 127/201 [00:00<00:00, 3311.04it/s, Materializing param=model.layers.13.self_attn.q_proj.weight]Loading weights:  63%|██████▎   | 127/201 [00:00<00:00, 3305.20it/s, Materializing param=model.layers.13.self_attn.q_proj.weight]Loading weights:  64%|██████▎   | 128/201 [00:00<00:00, 3319.00it/s, Materializing param=model.layers.13.self_attn.v_proj.weight]Loading weights:  64%|██████▎   | 128/201 [00:00<00:00, 3313.10it/s, Materializing param=model.layers.13.self_attn.v_proj.weight]Loading weights:  64%|██████▍   | 129/201 [00:00<00:00, 3326.87it/s, Materializing param=model.layers.14.input_layernorm.weight] Loading weights:  64%|██████▍   | 129/201 [00:00<00:00, 3321.25it/s, Materializing param=model.layers.14.input_layernorm.weight]Loading weights:  65%|██████▍   | 130/201 [00:00<00:00, 3335.08it/s, Materializing param=model.layers.14.mlp.down_proj.weight]  Loading weights:  65%|██████▍   | 130/201 [00:00<00:00, 3329.28it/s, Materializing param=model.layers.14.mlp.down_proj.weight]Loading weights:  65%|██████▌   | 131/201 [00:00<00:00, 3342.75it/s, Materializing param=model.layers.14.mlp.gate_proj.weight]Loading weights:  65%|██████▌   | 131/201 [00:00<00:00, 3337.04it/s, Materializing param=model.layers.14.mlp.gate_proj.weight]Loading weights:  66%|██████▌   | 132/201 [00:00<00:00, 3350.51it/s, Materializing param=model.layers.14.mlp.up_proj.weight]  Loading weights:  66%|██████▌   | 132/201 [00:00<00:00, 3344.70it/s, Materializing param=model.layers.14.mlp.up_proj.weight]Loading weights:  66%|██████▌   | 133/201 [00:00<00:00, 3358.11it/s, Materializing param=model.layers.14.post_attention_layernorm.weight]Loading weights:  66%|██████▌   | 133/201 [00:00<00:00, 3352.32it/s, Materializing param=model.layers.14.post_attention_layernorm.weight]Loading weights:  67%|██████▋   | 134/201 [00:00<00:00, 3365.47it/s, Materializing param=model.layers.14.self_attn.k_proj.weight]        Loading weights:  67%|██████▋   | 134/201 [00:00<00:00, 3359.78it/s, Materializing param=model.layers.14.self_attn.k_proj.weight]Loading weights:  67%|██████▋   | 135/201 [00:00<00:00, 3372.97it/s, Materializing param=model.layers.14.self_attn.o_proj.weight]Loading weights:  67%|██████▋   | 135/201 [00:00<00:00, 3367.26it/s, Materializing param=model.layers.14.self_attn.o_proj.weight]Loading weights:  68%|██████▊   | 136/201 [00:00<00:00, 3380.36it/s, Materializing param=model.layers.14.self_attn.q_proj.weight]Loading weights:  68%|██████▊   | 136/201 [00:00<00:00, 3374.70it/s, Materializing param=model.layers.14.self_attn.q_proj.weight]Loading weights:  68%|██████▊   | 137/201 [00:00<00:00, 3387.63it/s, Materializing param=model.layers.14.self_attn.v_proj.weight]Loading weights:  68%|██████▊   | 137/201 [00:00<00:00, 3382.22it/s, Materializing param=model.layers.14.self_attn.v_proj.weight]Loading weights:  69%|██████▊   | 138/201 [00:00<00:00, 3395.16it/s, Materializing param=model.layers.15.input_layernorm.weight] Loading weights:  69%|██████▊   | 138/201 [00:00<00:00, 3389.75it/s, Materializing param=model.layers.15.input_layernorm.weight]Loading weights:  69%|██████▉   | 139/201 [00:00<00:00, 3402.80it/s, Materializing param=model.layers.15.mlp.down_proj.weight]  Loading weights:  69%|██████▉   | 139/201 [00:00<00:00, 3397.27it/s, Materializing param=model.layers.15.mlp.down_proj.weight]Loading weights:  70%|██████▉   | 140/201 [00:00<00:00, 3406.82it/s, Materializing param=model.layers.15.mlp.gate_proj.weight]Loading weights:  70%|██████▉   | 140/201 [00:00<00:00, 3400.50it/s, Materializing param=model.layers.15.mlp.gate_proj.weight]Loading weights:  70%|███████   | 141/201 [00:00<00:00, 3411.71it/s, Materializing param=model.layers.15.mlp.up_proj.weight]  Loading weights:  70%|███████   | 141/201 [00:00<00:00, 3405.53it/s, Materializing param=model.layers.15.mlp.up_proj.weight]Loading weights:  71%|███████   | 142/201 [00:00<00:00, 3416.63it/s, Materializing param=model.layers.15.post_attention_layernorm.weight]Loading weights:  71%|███████   | 142/201 [00:00<00:00, 3410.26it/s, Materializing param=model.layers.15.post_attention_layernorm.weight]Loading weights:  71%|███████   | 143/201 [00:00<00:00, 3421.56it/s, Materializing param=model.layers.15.self_attn.k_proj.weight]        Loading weights:  71%|███████   | 143/201 [00:00<00:00, 3415.30it/s, Materializing param=model.layers.15.self_attn.k_proj.weight]Loading weights:  72%|███████▏  | 144/201 [00:00<00:00, 3422.54it/s, Materializing param=model.layers.15.self_attn.o_proj.weight]Loading weights:  72%|███████▏  | 144/201 [00:00<00:00, 3416.31it/s, Materializing param=model.layers.15.self_attn.o_proj.weight]Loading weights:  72%|███████▏  | 145/201 [00:00<00:00, 3428.67it/s, Materializing param=model.layers.15.self_attn.q_proj.weight]Loading weights:  72%|███████▏  | 145/201 [00:00<00:00, 3422.75it/s, Materializing param=model.layers.15.self_attn.q_proj.weight]Loading weights:  73%|███████▎  | 146/201 [00:00<00:00, 3433.50it/s, Materializing param=model.layers.15.self_attn.v_proj.weight]Loading weights:  73%|███████▎  | 146/201 [00:00<00:00, 3427.68it/s, Materializing param=model.layers.15.self_attn.v_proj.weight]Loading weights:  73%|███████▎  | 147/201 [00:00<00:00, 3438.45it/s, Materializing param=model.layers.16.input_layernorm.weight] Loading weights:  73%|███████▎  | 147/201 [00:00<00:00, 3432.40it/s, Materializing param=model.layers.16.input_layernorm.weight]Loading weights:  74%|███████▎  | 148/201 [00:00<00:00, 3443.12it/s, Materializing param=model.layers.16.mlp.down_proj.weight]  Loading weights:  74%|███████▎  | 148/201 [00:00<00:00, 3437.29it/s, Materializing param=model.layers.16.mlp.down_proj.weight]Loading weights:  74%|███████▍  | 149/201 [00:00<00:00, 3447.97it/s, Materializing param=model.layers.16.mlp.gate_proj.weight]Loading weights:  74%|███████▍  | 149/201 [00:00<00:00, 3442.14it/s, Materializing param=model.layers.16.mlp.gate_proj.weight]Loading weights:  75%|███████▍  | 150/201 [00:00<00:00, 3452.23it/s, Materializing param=model.layers.16.mlp.up_proj.weight]  Loading weights:  75%|███████▍  | 150/201 [00:00<00:00, 3446.26it/s, Materializing param=model.layers.16.mlp.up_proj.weight]Loading weights:  75%|███████▌  | 151/201 [00:00<00:00, 3456.17it/s, Materializing param=model.layers.16.post_attention_layernorm.weight]Loading weights:  75%|███████▌  | 151/201 [00:00<00:00, 3450.01it/s, Materializing param=model.layers.16.post_attention_layernorm.weight]Loading weights:  76%|███████▌  | 152/201 [00:00<00:00, 3460.21it/s, Materializing param=model.layers.16.self_attn.k_proj.weight]        Loading weights:  76%|███████▌  | 152/201 [00:00<00:00, 3454.33it/s, Materializing param=model.layers.16.self_attn.k_proj.weight]Loading weights:  76%|███████▌  | 153/201 [00:00<00:00, 3465.11it/s, Materializing param=model.layers.16.self_attn.o_proj.weight]Loading weights:  76%|███████▌  | 153/201 [00:00<00:00, 3459.45it/s, Materializing param=model.layers.16.self_attn.o_proj.weight]Loading weights:  77%|███████▋  | 154/201 [00:00<00:00, 3470.22it/s, Materializing param=model.layers.16.self_attn.q_proj.weight]Loading weights:  77%|███████▋  | 154/201 [00:00<00:00, 3464.67it/s, Materializing param=model.layers.16.self_attn.q_proj.weight]Loading weights:  77%|███████▋  | 155/201 [00:00<00:00, 3475.45it/s, Materializing param=model.layers.16.self_attn.v_proj.weight]Loading weights:  77%|███████▋  | 155/201 [00:00<00:00, 3470.01it/s, Materializing param=model.layers.16.self_attn.v_proj.weight]Loading weights:  78%|███████▊  | 156/201 [00:00<00:00, 3480.60it/s, Materializing param=model.layers.17.input_layernorm.weight] Loading weights:  78%|███████▊  | 156/201 [00:00<00:00, 3475.11it/s, Materializing param=model.layers.17.input_layernorm.weight]Loading weights:  78%|███████▊  | 157/201 [00:00<00:00, 3485.85it/s, Materializing param=model.layers.17.mlp.down_proj.weight]  Loading weights:  78%|███████▊  | 157/201 [00:00<00:00, 3480.35it/s, Materializing param=model.layers.17.mlp.down_proj.weight]Loading weights:  79%|███████▊  | 158/201 [00:00<00:00, 3490.80it/s, Materializing param=model.layers.17.mlp.gate_proj.weight]Loading weights:  79%|███████▊  | 158/201 [00:00<00:00, 3485.24it/s, Materializing param=model.layers.17.mlp.gate_proj.weight]Loading weights:  79%|███████▉  | 159/201 [00:00<00:00, 3495.51it/s, Materializing param=model.layers.17.mlp.up_proj.weight]  Loading weights:  79%|███████▉  | 159/201 [00:00<00:00, 3490.00it/s, Materializing param=model.layers.17.mlp.up_proj.weight]Loading weights:  80%|███████▉  | 160/201 [00:00<00:00, 3500.39it/s, Materializing param=model.layers.17.post_attention_layernorm.weight]Loading weights:  80%|███████▉  | 160/201 [00:00<00:00, 3494.76it/s, Materializing param=model.layers.17.post_attention_layernorm.weight]Loading weights:  80%|████████  | 161/201 [00:00<00:00, 3504.98it/s, Materializing param=model.layers.17.self_attn.k_proj.weight]        Loading weights:  80%|████████  | 161/201 [00:00<00:00, 3498.75it/s, Materializing param=model.layers.17.self_attn.k_proj.weight]Loading weights:  81%|████████  | 162/201 [00:00<00:00, 3508.70it/s, Materializing param=model.layers.17.self_attn.o_proj.weight]Loading weights:  81%|████████  | 162/201 [00:00<00:00, 3503.22it/s, Materializing param=model.layers.17.self_attn.o_proj.weight]Loading weights:  81%|████████  | 163/201 [00:00<00:00, 3513.16it/s, Materializing param=model.layers.17.self_attn.q_proj.weight]Loading weights:  81%|████████  | 163/201 [00:00<00:00, 3507.72it/s, Materializing param=model.layers.17.self_attn.q_proj.weight]Loading weights:  82%|████████▏ | 164/201 [00:00<00:00, 3517.87it/s, Materializing param=model.layers.17.self_attn.v_proj.weight]Loading weights:  82%|████████▏ | 164/201 [00:00<00:00, 3512.53it/s, Materializing param=model.layers.17.self_attn.v_proj.weight]Loading weights:  82%|████████▏ | 165/201 [00:00<00:00, 3522.54it/s, Materializing param=model.layers.18.input_layernorm.weight] Loading weights:  82%|████████▏ | 165/201 [00:00<00:00, 3517.30it/s, Materializing param=model.layers.18.input_layernorm.weight]Loading weights:  83%|████████▎ | 166/201 [00:00<00:00, 3527.43it/s, Materializing param=model.layers.18.mlp.down_proj.weight]  Loading weights:  83%|████████▎ | 166/201 [00:00<00:00, 3522.15it/s, Materializing param=model.layers.18.mlp.down_proj.weight]Loading weights:  83%|████████▎ | 167/201 [00:00<00:00, 3532.04it/s, Materializing param=model.layers.18.mlp.gate_proj.weight]Loading weights:  83%|████████▎ | 167/201 [00:00<00:00, 3526.72it/s, Materializing param=model.layers.18.mlp.gate_proj.weight]Loading weights:  84%|████████▎ | 168/201 [00:00<00:00, 3536.51it/s, Materializing param=model.layers.18.mlp.up_proj.weight]  Loading weights:  84%|████████▎ | 168/201 [00:00<00:00, 3531.16it/s, Materializing param=model.layers.18.mlp.up_proj.weight]Loading weights:  84%|████████▍ | 169/201 [00:00<00:00, 3541.02it/s, Materializing param=model.layers.18.post_attention_layernorm.weight]Loading weights:  84%|████████▍ | 169/201 [00:00<00:00, 3535.60it/s, Materializing param=model.layers.18.post_attention_layernorm.weight]Loading weights:  85%|████████▍ | 170/201 [00:00<00:00, 3545.29it/s, Materializing param=model.layers.18.self_attn.k_proj.weight]        Loading weights:  85%|████████▍ | 170/201 [00:00<00:00, 3539.97it/s, Materializing param=model.layers.18.self_attn.k_proj.weight]Loading weights:  85%|████████▌ | 171/201 [00:00<00:00, 3549.38it/s, Materializing param=model.layers.18.self_attn.o_proj.weight]Loading weights:  85%|████████▌ | 171/201 [00:00<00:00, 3544.22it/s, Materializing param=model.layers.18.self_attn.o_proj.weight]Loading weights:  86%|████████▌ | 172/201 [00:00<00:00, 3553.74it/s, Materializing param=model.layers.18.self_attn.q_proj.weight]Loading weights:  86%|████████▌ | 172/201 [00:00<00:00, 3548.66it/s, Materializing param=model.layers.18.self_attn.q_proj.weight]Loading weights:  86%|████████▌ | 173/201 [00:00<00:00, 3558.17it/s, Materializing param=model.layers.18.self_attn.v_proj.weight]Loading weights:  86%|████████▌ | 173/201 [00:00<00:00, 3553.00it/s, Materializing param=model.layers.18.self_attn.v_proj.weight]Loading weights:  87%|████████▋ | 174/201 [00:00<00:00, 3562.34it/s, Materializing param=model.layers.19.input_layernorm.weight] Loading weights:  87%|████████▋ | 174/201 [00:00<00:00, 3557.06it/s, Materializing param=model.layers.19.input_layernorm.weight]Loading weights:  87%|████████▋ | 175/201 [00:00<00:00, 3525.37it/s, Materializing param=model.layers.19.mlp.down_proj.weight]  Loading weights:  87%|████████▋ | 175/201 [00:00<00:00, 3520.72it/s, Materializing param=model.layers.19.mlp.down_proj.weight]Loading weights:  88%|████████▊ | 176/201 [00:00<00:00, 3531.01it/s, Materializing param=model.layers.19.mlp.gate_proj.weight]Loading weights:  88%|████████▊ | 176/201 [00:00<00:00, 3526.46it/s, Materializing param=model.layers.19.mlp.gate_proj.weight]Loading weights:  88%|████████▊ | 177/201 [00:00<00:00, 3533.90it/s, Materializing param=model.layers.19.mlp.up_proj.weight]  Loading weights:  88%|████████▊ | 177/201 [00:00<00:00, 3529.45it/s, Materializing param=model.layers.19.mlp.up_proj.weight]Loading weights:  89%|████████▊ | 178/201 [00:00<00:00, 3539.68it/s, Materializing param=model.layers.19.post_attention_layernorm.weight]Loading weights:  89%|████████▊ | 178/201 [00:00<00:00, 3535.02it/s, Materializing param=model.layers.19.post_attention_layernorm.weight]Loading weights:  89%|████████▉ | 179/201 [00:00<00:00, 3545.31it/s, Materializing param=model.layers.19.self_attn.k_proj.weight]        Loading weights:  89%|████████▉ | 179/201 [00:00<00:00, 3540.78it/s, Materializing param=model.layers.19.self_attn.k_proj.weight]Loading weights:  90%|████████▉ | 180/201 [00:00<00:00, 3550.92it/s, Materializing param=model.layers.19.self_attn.o_proj.weight]Loading weights:  90%|████████▉ | 180/201 [00:00<00:00, 3546.33it/s, Materializing param=model.layers.19.self_attn.o_proj.weight]Loading weights:  90%|█████████ | 181/201 [00:00<00:00, 3556.44it/s, Materializing param=model.layers.19.self_attn.q_proj.weight]Loading weights:  90%|█████████ | 181/201 [00:00<00:00, 3551.93it/s, Materializing param=model.layers.19.self_attn.q_proj.weight]Loading weights:  91%|█████████ | 182/201 [00:00<00:00, 3562.09it/s, Materializing param=model.layers.19.self_attn.v_proj.weight]Loading weights:  91%|█████████ | 182/201 [00:00<00:00, 3557.71it/s, Materializing param=model.layers.19.self_attn.v_proj.weight]Loading weights:  91%|█████████ | 183/201 [00:00<00:00, 3486.95it/s, Materializing param=model.layers.20.input_layernorm.weight] Loading weights:  91%|█████████ | 183/201 [00:00<00:00, 3482.66it/s, Materializing param=model.layers.20.input_layernorm.weight]Loading weights:  92%|█████████▏| 184/201 [00:00<00:00, 3492.55it/s, Materializing param=model.layers.20.mlp.down_proj.weight]  Loading weights:  92%|█████████▏| 184/201 [00:00<00:00, 3488.32it/s, Materializing param=model.layers.20.mlp.down_proj.weight]Loading weights:  92%|█████████▏| 185/201 [00:00<00:00, 3498.11it/s, Materializing param=model.layers.20.mlp.gate_proj.weight]Loading weights:  92%|█████████▏| 185/201 [00:00<00:00, 3493.82it/s, Materializing param=model.layers.20.mlp.gate_proj.weight]Loading weights:  93%|█████████▎| 186/201 [00:00<00:00, 3503.70it/s, Materializing param=model.layers.20.mlp.up_proj.weight]  Loading weights:  93%|█████████▎| 186/201 [00:00<00:00, 3499.55it/s, Materializing param=model.layers.20.mlp.up_proj.weight]Loading weights:  93%|█████████▎| 187/201 [00:00<00:00, 3509.31it/s, Materializing param=model.layers.20.post_attention_layernorm.weight]Loading weights:  93%|█████████▎| 187/201 [00:00<00:00, 3504.95it/s, Materializing param=model.layers.20.post_attention_layernorm.weight]Loading weights:  94%|█████████▎| 188/201 [00:00<00:00, 3514.63it/s, Materializing param=model.layers.20.self_attn.k_proj.weight]        Loading weights:  94%|█████████▎| 188/201 [00:00<00:00, 3510.44it/s, Materializing param=model.layers.20.self_attn.k_proj.weight]Loading weights:  94%|█████████▍| 189/201 [00:00<00:00, 3519.98it/s, Materializing param=model.layers.20.self_attn.o_proj.weight]Loading weights:  94%|█████████▍| 189/201 [00:00<00:00, 3515.64it/s, Materializing param=model.layers.20.self_attn.o_proj.weight]Loading weights:  95%|█████████▍| 190/201 [00:00<00:00, 3525.17it/s, Materializing param=model.layers.20.self_attn.q_proj.weight]Loading weights:  95%|█████████▍| 190/201 [00:00<00:00, 3520.93it/s, Materializing param=model.layers.20.self_attn.q_proj.weight]Loading weights:  95%|█████████▌| 191/201 [00:00<00:00, 3530.28it/s, Materializing param=model.layers.20.self_attn.v_proj.weight]Loading weights:  95%|█████████▌| 191/201 [00:00<00:00, 3526.08it/s, Materializing param=model.layers.20.self_attn.v_proj.weight]Loading weights:  96%|█████████▌| 192/201 [00:00<00:00, 3520.20it/s, Materializing param=model.layers.21.input_layernorm.weight] Loading weights:  96%|█████████▌| 192/201 [00:00<00:00, 3515.96it/s, Materializing param=model.layers.21.input_layernorm.weight]Loading weights:  96%|█████████▌| 193/201 [00:00<00:00, 3525.52it/s, Materializing param=model.layers.21.mlp.down_proj.weight]  Loading weights:  96%|█████████▌| 193/201 [00:00<00:00, 3521.31it/s, Materializing param=model.layers.21.mlp.down_proj.weight]Loading weights:  97%|█████████▋| 194/201 [00:00<00:00, 3497.96it/s, Materializing param=model.layers.21.mlp.gate_proj.weight]Loading weights:  97%|█████████▋| 194/201 [00:00<00:00, 3493.89it/s, Materializing param=model.layers.21.mlp.gate_proj.weight]Loading weights:  97%|█████████▋| 195/201 [00:00<00:00, 3503.28it/s, Materializing param=model.layers.21.mlp.up_proj.weight]  Loading weights:  97%|█████████▋| 195/201 [00:00<00:00, 3499.23it/s, Materializing param=model.layers.21.mlp.up_proj.weight]Loading weights:  98%|█████████▊| 196/201 [00:00<00:00, 3508.69it/s, Materializing param=model.layers.21.post_attention_layernorm.weight]Loading weights:  98%|█████████▊| 196/201 [00:00<00:00, 3504.55it/s, Materializing param=model.layers.21.post_attention_layernorm.weight]Loading weights:  98%|█████████▊| 197/201 [00:00<00:00, 3499.78it/s, Materializing param=model.layers.21.self_attn.k_proj.weight]        Loading weights:  98%|█████████▊| 197/201 [00:00<00:00, 3495.79it/s, Materializing param=model.layers.21.self_attn.k_proj.weight]Loading weights:  99%|█████████▊| 198/201 [00:00<00:00, 3493.11it/s, Materializing param=model.layers.21.self_attn.o_proj.weight]Loading weights:  99%|█████████▊| 198/201 [00:00<00:00, 3489.22it/s, Materializing param=model.layers.21.self_attn.o_proj.weight]Loading weights:  99%|█████████▉| 199/201 [00:00<00:00, 3488.40it/s, Materializing param=model.layers.21.self_attn.q_proj.weight]Loading weights:  99%|█████████▉| 199/201 [00:00<00:00, 3484.50it/s, Materializing param=model.layers.21.self_attn.q_proj.weight]Loading weights: 100%|█████████▉| 200/201 [00:00<00:00, 3480.85it/s, Materializing param=model.layers.21.self_attn.v_proj.weight]Loading weights: 100%|█████████▉| 200/201 [00:00<00:00, 3477.06it/s, Materializing param=model.layers.21.self_attn.v_proj.weight]Loading weights: 100%|██████████| 201/201 [00:00<00:00, 3487.81it/s, Materializing param=model.norm.weight]                      Loading weights: 100%|██████████| 201/201 [00:00<00:00, 3484.40it/s, Materializing param=model.norm.weight]Loading weights: 100%|██████████| 201/201 [00:00<00:00, 3476.16it/s, Materializing param=model.norm.weight]
{
  "name": "/root/CipherForge/final-test-data/three-party-rms-pir_20260826-105122/adapter",
  "task_type": "multiclass",
  "n": 203,
  "n_classes": 7,
  "class_outputs": [
    "a)",
    "b)",
    "c)",
    "d)",
    "e)",
    "f)",
    "g)"
  ],
  "prior_correction": 0.0,
  "accuracy": 0.6699507389162561,
  "macro_f1": 0.5779553530229158,
  "weighted_f1": 0.6727018183121394,
  "per_class": {
    "a)": {
      "precision": 0.9142857142857143,
      "recall": 0.6274509803921569,
      "f1-score": 0.7441860465116279,
      "support": 51.0
    },
    "b)": {
      "precision": 1.0,
      "recall": 0.23076923076923078,
      "f1-score": 0.375,
      "support": 13.0
    },
    "c)": {
      "precision": 0.6588235294117647,
      "recall": 0.7272727272727273,
      "f1-score": 0.691358024691358,
      "support": 77.0
    },
    "d)": {
      "precision": 0.6724137931034483,
      "recall": 0.7647058823529411,
      "f1-score": 0.7155963302752294,
      "support": 51.0
    },
    "e)": {
      "precision": 0.2727272727272727,
      "recall": 0.5454545454545454,
      "f1-score": 0.36363636363636365,
      "support": 11.0
    },
    "f)": {
      "precision": 0.0,
      "recall": 0.0,
      "f1-score": 0.0,
      "support": 0.0
    },
    "g)": {
      "precision": 0.0,
      "recall": 0.0,
      "f1-score": 0.0,
      "support": 0.0
    }
  }
}
[ok] /root/CipherForge/final-test-data/three-party-rms-pir_20260826-105122/logs/biotriplex7_eval.json
2026-08-26 12:34:55,959 [INFO] eval result: {"name": "/root/CipherForge/final-test-data/three-party-rms-pir_20260826-105122/adapter", "task_type": "multiclass", "n": 203, "n_classes": 7, "class_outputs": ["a)", "b)", "c)", "d)", "e)", "f)", "g)"], "prior_correction": 0.0, "accuracy": 0.6699507389162561, "macro_f1": 0.5779553530229158, "weighted_f1": 0.6727018183121394, "per_class": {"a)": {"precision": 0.9142857142857143, "recall": 0.6274509803921569, "f1-score": 0.7441860465116279, "support": 51.0}, "b)": {"precision": 1.0, "recall": 0.23076923076923078, "f1-score": 0.375, "support": 13.0}, "c)": {"precision": 0.6588235294117647, "recall": 0.7272727272727273, "f1-score": 0.691358024691358, "support": 77.0}, "d)": {"precision": 0.6724137931034483, "recall": 0.7647058823529411, "f1-score": 0.7155963302752294, "support": 51.0}, "e)": {"precision": 0.2727272727272727, "recall": 0.5454545454545454, "f1-score": 0.36363636363636365, "support": 11.0}, "f)": {"precision": 0.0, "recall": 0.0, "f1-score": 0.0, "support": 0.0}, "g)": {"precision": 0.0, "recall": 0.0, "f1-score": 0.0, "support": 0.0}}}
2026-08-26 12:34:55,960 [INFO] eval_summary written: /root/CipherForge/final-test-data/three-party-rms-pir_20260826-105122/logs/eval_summary.json (before=True after=True)
