2026-08-26 04:38:59,820 [INFO] task_type=biotriplex21 eval_mode=multiclass classes=21 class_token_ids=[263, 289, 274, 270, 321, 285, 330, 298, 474, 432, 413, 301, 286, 302, 288, 282, 3855, 364, 269, 260, 318]
Token indices sequence length is longer than the specified maximum sequence length for this model (2626 > 2048). Running this sequence through the model will result in indexing errors
2026-08-26 04:39:01,396 [INFO] datasets: train=801 val=149 test=230
2026-08-26 04:39:01,410 [INFO] PIR dummy distribution aligned to label marginal: [(29871, 0.3333), (29897, 0.3333), (432, 0.077), (288, 0.0366), (298, 0.0316), (263, 0.025), (318, 0.0204), (413, 0.0204), (269, 0.0196), (3855, 0.0171), (302, 0.0171), (270, 0.0141), (286, 0.0125), (364, 0.0108), (285, 0.0092), (260, 0.0075), (282, 0.0046), (330, 0.0033), (274, 0.0029), (474, 0.0017), (321, 0.0012), (289, 0.0008)]
2026-08-26 04:39:01,411 [INFO] PIR mode: rms
2026-08-26 04:39:01,438 [INFO] nodes ready: M=http://127.0.0.1:9002 S=http://127.0.0.1:9003
2026-08-26 04:39:01,471 [INFO] M pk_sha256=758c2eafdb1b33040d02d62e9a2218a50d91b636db25a58cfeb01e7536c4c91a
2026-08-26 04:40:01,551 [INFO] S pk_sha256=758c2eafdb1b33040d02d62e9a2218a50d91b636db25a58cfeb01e7536c4c91a
2026-08-26 04:40:03,321 [INFO] INIT 完成：密钥/密文库/PRG 就绪
2026-08-26 04:40:03,352 [INFO] Loaded hint table from cache: n_entries=32000, partitions=250, lam=80
[U-device] device=cuda
2026-08-26 04:40:03,404 [INFO] Detected model: arch=llama num_layers=22 hidden=2048 vocab=32000 u_layers=11
2026-08-26 04:40:03,404 [INFO] Loading safetensor weights from /root/hf_cache/hub/models--TinyLlama--TinyLlama-1.1B-Chat-v1.0/snapshots/fe8a4ea1ffedaf415f4da2f062534de366a451e6 (one-time load)
2026-08-26 04:40:03,416 [INFO] Loaded 201 weights from /root/hf_cache/hub/models--TinyLlama--TinyLlama-1.1B-Chat-v1.0/snapshots/fe8a4ea1ffedaf415f4da2f062534de366a451e6
2026-08-26 04:40:03,519 [INFO] FlashAttention2 detected: version 2.8.3.post1
2026-08-26 04:40:03,520 [INFO] Using FlashAttention2 for U shard
2026-08-26 04:40:07,810 [INFO] Loaded U submodel: embed + 11 layers on cuda (attn=FlashAttention2, gradient_checkpointing=True)
2026-08-26 04:40:07,823 [INFO] Generated new BFV keys
2026-08-26 04:40:07,827 [INFO] [PartyU] H15 privatizer attached (alpha=0.03, beta=0.5)
2026-08-26 04:40:07,870 [INFO] Safetensor cache cleared
2026-08-26 04:40:07,871 [INFO] RMS seed (hex): 6c6dd24dbb6ca0eecfcbffaf4f7ddd4a3f2ed39ca7a53a67459cd8e4bc5b5d9f
2026-08-26 04:41:13,734 [INFO] RMS v2: encrypted DB downloaded to /root/autodl-tmp/CipherForge-final-test/crypto/three-party-rms-pir/rms_db/bfv_ct_db_n32000_d2048_p4096.bin (4.20 GB) in 65.9s
2026-08-26 04:41:17,750 [INFO] [CryptoUWorker] RMS local encrypted DB loaded: /root/autodl-tmp/CipherForge-final-test/crypto/three-party-rms-pir/rms_db/bfv_ct_db_n32000_d2048_p4096.bin (32000 rows)
2026-08-26 04:41:17,750 [INFO] [CryptoUWorker] init done: poly_degree=4096 plain_bits=30 scale=10000
2026-08-26 04:41:17,750 [INFO] [CryptoUWorker pid=23109] initialized
2026-08-26 04:41:19,115 [INFO] [CryptoUWorker] RMS local encrypted DB loaded: /root/autodl-tmp/CipherForge-final-test/crypto/three-party-rms-pir/rms_db/bfv_ct_db_n32000_d2048_p4096.bin (32000 rows)
2026-08-26 04:41:19,115 [INFO] [CryptoUWorker] init done: poly_degree=4096 plain_bits=30 scale=10000
2026-08-26 04:41:19,116 [INFO] [CryptoUWorker pid=23113] initialized
2026-08-26 04:41:19,723 [INFO] [CryptoWorkerPool] shared.parties.crypto_workers.crypto_u.CryptoUWorker ready: n_workers=4
2026-08-26 04:41:20,535 [INFO] [CryptoUWorker] RMS local encrypted DB loaded: /root/autodl-tmp/CipherForge-final-test/crypto/three-party-rms-pir/rms_db/bfv_ct_db_n32000_d2048_p4096.bin (32000 rows)
2026-08-26 04:41:20,535 [INFO] [CryptoUWorker] init done: poly_degree=4096 plain_bits=30 scale=10000
2026-08-26 04:41:20,535 [INFO] [CryptoUWorker pid=23115] initialized
2026-08-26 04:41:21,488 [INFO] RMS top-ups: 302 additional hints to guarantee coverage >= 20 per label
2026-08-26 04:41:21,488 [INFO] RMS initial pool: M=2560 + 302 top-ups, coverage={29871: 6, 29897: 5, 432: 5, 288: 6, 298: 3, 263: 3, 318: 7, 413: 11, 269: 8, 3855: 7, 302: 0, 270: 3, 286: 8, 364: 8, 285: 9, 260: 11, 282: 6, 330: 9, 274: 4, 474: 6, 321: 7, 289: 6}
2026-08-26 04:41:22,137 [INFO] [CryptoUWorker] RMS local encrypted DB loaded: /root/autodl-tmp/CipherForge-final-test/crypto/three-party-rms-pir/rms_db/bfv_ct_db_n32000_d2048_p4096.bin (32000 rows)
2026-08-26 04:41:22,137 [INFO] [CryptoUWorker] init done: poly_degree=4096 plain_bits=30 scale=10000
2026-08-26 04:41:22,137 [INFO] [CryptoUWorker pid=23117] initialized
2026-08-26 04:41:30,217 [INFO] RMS v2 offline (U-local): 2862 hints (302 top-ups) built in 8.7s (hints dir=/root/autodl-tmp/CipherForge-final-test/crypto/three-party-rms-pir/rms_hints)
2026-08-26 04:41:30,227 [INFO] Starting training: epochs=6, patience=999, train=801, val=149
2026-08-26 04:41:30,239 [INFO] coordinator RSS=2.32GB GPU=1050MB (step 0)
2026-08-26 04:41:31,053 [INFO] [PartyU] DP activated: alpha=0.030 eta_ctx=1.62e+03 eta_ans=0.001 noise_l2_ctx=1.28 noise_l2_ans=5.16e+05
2026-08-26 04:41:40,051 [INFO] step 0: g_absmax=0.1541 g_meanabs=1.724e-05
2026-08-26 04:41:44,835 [INFO] step 1: g_absmax=0.1521 g_meanabs=1.849e-05
2026-08-26 04:41:49,552 [INFO] step 2: g_absmax=0.1528 g_meanabs=1.839e-05
2026-08-26 04:41:54,283 [INFO] step 3: g_absmax=0.1518 g_meanabs=1.823e-05
2026-08-26 04:41:58,853 [INFO] step 4: g_absmax=0.143 g_meanabs=1.784e-05
2026-08-26 04:42:03,377 [INFO] step 5: g_absmax=0.1506 g_meanabs=1.831e-05
2026-08-26 04:42:07,976 [INFO] step 6: g_absmax=0.1556 g_meanabs=1.872e-05
2026-08-26 04:42:12,605 [INFO] step 7: g_absmax=0.1516 g_meanabs=1.791e-05
2026-08-26 04:42:17,117 [INFO] step 8: g_absmax=0.1528 g_meanabs=1.779e-05
2026-08-26 04:42:21,631 [INFO] step 9: g_absmax=0.1533 g_meanabs=1.824e-05
2026-08-26 04:42:21,634 [INFO] Step 10: loss=0.0004 loss_ce=n/a time=4509.5ms mem=2606MB
2026-08-26 04:42:26,207 [INFO] step 10: g_absmax=0.1542 g_meanabs=1.946e-05
2026-08-26 04:42:30,875 [INFO] step 11: g_absmax=0.155 g_meanabs=1.776e-05
2026-08-26 04:42:35,576 [INFO] step 12: g_absmax=0.1556 g_meanabs=1.953e-05
2026-08-26 04:42:40,329 [INFO] step 13: g_absmax=0.1624 g_meanabs=1.852e-05
2026-08-26 04:42:44,969 [INFO] step 14: g_absmax=0.1592 g_meanabs=1.909e-05
2026-08-26 04:42:49,550 [INFO] step 15: g_absmax=0.1424 g_meanabs=1.98e-05
2026-08-26 04:42:54,171 [INFO] step 16: g_absmax=0.1426 g_meanabs=1.771e-05
2026-08-26 04:42:58,882 [INFO] step 17: g_absmax=0.1551 g_meanabs=1.808e-05
2026-08-26 04:43:03,462 [INFO] step 18: g_absmax=0.1502 g_meanabs=1.766e-05
2026-08-26 04:43:08,032 [INFO] step 19: g_absmax=0.1494 g_meanabs=1.823e-05
2026-08-26 04:43:08,035 [INFO] Step 20: loss=0.0003 loss_ce=n/a time=4565.8ms mem=2606MB
2026-08-26 04:43:12,645 [INFO] step 20: g_absmax=0.1393 g_meanabs=1.704e-05
2026-08-26 04:43:17,280 [INFO] step 21: g_absmax=0.1455 g_meanabs=1.634e-05
2026-08-26 04:43:21,916 [INFO] step 22: g_absmax=0.1424 g_meanabs=1.553e-05
2026-08-26 04:43:26,496 [INFO] step 23: g_absmax=0.1311 g_meanabs=1.482e-05
2026-08-26 04:43:31,066 [INFO] step 24: g_absmax=0.1315 g_meanabs=1.618e-05
2026-08-26 04:43:35,797 [INFO] step 25: g_absmax=0.1379 g_meanabs=1.521e-05
2026-08-26 04:43:40,551 [INFO] step 26: g_absmax=0.1301 g_meanabs=1.494e-05
2026-08-26 04:43:45,452 [INFO] step 27: g_absmax=0.1192 g_meanabs=1.342e-05
2026-08-26 04:43:50,305 [INFO] step 28: g_absmax=0.1465 g_meanabs=1.368e-05
2026-08-26 04:43:55,062 [INFO] step 29: g_absmax=0.1172 g_meanabs=1.147e-05
2026-08-26 04:43:55,069 [INFO] Step 30: loss=0.0002 loss_ce=n/a time=4740.2ms mem=2606MB
2026-08-26 04:43:59,850 [INFO] step 30: g_absmax=0.137 g_meanabs=1.181e-05
2026-08-26 04:44:04,630 [INFO] step 31: g_absmax=0.1516 g_meanabs=1.05e-05
2026-08-26 04:44:09,399 [INFO] step 32: g_absmax=0.097 g_meanabs=9.946e-06
2026-08-26 04:44:14,338 [INFO] step 33: g_absmax=0.1262 g_meanabs=1.013e-05
2026-08-26 04:44:19,236 [INFO] step 34: g_absmax=0.1563 g_meanabs=1.016e-05
2026-08-26 04:44:23,994 [INFO] step 35: g_absmax=0.1193 g_meanabs=9.935e-06
2026-08-26 04:44:28,644 [INFO] step 36: g_absmax=0.1102 g_meanabs=9.996e-06
2026-08-26 04:44:33,344 [INFO] step 37: g_absmax=0.1694 g_meanabs=1.039e-05
2026-08-26 04:44:38,019 [INFO] step 38: g_absmax=0.1124 g_meanabs=1.021e-05
2026-08-26 04:44:42,611 [INFO] step 39: g_absmax=0.1377 g_meanabs=1.008e-05
2026-08-26 04:44:42,627 [INFO] Step 40: loss=0.0002 loss_ce=n/a time=4573.6ms mem=2606MB
2026-08-26 04:44:47,365 [INFO] step 40: g_absmax=0.1043 g_meanabs=1.014e-05
2026-08-26 04:44:52,074 [INFO] step 41: g_absmax=0.1515 g_meanabs=1.004e-05
2026-08-26 04:44:56,771 [INFO] step 42: g_absmax=0.1093 g_meanabs=1.032e-05
2026-08-26 04:45:01,412 [INFO] step 43: g_absmax=0.1011 g_meanabs=9.961e-06
2026-08-26 04:45:06,004 [INFO] step 44: g_absmax=0.1068 g_meanabs=9.763e-06
2026-08-26 04:45:10,700 [INFO] step 45: g_absmax=0.1076 g_meanabs=1.005e-05
2026-08-26 04:45:15,285 [INFO] step 46: g_absmax=0.1193 g_meanabs=9.795e-06
2026-08-26 04:45:19,896 [INFO] step 47: g_absmax=0.1018 g_meanabs=1.02e-05
2026-08-26 04:45:24,553 [INFO] step 48: g_absmax=0.1398 g_meanabs=1.015e-05
2026-08-26 04:45:29,314 [INFO] step 49: g_absmax=0.1253 g_meanabs=1.014e-05
2026-08-26 04:45:29,329 [INFO] Step 50: loss=0.0002 loss_ce=n/a time=4743.7ms mem=2606MB
2026-08-26 04:45:29,333 [INFO] coordinator RSS=2.73GB GPU=1058MB (step 50)
2026-08-26 04:45:33,984 [INFO] step 50: g_absmax=0.1287 g_meanabs=1.004e-05
2026-08-26 04:45:38,681 [INFO] step 51: g_absmax=0.1279 g_meanabs=9.85e-06
2026-08-26 04:45:43,428 [INFO] step 52: g_absmax=0.1016 g_meanabs=9.84e-06
2026-08-26 04:45:48,201 [INFO] step 53: g_absmax=0.093 g_meanabs=9.978e-06
2026-08-26 04:45:53,027 [INFO] step 54: g_absmax=0.1105 g_meanabs=9.991e-06
2026-08-26 04:45:57,802 [INFO] step 55: g_absmax=0.1221 g_meanabs=9.691e-06
2026-08-26 04:46:02,562 [INFO] step 56: g_absmax=0.1202 g_meanabs=1.016e-05
2026-08-26 04:46:07,482 [INFO] step 57: g_absmax=0.1183 g_meanabs=1.011e-05
2026-08-26 04:46:12,391 [INFO] step 58: g_absmax=0.1154 g_meanabs=9.237e-06
2026-08-26 04:46:17,300 [INFO] step 59: g_absmax=0.121 g_meanabs=9.621e-06
2026-08-26 04:46:17,325 [INFO] Step 60: loss=0.0002 loss_ce=n/a time=4892.1ms mem=2606MB
2026-08-26 04:46:22,277 [INFO] step 60: g_absmax=0.1188 g_meanabs=9.355e-06
2026-08-26 04:46:27,183 [INFO] step 61: g_absmax=0.1148 g_meanabs=1.048e-05
2026-08-26 04:46:32,003 [INFO] step 62: g_absmax=0.1189 g_meanabs=9.107e-06
2026-08-26 04:46:36,856 [INFO] step 63: g_absmax=0.1036 g_meanabs=1.027e-05
2026-08-26 04:46:41,724 [INFO] step 64: g_absmax=0.1289 g_meanabs=9.11e-06
2026-08-26 04:46:46,619 [INFO] step 65: g_absmax=0.1149 g_meanabs=9.913e-06
2026-08-26 04:46:51,598 [INFO] step 66: g_absmax=0.1135 g_meanabs=1.002e-05
2026-08-26 04:46:56,471 [INFO] step 67: g_absmax=0.1068 g_meanabs=1.028e-05
2026-08-26 04:47:01,241 [INFO] step 68: g_absmax=0.1033 g_meanabs=1.017e-05
2026-08-26 04:47:05,895 [INFO] step 69: g_absmax=0.1342 g_meanabs=1.009e-05
2026-08-26 04:47:05,910 [INFO] Step 70: loss=0.0002 loss_ce=n/a time=4635.8ms mem=2606MB
2026-08-26 04:47:10,527 [INFO] step 70: g_absmax=0.0957 g_meanabs=9.35e-06
2026-08-26 04:47:15,499 [INFO] step 71: g_absmax=0.1429 g_meanabs=1.019e-05
2026-08-26 04:47:20,311 [INFO] step 72: g_absmax=0.1147 g_meanabs=1.027e-05
2026-08-26 04:47:24,985 [INFO] step 73: g_absmax=0.1238 g_meanabs=9.414e-06
2026-08-26 04:47:29,715 [INFO] step 74: g_absmax=0.1144 g_meanabs=1.015e-05
2026-08-26 04:47:34,478 [INFO] step 75: g_absmax=0.1281 g_meanabs=9.755e-06
2026-08-26 04:47:39,298 [INFO] step 76: g_absmax=0.1218 g_meanabs=9.188e-06
2026-08-26 04:47:44,018 [INFO] step 77: g_absmax=0.1213 g_meanabs=1.01e-05
2026-08-26 04:47:48,744 [INFO] step 78: g_absmax=0.1255 g_meanabs=8.996e-06
2026-08-26 04:47:53,456 [INFO] step 79: g_absmax=0.1151 g_meanabs=9.726e-06
2026-08-26 04:47:53,472 [INFO] Step 80: loss=0.0002 loss_ce=n/a time=4695.0ms mem=2606MB
2026-08-26 04:47:58,288 [INFO] step 80: g_absmax=0.1089 g_meanabs=9.93e-06
2026-08-26 04:48:03,167 [INFO] step 81: g_absmax=0.1106 g_meanabs=8.944e-06
2026-08-26 04:48:07,827 [INFO] step 82: g_absmax=0.1082 g_meanabs=9.712e-06
2026-08-26 04:48:12,534 [INFO] step 83: g_absmax=0.1061 g_meanabs=1.053e-05
2026-08-26 04:48:17,388 [INFO] step 84: g_absmax=0.1123 g_meanabs=9.274e-06
2026-08-26 04:48:22,176 [INFO] step 85: g_absmax=0.1091 g_meanabs=9.79e-06
2026-08-26 04:48:27,019 [INFO] step 86: g_absmax=0.1062 g_meanabs=9.354e-06
2026-08-26 04:48:31,699 [INFO] step 87: g_absmax=0.1273 g_meanabs=9.525e-06
2026-08-26 04:48:36,494 [INFO] step 88: g_absmax=0.1114 g_meanabs=9.325e-06
2026-08-26 04:48:41,342 [INFO] step 89: g_absmax=0.1223 g_meanabs=1.018e-05
2026-08-26 04:48:41,358 [INFO] Step 90: loss=0.0002 loss_ce=n/a time=4829.9ms mem=2606MB
2026-08-26 04:48:46,247 [INFO] step 90: g_absmax=0.1135 g_meanabs=9.216e-06
2026-08-26 04:48:51,148 [INFO] step 91: g_absmax=0.1191 g_meanabs=1.005e-05
2026-08-26 04:48:56,019 [INFO] step 92: g_absmax=0.1218 g_meanabs=9.676e-06
2026-08-26 04:49:00,939 [INFO] step 93: g_absmax=0.1036 g_meanabs=9.138e-06
2026-08-26 04:49:05,792 [INFO] step 94: g_absmax=0.1386 g_meanabs=9.997e-06
2026-08-26 04:49:10,710 [INFO] step 95: g_absmax=0.1202 g_meanabs=9.948e-06
2026-08-26 04:49:15,563 [INFO] step 96: g_absmax=0.1202 g_meanabs=9.783e-06
2026-08-26 04:49:20,476 [INFO] step 97: g_absmax=0.1277 g_meanabs=1.071e-05
2026-08-26 04:49:25,464 [INFO] step 98: g_absmax=0.1015 g_meanabs=8.515e-06
2026-08-26 04:49:30,471 [INFO] step 99: g_absmax=0.146 g_meanabs=9.903e-06
2026-08-26 04:49:30,487 [INFO] Step 100: loss=0.0002 loss_ce=n/a time=4989.5ms mem=2606MB
2026-08-26 04:49:30,489 [INFO] coordinator RSS=2.74GB GPU=1058MB (step 100)
2026-08-26 04:49:35,302 [INFO] step 100: g_absmax=0.1292 g_meanabs=1.016e-05
2026-08-26 04:49:40,027 [INFO] step 101: g_absmax=0.1204 g_meanabs=9.232e-06
2026-08-26 04:49:44,713 [INFO] step 102: g_absmax=0.1237 g_meanabs=9.845e-06
2026-08-26 04:49:49,535 [INFO] step 103: g_absmax=0.1199 g_meanabs=8.525e-06
2026-08-26 04:49:54,380 [INFO] step 104: g_absmax=0.1303 g_meanabs=8.993e-06
2026-08-26 04:49:59,167 [INFO] step 105: g_absmax=0.1239 g_meanabs=1.209e-05
2026-08-26 04:50:03,880 [INFO] step 106: g_absmax=0.0956 g_meanabs=8.904e-06
2026-08-26 04:50:08,662 [INFO] step 107: g_absmax=0.1107 g_meanabs=9.537e-06
2026-08-26 04:50:13,439 [INFO] step 108: g_absmax=0.1109 g_meanabs=9.956e-06
2026-08-26 04:50:18,195 [INFO] step 109: g_absmax=0.1623 g_meanabs=9.465e-06
2026-08-26 04:50:18,211 [INFO] Step 110: loss=0.0002 loss_ce=n/a time=4739.2ms mem=2606MB
2026-08-26 04:50:22,904 [INFO] step 110: g_absmax=0.1161 g_meanabs=9.373e-06
2026-08-26 04:50:27,595 [INFO] step 111: g_absmax=0.1034 g_meanabs=9.883e-06
2026-08-26 04:50:32,334 [INFO] step 112: g_absmax=0.1224 g_meanabs=1.023e-05
2026-08-26 04:50:37,223 [INFO] step 113: g_absmax=0.1381 g_meanabs=1.021e-05
2026-08-26 04:50:41,998 [INFO] step 114: g_absmax=0.1042 g_meanabs=9.504e-06
2026-08-26 04:50:46,723 [INFO] step 115: g_absmax=0.1069 g_meanabs=1.062e-05
2026-08-26 04:50:51,505 [INFO] step 116: g_absmax=0.0935 g_meanabs=9.957e-06
2026-08-26 04:50:56,358 [INFO] step 117: g_absmax=0.1065 g_meanabs=9.639e-06
2026-08-26 04:51:01,088 [INFO] step 118: g_absmax=0.123 g_meanabs=1.042e-05
2026-08-26 04:51:05,864 [INFO] step 119: g_absmax=0.1372 g_meanabs=9.751e-06
2026-08-26 04:51:05,881 [INFO] Step 120: loss=0.0002 loss_ce=n/a time=4759.0ms mem=2606MB
2026-08-26 04:51:10,539 [INFO] step 120: g_absmax=0.1072 g_meanabs=9.855e-06
2026-08-26 04:51:15,458 [INFO] step 121: g_absmax=0.1037 g_meanabs=1.029e-05
2026-08-26 04:51:20,290 [INFO] step 122: g_absmax=0.1322 g_meanabs=1.001e-05
2026-08-26 04:51:25,087 [INFO] step 123: g_absmax=0.0887 g_meanabs=9.366e-06
2026-08-26 04:51:29,931 [INFO] step 124: g_absmax=0.0917 g_meanabs=9.025e-06
2026-08-26 04:51:34,735 [INFO] step 125: g_absmax=0.0664 g_meanabs=7.334e-06
2026-08-26 04:51:39,576 [INFO] step 126: g_absmax=0.1118 g_meanabs=1.001e-05
2026-08-26 04:51:44,506 [INFO] step 127: g_absmax=0.1565 g_meanabs=9.874e-06
2026-08-26 04:51:49,330 [INFO] step 128: g_absmax=0.1282 g_meanabs=9.789e-06
2026-08-26 04:51:54,159 [INFO] step 129: g_absmax=0.1047 g_meanabs=9.17e-06
2026-08-26 04:51:54,175 [INFO] Step 130: loss=0.0002 loss_ce=n/a time=4811.5ms mem=2606MB
2026-08-26 04:51:59,042 [INFO] step 130: g_absmax=0.1168 g_meanabs=1.032e-05
2026-08-26 04:52:04,044 [INFO] step 131: g_absmax=0.1441 g_meanabs=9.735e-06
2026-08-26 04:52:08,754 [INFO] step 132: g_absmax=0.129 g_meanabs=9.806e-06
2026-08-26 04:52:13,489 [INFO] step 133: g_absmax=0.0956 g_meanabs=1.007e-05
2026-08-26 04:52:18,280 [INFO] step 134: g_absmax=0.1307 g_meanabs=1.056e-05
2026-08-26 04:52:23,101 [INFO] step 135: g_absmax=0.0843 g_meanabs=9.245e-06
2026-08-26 04:52:27,890 [INFO] step 136: g_absmax=0.1067 g_meanabs=9.129e-06
2026-08-26 04:52:32,627 [INFO] step 137: g_absmax=0.0936 g_meanabs=9.823e-06
2026-08-26 04:52:37,352 [INFO] step 138: g_absmax=0.1048 g_meanabs=9.528e-06
2026-08-26 04:52:42,074 [INFO] step 139: g_absmax=0.1277 g_meanabs=9.536e-06
2026-08-26 04:52:42,089 [INFO] Step 140: loss=0.0002 loss_ce=n/a time=4701.7ms mem=2606MB
2026-08-26 04:52:46,874 [INFO] step 140: g_absmax=0.1162 g_meanabs=1.041e-05
2026-08-26 04:52:51,587 [INFO] step 141: g_absmax=0.1031 g_meanabs=9.423e-06
2026-08-26 04:52:56,349 [INFO] step 142: g_absmax=0.1072 g_meanabs=9.694e-06
2026-08-26 04:53:01,072 [INFO] step 143: g_absmax=0.1098 g_meanabs=9.878e-06
2026-08-26 04:53:05,805 [INFO] step 144: g_absmax=0.134 g_meanabs=9.446e-06
2026-08-26 04:53:10,650 [INFO] step 145: g_absmax=0.1067 g_meanabs=1.042e-05
2026-08-26 04:53:15,413 [INFO] step 146: g_absmax=0.1343 g_meanabs=8.877e-06
2026-08-26 04:53:20,111 [INFO] step 147: g_absmax=0.1341 g_meanabs=9.9e-06
2026-08-26 04:53:24,899 [INFO] step 148: g_absmax=0.1113 g_meanabs=9.409e-06
2026-08-26 04:53:29,822 [INFO] step 149: g_absmax=0.1239 g_meanabs=1.06e-05
2026-08-26 04:53:29,836 [INFO] Step 150: loss=0.0003 loss_ce=n/a time=4906.7ms mem=2606MB
2026-08-26 04:53:29,840 [INFO] coordinator RSS=2.74GB GPU=1058MB (step 150)
2026-08-26 04:53:34,560 [INFO] step 150: g_absmax=0.1254 g_meanabs=1.026e-05
2026-08-26 04:53:39,287 [INFO] step 151: g_absmax=0.1238 g_meanabs=9.461e-06
2026-08-26 04:53:44,044 [INFO] step 152: g_absmax=0.1215 g_meanabs=1.027e-05
2026-08-26 04:53:48,956 [INFO] step 153: g_absmax=0.1059 g_meanabs=8.926e-06
2026-08-26 04:53:53,904 [INFO] step 154: g_absmax=0.129 g_meanabs=9.012e-06
2026-08-26 04:53:58,853 [INFO] step 155: g_absmax=0.1331 g_meanabs=9.37e-06
2026-08-26 04:54:03,836 [INFO] step 156: g_absmax=0.1239 g_meanabs=9.507e-06
2026-08-26 04:54:08,719 [INFO] step 157: g_absmax=0.0938 g_meanabs=9.846e-06
2026-08-26 04:54:13,584 [INFO] step 158: g_absmax=0.1053 g_meanabs=9.464e-06
2026-08-26 04:54:18,324 [INFO] step 159: g_absmax=0.123 g_meanabs=8.772e-06
2026-08-26 04:54:18,339 [INFO] Step 160: loss=0.0002 loss_ce=n/a time=4724.0ms mem=2606MB
2026-08-26 04:54:22,998 [INFO] step 160: g_absmax=0.1323 g_meanabs=8.428e-06
2026-08-26 04:54:27,737 [INFO] step 161: g_absmax=0.129 g_meanabs=9.359e-06
2026-08-26 04:54:32,499 [INFO] step 162: g_absmax=0.1136 g_meanabs=9.686e-06
2026-08-26 04:54:37,319 [INFO] step 163: g_absmax=0.119 g_meanabs=8.288e-06
2026-08-26 04:54:42,048 [INFO] step 164: g_absmax=0.0941 g_meanabs=9.26e-06
2026-08-26 04:54:46,732 [INFO] step 165: g_absmax=0.1089 g_meanabs=9.822e-06
2026-08-26 04:54:51,407 [INFO] step 166: g_absmax=0.1124 g_meanabs=9.958e-06
2026-08-26 04:54:56,179 [INFO] step 167: g_absmax=0.1148 g_meanabs=8.505e-06
2026-08-26 04:55:00,949 [INFO] step 168: g_absmax=0.1097 g_meanabs=1.068e-05
2026-08-26 04:55:05,748 [INFO] step 169: g_absmax=0.0945 g_meanabs=9.759e-06
2026-08-26 04:55:05,764 [INFO] Step 170: loss=0.0002 loss_ce=n/a time=4781.5ms mem=2606MB
2026-08-26 04:55:10,423 [INFO] step 170: g_absmax=0.1072 g_meanabs=1.07e-05
2026-08-26 04:55:15,159 [INFO] step 171: g_absmax=0.1218 g_meanabs=1.003e-05
2026-08-26 04:55:19,915 [INFO] step 172: g_absmax=0.1185 g_meanabs=9.203e-06
2026-08-26 04:55:24,907 [INFO] step 173: g_absmax=0.097 g_meanabs=9.648e-06
2026-08-26 04:55:29,668 [INFO] step 174: g_absmax=0.117 g_meanabs=9.815e-06
2026-08-26 04:55:34,531 [INFO] step 175: g_absmax=0.1324 g_meanabs=9.503e-06
2026-08-26 04:55:39,455 [INFO] step 176: g_absmax=0.1054 g_meanabs=1.008e-05
2026-08-26 04:55:44,346 [INFO] step 177: g_absmax=0.1188 g_meanabs=1.019e-05
2026-08-26 04:55:49,202 [INFO] step 178: g_absmax=0.1273 g_meanabs=9.855e-06
2026-08-26 04:55:53,982 [INFO] step 179: g_absmax=0.128 g_meanabs=9.972e-06
2026-08-26 04:55:53,999 [INFO] Step 180: loss=0.0002 loss_ce=n/a time=4762.9ms mem=2606MB
2026-08-26 04:55:58,877 [INFO] step 180: g_absmax=0.0976 g_meanabs=9.491e-06
2026-08-26 04:56:03,790 [INFO] step 181: g_absmax=0.1017 g_meanabs=9.752e-06
2026-08-26 04:56:08,660 [INFO] step 182: g_absmax=0.1266 g_meanabs=9.63e-06
2026-08-26 04:56:13,485 [INFO] step 183: g_absmax=0.1303 g_meanabs=1.028e-05
2026-08-26 04:56:18,427 [INFO] step 184: g_absmax=0.103 g_meanabs=9.392e-06
2026-08-26 04:56:23,336 [INFO] step 185: g_absmax=0.1077 g_meanabs=9.226e-06
2026-08-26 04:56:28,392 [INFO] step 186: g_absmax=0.1081 g_meanabs=7.99e-06
2026-08-26 04:56:33,404 [INFO] step 187: g_absmax=0.1118 g_meanabs=1.095e-05
2026-08-26 04:56:38,338 [INFO] step 188: g_absmax=0.1036 g_meanabs=9.446e-06
2026-08-26 04:56:43,400 [INFO] step 189: g_absmax=0.1018 g_meanabs=9.915e-06
2026-08-26 04:56:43,417 [INFO] Step 190: loss=0.0002 loss_ce=n/a time=5044.0ms mem=2606MB
2026-08-26 04:56:48,402 [INFO] step 190: g_absmax=0.1242 g_meanabs=9.251e-06
2026-08-26 04:56:53,441 [INFO] step 191: g_absmax=0.1516 g_meanabs=9.998e-06
2026-08-26 04:56:58,336 [INFO] step 192: g_absmax=0.1166 g_meanabs=9.378e-06
2026-08-26 04:57:03,307 [INFO] step 193: g_absmax=0.1307 g_meanabs=9.853e-06
2026-08-26 04:57:08,266 [INFO] step 194: g_absmax=0.1251 g_meanabs=8.433e-06
2026-08-26 04:57:13,187 [INFO] step 195: g_absmax=0.1437 g_meanabs=8.294e-06
2026-08-26 04:57:17,995 [INFO] step 196: g_absmax=0.1213 g_meanabs=8.44e-06
2026-08-26 04:57:22,683 [INFO] step 197: g_absmax=0.1221 g_meanabs=1.043e-05
2026-08-26 04:57:27,425 [INFO] step 198: g_absmax=0.1146 g_meanabs=9.687e-06
2026-08-26 04:57:32,256 [INFO] step 199: g_absmax=0.0965 g_meanabs=9.547e-06
2026-08-26 04:57:32,269 [INFO] Step 200: loss=0.0002 loss_ce=n/a time=4815.0ms mem=2606MB
2026-08-26 04:57:32,771 [INFO] Last checkpoint saved → /root/CipherForge/final-test-data/three-party-rms-pir_20260826-043847/checkpoints/last_checkpoint.pt (epoch=0)
2026-08-26 04:59:28,696 [INFO] Epoch 0: train_loss_proxy=0.0002 | val_ce_loss=2.6799 | val_micro_F1=0.1812 (P=0.1812 R=0.1812 Acc=0.1812) | val_macro_F1=0.0391 | val_weighted_F1=0.1434 | n_samples=149
2026-08-26 04:59:29,128 [INFO] Last checkpoint saved → /root/CipherForge/final-test-data/three-party-rms-pir_20260826-043847/checkpoints/last_checkpoint.pt (epoch=0)
2026-08-26 04:59:29,572 [INFO] Checkpoint saved → /root/CipherForge/final-test-data/three-party-rms-pir_20260826-043847/checkpoints/checkpoint_epoch_000.pt
2026-08-26 04:59:30,035 [INFO] Best checkpoint saved → /root/CipherForge/final-test-data/three-party-rms-pir_20260826-043847/checkpoints/best_checkpoint.pt (metric=2.6799)
2026-08-26 04:59:30,035 [INFO] New best val_ce_loss=2.6799 at epoch 0
2026-08-26 04:59:30,039 [INFO] coordinator RSS=2.84GB GPU=1058MB (step 200)
2026-08-26 04:59:34,729 [INFO] step 200: g_absmax=0.0922 g_meanabs=8.262e-06
2026-08-26 04:59:39,322 [INFO] step 201: g_absmax=0.1004 g_meanabs=9.086e-06
2026-08-26 04:59:44,106 [INFO] step 202: g_absmax=0.119 g_meanabs=8.752e-06
2026-08-26 04:59:48,783 [INFO] step 203: g_absmax=0.1278 g_meanabs=9.28e-06
2026-08-26 04:59:53,440 [INFO] step 204: g_absmax=0.1409 g_meanabs=9.491e-06
2026-08-26 04:59:58,173 [INFO] step 205: g_absmax=0.1147 g_meanabs=8.83e-06
2026-08-26 05:00:02,819 [INFO] step 206: g_absmax=0.1281 g_meanabs=9.272e-06
2026-08-26 05:00:07,573 [INFO] step 207: g_absmax=0.1105 g_meanabs=8.681e-06
2026-08-26 05:00:12,260 [INFO] step 208: g_absmax=0.1095 g_meanabs=8.889e-06
2026-08-26 05:00:17,002 [INFO] step 209: g_absmax=0.1023 g_meanabs=7.773e-06
2026-08-26 05:00:17,016 [INFO] Step 210: loss=0.0002 loss_ce=n/a time=4735.6ms mem=2606MB
2026-08-26 05:00:21,798 [INFO] step 210: g_absmax=0.0959 g_meanabs=9.207e-06
2026-08-26 05:00:26,674 [INFO] step 211: g_absmax=0.1058 g_meanabs=9.223e-06
2026-08-26 05:00:31,453 [INFO] step 212: g_absmax=0.1228 g_meanabs=9.07e-06
2026-08-26 05:00:36,383 [INFO] step 213: g_absmax=0.1138 g_meanabs=9.805e-06
2026-08-26 05:00:41,319 [INFO] step 214: g_absmax=0.1306 g_meanabs=1.013e-05
2026-08-26 05:00:46,144 [INFO] step 215: g_absmax=0.162 g_meanabs=7.084e-06
2026-08-26 05:00:51,038 [INFO] step 216: g_absmax=0.1296 g_meanabs=8.71e-06
2026-08-26 05:00:55,773 [INFO] step 217: g_absmax=0.176 g_meanabs=1.042e-05
2026-08-26 05:01:00,451 [INFO] step 218: g_absmax=0.119 g_meanabs=1.002e-05
2026-08-26 05:01:05,231 [INFO] step 219: g_absmax=0.1271 g_meanabs=9.37e-06
2026-08-26 05:01:05,239 [INFO] Step 220: loss=0.0002 loss_ce=n/a time=4763.0ms mem=2606MB
2026-08-26 05:01:09,944 [INFO] step 220: g_absmax=0.1597 g_meanabs=1.165e-05
2026-08-26 05:01:14,648 [INFO] step 221: g_absmax=0.1082 g_meanabs=7.998e-06
2026-08-26 05:01:19,216 [INFO] step 222: g_absmax=0.1336 g_meanabs=9.556e-06
2026-08-26 05:01:23,960 [INFO] step 223: g_absmax=0.1102 g_meanabs=8.308e-06
2026-08-26 05:01:28,773 [INFO] step 224: g_absmax=0.1294 g_meanabs=9.241e-06
2026-08-26 05:01:33,768 [INFO] step 225: g_absmax=0.1219 g_meanabs=9.95e-06
2026-08-26 05:01:38,660 [INFO] step 226: g_absmax=0.1081 g_meanabs=8.902e-06
2026-08-26 05:01:43,465 [INFO] step 227: g_absmax=0.1373 g_meanabs=8.303e-06
2026-08-26 05:01:48,361 [INFO] step 228: g_absmax=0.1054 g_meanabs=8.738e-06
2026-08-26 05:01:53,223 [INFO] step 229: g_absmax=0.1216 g_meanabs=1.094e-05
2026-08-26 05:01:53,238 [INFO] Step 230: loss=0.0003 loss_ce=n/a time=4847.2ms mem=2606MB
2026-08-26 05:01:58,023 [INFO] step 230: g_absmax=0.1078 g_meanabs=1.055e-05
2026-08-26 05:02:02,728 [INFO] step 231: g_absmax=0.1382 g_meanabs=9.089e-06
2026-08-26 05:02:07,457 [INFO] step 232: g_absmax=0.1068 g_meanabs=7.042e-06
2026-08-26 05:02:12,172 [INFO] step 233: g_absmax=0.1302 g_meanabs=7.459e-06
2026-08-26 05:02:16,998 [INFO] step 234: g_absmax=0.0961 g_meanabs=8.012e-06
2026-08-26 05:02:21,622 [INFO] step 235: g_absmax=0.1542 g_meanabs=9.571e-06
2026-08-26 05:02:26,268 [INFO] step 236: g_absmax=0.1425 g_meanabs=9.264e-06
2026-08-26 05:02:30,929 [INFO] step 237: g_absmax=0.1059 g_meanabs=7.48e-06
2026-08-26 05:02:35,525 [INFO] step 238: g_absmax=0.1378 g_meanabs=1.047e-05
2026-08-26 05:02:40,309 [INFO] step 239: g_absmax=0.1256 g_meanabs=9.787e-06
2026-08-26 05:02:40,313 [INFO] Step 240: loss=0.0002 loss_ce=n/a time=4780.3ms mem=2606MB
2026-08-26 05:02:44,891 [INFO] step 240: g_absmax=0.1233 g_meanabs=7.998e-06
2026-08-26 05:02:49,515 [INFO] step 241: g_absmax=0.095 g_meanabs=8.614e-06
2026-08-26 05:02:54,257 [INFO] step 242: g_absmax=0.1465 g_meanabs=8.551e-06
2026-08-26 05:02:59,135 [INFO] step 243: g_absmax=0.1375 g_meanabs=1.014e-05
2026-08-26 05:03:03,864 [INFO] step 244: g_absmax=0.1248 g_meanabs=1.033e-05
2026-08-26 05:03:08,644 [INFO] step 245: g_absmax=0.102 g_meanabs=9.498e-06
2026-08-26 05:03:13,442 [INFO] step 246: g_absmax=0.1264 g_meanabs=8.54e-06
2026-08-26 05:03:18,332 [INFO] step 247: g_absmax=0.1472 g_meanabs=9.199e-06
2026-08-26 05:03:23,235 [INFO] step 248: g_absmax=0.1176 g_meanabs=6.817e-06
2026-08-26 05:03:28,004 [INFO] step 249: g_absmax=0.1261 g_meanabs=8.766e-06
2026-08-26 05:03:28,006 [INFO] Step 250: loss=0.0002 loss_ce=n/a time=4762.9ms mem=2606MB
2026-08-26 05:03:28,010 [INFO] coordinator RSS=2.84GB GPU=1058MB (step 250)
2026-08-26 05:03:32,789 [INFO] step 250: g_absmax=0.0999 g_meanabs=8.766e-06
2026-08-26 05:03:37,826 [INFO] step 251: g_absmax=0.1044 g_meanabs=8.18e-06
2026-08-26 05:03:42,729 [INFO] step 252: g_absmax=0.1541 g_meanabs=7.969e-06
2026-08-26 05:03:47,558 [INFO] step 253: g_absmax=0.1019 g_meanabs=6.943e-06
2026-08-26 05:03:52,395 [INFO] step 254: g_absmax=0.1098 g_meanabs=9.851e-06
2026-08-26 05:03:57,466 [INFO] step 255: g_absmax=0.1248 g_meanabs=6.933e-06
2026-08-26 05:04:02,416 [INFO] step 256: g_absmax=0.1041 g_meanabs=1.234e-05
2026-08-26 05:04:07,316 [INFO] step 257: g_absmax=0.1252 g_meanabs=9.082e-06
2026-08-26 05:04:12,195 [INFO] step 258: g_absmax=0.097 g_meanabs=1.156e-05
2026-08-26 05:04:17,084 [INFO] step 259: g_absmax=0.1101 g_meanabs=8.517e-06
2026-08-26 05:04:17,087 [INFO] Step 260: loss=0.0002 loss_ce=n/a time=4883.6ms mem=2606MB
2026-08-26 05:04:22,010 [INFO] step 260: g_absmax=0.1129 g_meanabs=9.161e-06
2026-08-26 05:04:26,996 [INFO] step 261: g_absmax=0.0947 g_meanabs=7.595e-06
2026-08-26 05:04:31,821 [INFO] step 262: g_absmax=0.1257 g_meanabs=9.259e-06
2026-08-26 05:04:36,570 [INFO] step 263: g_absmax=0.1239 g_meanabs=9.983e-06
2026-08-26 05:04:41,314 [INFO] step 264: g_absmax=0.1256 g_meanabs=7.109e-06
2026-08-26 05:04:45,962 [INFO] step 265: g_absmax=0.0935 g_meanabs=7.828e-06
2026-08-26 05:04:50,906 [INFO] step 266: g_absmax=0.1138 g_meanabs=7.925e-06
2026-08-26 05:04:55,738 [INFO] step 267: g_absmax=0.0972 g_meanabs=7.55e-06
2026-08-26 05:05:00,507 [INFO] step 268: g_absmax=0.144 g_meanabs=8.575e-06
2026-08-26 05:05:05,453 [INFO] step 269: g_absmax=0.1589 g_meanabs=1.035e-05
2026-08-26 05:05:05,458 [INFO] Step 270: loss=0.0003 loss_ce=n/a time=4942.0ms mem=2606MB
2026-08-26 05:05:10,569 [INFO] step 270: g_absmax=0.105 g_meanabs=1.011e-05
2026-08-26 05:05:15,458 [INFO] step 271: g_absmax=0.1354 g_meanabs=9.871e-06
2026-08-26 05:05:20,356 [INFO] step 272: g_absmax=0.095 g_meanabs=9.021e-06
2026-08-26 05:05:25,300 [INFO] step 273: g_absmax=0.1201 g_meanabs=7.175e-06
2026-08-26 05:05:30,329 [INFO] step 274: g_absmax=0.1148 g_meanabs=9.883e-06
2026-08-26 05:05:35,321 [INFO] step 275: g_absmax=0.1235 g_meanabs=7.638e-06
2026-08-26 05:05:40,369 [INFO] step 276: g_absmax=0.1441 g_meanabs=9.037e-06
2026-08-26 05:05:45,402 [INFO] step 277: g_absmax=0.1112 g_meanabs=1.065e-05
2026-08-26 05:05:50,337 [INFO] step 278: g_absmax=0.1302 g_meanabs=8.65e-06
2026-08-26 05:05:55,347 [INFO] step 279: g_absmax=0.0996 g_meanabs=9.18e-06
2026-08-26 05:05:55,350 [INFO] Step 280: loss=0.0002 loss_ce=n/a time=5005.2ms mem=2606MB
2026-08-26 05:06:00,358 [INFO] step 280: g_absmax=0.0935 g_meanabs=8.422e-06
2026-08-26 05:06:05,358 [INFO] step 281: g_absmax=0.0937 g_meanabs=9.331e-06
2026-08-26 05:06:10,303 [INFO] step 282: g_absmax=0.1324 g_meanabs=9.47e-06
2026-08-26 05:06:15,320 [INFO] step 283: g_absmax=0.0979 g_meanabs=7.728e-06
2026-08-26 05:06:20,341 [INFO] step 284: g_absmax=0.1163 g_meanabs=8.095e-06
2026-08-26 05:06:25,302 [INFO] step 285: g_absmax=0.1083 g_meanabs=7.93e-06
2026-08-26 05:06:30,446 [INFO] step 286: g_absmax=0.1152 g_meanabs=8.424e-06
2026-08-26 05:06:35,310 [INFO] step 287: g_absmax=0.14 g_meanabs=1.02e-05
2026-08-26 05:06:40,350 [INFO] step 288: g_absmax=0.1132 g_meanabs=8.31e-06
2026-08-26 05:06:45,445 [INFO] step 289: g_absmax=0.1023 g_meanabs=9.723e-06
2026-08-26 05:06:45,449 [INFO] Step 290: loss=0.0002 loss_ce=n/a time=5090.0ms mem=2606MB
2026-08-26 05:06:50,435 [INFO] step 290: g_absmax=0.2019 g_meanabs=8.057e-06
2026-08-26 05:06:55,551 [INFO] step 291: g_absmax=0.1646 g_meanabs=9.794e-06
2026-08-26 05:07:00,627 [INFO] step 292: g_absmax=0.1189 g_meanabs=9.175e-06
2026-08-26 05:07:05,819 [INFO] step 293: g_absmax=0.1095 g_meanabs=8.039e-06
2026-08-26 05:07:10,885 [INFO] step 294: g_absmax=0.1019 g_meanabs=7e-06
2026-08-26 05:07:15,893 [INFO] step 295: g_absmax=0.131 g_meanabs=1.112e-05
2026-08-26 05:07:20,839 [INFO] step 296: g_absmax=0.0942 g_meanabs=7.462e-06
2026-08-26 05:07:25,684 [INFO] step 297: g_absmax=0.1092 g_meanabs=7.67e-06
2026-08-26 05:07:30,487 [INFO] step 298: g_absmax=0.119 g_meanabs=1.063e-05
2026-08-26 05:07:35,327 [INFO] step 299: g_absmax=0.1003 g_meanabs=1.106e-05
2026-08-26 05:07:35,329 [INFO] Step 300: loss=0.0003 loss_ce=n/a time=4834.8ms mem=2606MB
2026-08-26 05:07:35,333 [INFO] coordinator RSS=2.84GB GPU=1058MB (step 300)
2026-08-26 05:07:40,362 [INFO] step 300: g_absmax=0.0982 g_meanabs=9.999e-06
2026-08-26 05:07:45,312 [INFO] step 301: g_absmax=0.1021 g_meanabs=8.192e-06
2026-08-26 05:07:50,248 [INFO] step 302: g_absmax=0.1305 g_meanabs=9.77e-06
2026-08-26 05:07:55,050 [INFO] step 303: g_absmax=0.1491 g_meanabs=8.609e-06
2026-08-26 05:07:59,970 [INFO] step 304: g_absmax=0.1135 g_meanabs=8.056e-06
2026-08-26 05:08:04,819 [INFO] step 305: g_absmax=0.1136 g_meanabs=5.931e-06
2026-08-26 05:08:09,592 [INFO] step 306: g_absmax=0.162 g_meanabs=9.937e-06
2026-08-26 05:08:14,440 [INFO] step 307: g_absmax=0.1072 g_meanabs=8.397e-06
2026-08-26 05:08:19,432 [INFO] step 308: g_absmax=0.117 g_meanabs=9.11e-06
2026-08-26 05:08:24,371 [INFO] step 309: g_absmax=0.0989 g_meanabs=8.679e-06
2026-08-26 05:08:24,374 [INFO] Step 310: loss=0.0002 loss_ce=n/a time=4932.9ms mem=2606MB
2026-08-26 05:08:29,250 [INFO] step 310: g_absmax=0.1374 g_meanabs=1.002e-05
2026-08-26 05:08:34,107 [INFO] step 311: g_absmax=0.1041 g_meanabs=8.453e-06
2026-08-26 05:08:39,001 [INFO] step 312: g_absmax=0.1094 g_meanabs=9.763e-06
2026-08-26 05:08:44,021 [INFO] step 313: g_absmax=0.1582 g_meanabs=9.163e-06
2026-08-26 05:08:48,952 [INFO] step 314: g_absmax=0.1739 g_meanabs=9.039e-06
2026-08-26 05:08:53,782 [INFO] step 315: g_absmax=0.1336 g_meanabs=8.201e-06
2026-08-26 05:08:58,660 [INFO] step 316: g_absmax=0.1054 g_meanabs=9.072e-06
2026-08-26 05:09:03,713 [INFO] step 317: g_absmax=0.1084 g_meanabs=6.567e-06
2026-08-26 05:09:08,733 [INFO] step 318: g_absmax=0.1226 g_meanabs=8.848e-06
2026-08-26 05:09:13,846 [INFO] step 319: g_absmax=0.1436 g_meanabs=9.569e-06
2026-08-26 05:09:13,850 [INFO] Step 320: loss=0.0002 loss_ce=n/a time=5107.0ms mem=2606MB
2026-08-26 05:09:18,985 [INFO] step 320: g_absmax=0.0981 g_meanabs=7.851e-06
2026-08-26 05:09:23,993 [INFO] step 321: g_absmax=0.1137 g_meanabs=9.412e-06
2026-08-26 05:09:29,061 [INFO] step 322: g_absmax=0.1424 g_meanabs=9.495e-06
2026-08-26 05:09:34,097 [INFO] step 323: g_absmax=0.1515 g_meanabs=8.028e-06
2026-08-26 05:09:39,047 [INFO] step 324: g_absmax=0.1347 g_meanabs=8.007e-06
2026-08-26 05:09:44,114 [INFO] step 325: g_absmax=0.1263 g_meanabs=7.215e-06
2026-08-26 05:09:49,124 [INFO] step 326: g_absmax=0.1209 g_meanabs=7.54e-06
2026-08-26 05:09:54,059 [INFO] step 327: g_absmax=0.0982 g_meanabs=1.038e-05
2026-08-26 05:09:58,852 [INFO] step 328: g_absmax=0.1257 g_meanabs=7.404e-06
2026-08-26 05:10:03,623 [INFO] step 329: g_absmax=0.0945 g_meanabs=8.72e-06
2026-08-26 05:10:03,627 [INFO] Step 330: loss=0.0002 loss_ce=n/a time=4766.8ms mem=2606MB
2026-08-26 05:10:08,651 [INFO] step 330: g_absmax=0.1173 g_meanabs=8.347e-06
2026-08-26 05:10:13,694 [INFO] step 331: g_absmax=0.1205 g_meanabs=6.723e-06
2026-08-26 05:10:18,546 [INFO] step 332: g_absmax=0.1237 g_meanabs=8.338e-06
2026-08-26 05:10:23,420 [INFO] step 333: g_absmax=0.1666 g_meanabs=9.38e-06
2026-08-26 05:10:28,250 [INFO] step 334: g_absmax=0.1012 g_meanabs=6.858e-06
2026-08-26 05:10:33,099 [INFO] step 335: g_absmax=0.1209 g_meanabs=9.3e-06
2026-08-26 05:10:37,961 [INFO] step 336: g_absmax=0.1418 g_meanabs=9.875e-06
2026-08-26 05:10:42,900 [INFO] step 337: g_absmax=0.1318 g_meanabs=7.375e-06
2026-08-26 05:10:47,772 [INFO] step 338: g_absmax=0.089 g_meanabs=9.916e-06
2026-08-26 05:10:52,596 [INFO] step 339: g_absmax=0.1093 g_meanabs=1.176e-05
2026-08-26 05:10:52,598 [INFO] Step 340: loss=0.0003 loss_ce=n/a time=4820.0ms mem=2606MB
2026-08-26 05:10:57,459 [INFO] step 340: g_absmax=0.0905 g_meanabs=7.094e-06
2026-08-26 05:11:02,313 [INFO] step 341: g_absmax=0.1135 g_meanabs=8.108e-06
2026-08-26 05:11:07,071 [INFO] step 342: g_absmax=0.1102 g_meanabs=7.391e-06
2026-08-26 05:11:11,915 [INFO] step 343: g_absmax=0.1438 g_meanabs=9.944e-06
2026-08-26 05:11:16,923 [INFO] step 344: g_absmax=0.1245 g_meanabs=8.76e-06
2026-08-26 05:11:21,684 [INFO] step 345: g_absmax=0.1318 g_meanabs=1.14e-05
2026-08-26 05:11:26,629 [INFO] step 346: g_absmax=0.1385 g_meanabs=1.036e-05
2026-08-26 05:11:31,550 [INFO] step 347: g_absmax=0.1111 g_meanabs=1.035e-05
2026-08-26 05:11:36,662 [INFO] step 348: g_absmax=0.1191 g_meanabs=1.161e-05
2026-08-26 05:11:41,667 [INFO] step 349: g_absmax=0.1242 g_meanabs=1.022e-05
2026-08-26 05:11:41,671 [INFO] Step 350: loss=0.0003 loss_ce=n/a time=5000.5ms mem=2606MB
2026-08-26 05:11:41,675 [INFO] coordinator RSS=2.84GB GPU=1058MB (step 350)
2026-08-26 05:11:46,856 [INFO] step 350: g_absmax=0.1163 g_meanabs=9.772e-06
2026-08-26 05:11:51,910 [INFO] step 351: g_absmax=0.1186 g_meanabs=5.964e-06
2026-08-26 05:11:56,984 [INFO] step 352: g_absmax=0.1177 g_meanabs=8.334e-06
2026-08-26 05:12:02,040 [INFO] step 353: g_absmax=0.1179 g_meanabs=8.662e-06
2026-08-26 05:12:07,117 [INFO] step 354: g_absmax=0.1289 g_meanabs=9.294e-06
2026-08-26 05:12:12,077 [INFO] step 355: g_absmax=0.0898 g_meanabs=5.684e-06
2026-08-26 05:12:17,099 [INFO] step 356: g_absmax=0.1482 g_meanabs=9.699e-06
2026-08-26 05:12:22,128 [INFO] step 357: g_absmax=0.1671 g_meanabs=9.417e-06
2026-08-26 05:12:27,199 [INFO] step 358: g_absmax=0.1291 g_meanabs=9.217e-06
2026-08-26 05:12:32,028 [INFO] step 359: g_absmax=0.1011 g_meanabs=1.01e-05
2026-08-26 05:12:32,032 [INFO] Step 360: loss=0.0002 loss_ce=n/a time=4824.0ms mem=2606MB
2026-08-26 05:12:36,872 [INFO] step 360: g_absmax=0.1424 g_meanabs=6.325e-06
2026-08-26 05:12:41,816 [INFO] step 361: g_absmax=0.1388 g_meanabs=9.61e-06
2026-08-26 05:12:46,656 [INFO] step 362: g_absmax=0.1065 g_meanabs=7.784e-06
2026-08-26 05:12:51,482 [INFO] step 363: g_absmax=0.1185 g_meanabs=9.215e-06
2026-08-26 05:12:56,293 [INFO] step 364: g_absmax=0.1674 g_meanabs=1.023e-05
2026-08-26 05:13:01,288 [INFO] step 365: g_absmax=0.1341 g_meanabs=8.436e-06
2026-08-26 05:13:06,171 [INFO] step 366: g_absmax=0.0894 g_meanabs=9.306e-06
2026-08-26 05:13:10,979 [INFO] step 367: g_absmax=0.1307 g_meanabs=8.864e-06
2026-08-26 05:13:15,731 [INFO] step 368: g_absmax=0.1052 g_meanabs=7.261e-06
2026-08-26 05:13:20,588 [INFO] step 369: g_absmax=0.0869 g_meanabs=7.097e-06
2026-08-26 05:13:20,592 [INFO] Step 370: loss=0.0002 loss_ce=n/a time=4851.2ms mem=2606MB
2026-08-26 05:13:25,385 [INFO] step 370: g_absmax=0.1462 g_meanabs=6.289e-06
2026-08-26 05:13:30,328 [INFO] step 371: g_absmax=0.1231 g_meanabs=6.943e-06
2026-08-26 05:13:35,040 [INFO] step 372: g_absmax=0.1053 g_meanabs=8.909e-06
2026-08-26 05:13:39,715 [INFO] step 373: g_absmax=0.1125 g_meanabs=9.879e-06
2026-08-26 05:13:44,549 [INFO] step 374: g_absmax=0.1143 g_meanabs=7.296e-06
2026-08-26 05:13:49,437 [INFO] step 375: g_absmax=0.1162 g_meanabs=6.064e-06
2026-08-26 05:13:54,166 [INFO] step 376: g_absmax=0.0845 g_meanabs=9.416e-06
2026-08-26 05:13:58,968 [INFO] step 377: g_absmax=0.1213 g_meanabs=6.803e-06
2026-08-26 05:14:03,854 [INFO] step 378: g_absmax=0.1174 g_meanabs=8.818e-06
2026-08-26 05:14:08,766 [INFO] step 379: g_absmax=0.1217 g_meanabs=8.051e-06
2026-08-26 05:14:08,770 [INFO] Step 380: loss=0.0002 loss_ce=n/a time=4907.8ms mem=2606MB
2026-08-26 05:14:13,757 [INFO] step 380: g_absmax=0.0977 g_meanabs=8.369e-06
2026-08-26 05:14:18,701 [INFO] step 381: g_absmax=0.1028 g_meanabs=7.068e-06
2026-08-26 05:14:23,680 [INFO] step 382: g_absmax=0.1056 g_meanabs=8.162e-06
2026-08-26 05:14:28,901 [INFO] step 383: g_absmax=0.1218 g_meanabs=8.118e-06
2026-08-26 05:14:33,920 [INFO] step 384: g_absmax=0.1114 g_meanabs=9.124e-06
2026-08-26 05:14:38,927 [INFO] step 385: g_absmax=0.0821 g_meanabs=6.511e-06
2026-08-26 05:14:43,857 [INFO] step 386: g_absmax=0.0962 g_meanabs=9.342e-06
2026-08-26 05:14:48,877 [INFO] step 387: g_absmax=0.1043 g_meanabs=8.86e-06
2026-08-26 05:14:53,891 [INFO] step 388: g_absmax=0.113 g_meanabs=9.068e-06
2026-08-26 05:14:58,707 [INFO] step 389: g_absmax=0.108 g_meanabs=9.161e-06
2026-08-26 05:14:58,711 [INFO] Step 390: loss=0.0002 loss_ce=n/a time=4813.0ms mem=2606MB
2026-08-26 05:15:03,506 [INFO] step 390: g_absmax=0.1149 g_meanabs=9.934e-06
2026-08-26 05:15:08,162 [INFO] step 391: g_absmax=0.1218 g_meanabs=7.262e-06
2026-08-26 05:15:12,927 [INFO] step 392: g_absmax=0.1307 g_meanabs=8.027e-06
2026-08-26 05:15:17,816 [INFO] step 393: g_absmax=0.1145 g_meanabs=9.439e-06
2026-08-26 05:15:22,566 [INFO] step 394: g_absmax=0.1087 g_meanabs=9.994e-06
2026-08-26 05:15:27,225 [INFO] step 395: g_absmax=0.099 g_meanabs=9.112e-06
2026-08-26 05:15:31,913 [INFO] step 396: g_absmax=0.1292 g_meanabs=9.862e-06
2026-08-26 05:15:36,734 [INFO] step 397: g_absmax=0.1398 g_meanabs=8.399e-06
2026-08-26 05:15:41,417 [INFO] step 398: g_absmax=0.1062 g_meanabs=3.658e-06
2026-08-26 05:15:46,089 [INFO] step 399: g_absmax=0.0973 g_meanabs=5.775e-06
2026-08-26 05:15:46,094 [INFO] Step 400: loss=0.0002 loss_ce=n/a time=4667.1ms mem=2606MB
2026-08-26 05:15:46,679 [INFO] Last checkpoint saved → /root/CipherForge/final-test-data/three-party-rms-pir_20260826-043847/checkpoints/last_checkpoint.pt (epoch=1)
2026-08-26 05:17:48,141 [INFO] Epoch 1: train_loss_proxy=0.0002 | val_ce_loss=2.7390 | val_micro_F1=0.2617 (P=0.2617 R=0.2617 Acc=0.2617) | val_macro_F1=0.0357 | val_weighted_F1=0.1227 | n_samples=149
2026-08-26 05:17:48,619 [INFO] Last checkpoint saved → /root/CipherForge/final-test-data/three-party-rms-pir_20260826-043847/checkpoints/last_checkpoint.pt (epoch=1)
2026-08-26 05:17:49,076 [INFO] Checkpoint saved → /root/CipherForge/final-test-data/three-party-rms-pir_20260826-043847/checkpoints/checkpoint_epoch_001.pt
2026-08-26 05:17:49,077 [INFO] No improvement for 1 epochs
2026-08-26 05:17:49,082 [INFO] coordinator RSS=2.90GB GPU=1058MB (step 400)
2026-08-26 05:17:53,796 [INFO] step 400: g_absmax=0.1386 g_meanabs=8.798e-06
2026-08-26 05:17:58,404 [INFO] step 401: g_absmax=0.0926 g_meanabs=1.033e-05
2026-08-26 05:18:03,091 [INFO] step 402: g_absmax=0.1209 g_meanabs=9.698e-06
2026-08-26 05:18:07,916 [INFO] step 403: g_absmax=0.1235 g_meanabs=9.209e-06
2026-08-26 05:18:12,689 [INFO] step 404: g_absmax=0.1435 g_meanabs=7.411e-06
2026-08-26 05:18:17,302 [INFO] step 405: g_absmax=0.1001 g_meanabs=7.126e-06
2026-08-26 05:18:21,976 [INFO] step 406: g_absmax=0.0842 g_meanabs=5.766e-06
2026-08-26 05:18:26,804 [INFO] step 407: g_absmax=0.0975 g_meanabs=7.869e-06
2026-08-26 05:18:31,686 [INFO] step 408: g_absmax=0.1191 g_meanabs=8.411e-06
2026-08-26 05:18:36,328 [INFO] step 409: g_absmax=0.1246 g_meanabs=9.006e-06
2026-08-26 05:18:36,343 [INFO] Step 410: loss=0.0002 loss_ce=n/a time=4629.2ms mem=2606MB
2026-08-26 05:18:41,055 [INFO] step 410: g_absmax=0.1207 g_meanabs=6.383e-06
2026-08-26 05:18:45,828 [INFO] step 411: g_absmax=0.1116 g_meanabs=6.669e-06
2026-08-26 05:18:50,552 [INFO] step 412: g_absmax=0.1349 g_meanabs=6.366e-06
2026-08-26 05:18:55,308 [INFO] step 413: g_absmax=0.0982 g_meanabs=9.667e-06
2026-08-26 05:19:00,100 [INFO] step 414: g_absmax=0.1194 g_meanabs=8.653e-06
2026-08-26 05:19:05,044 [INFO] step 415: g_absmax=0.1249 g_meanabs=8.141e-06
2026-08-26 05:19:09,970 [INFO] step 416: g_absmax=0.1105 g_meanabs=8.436e-06
2026-08-26 05:19:14,929 [INFO] step 417: g_absmax=0.1338 g_meanabs=6.674e-06
2026-08-26 05:19:19,780 [INFO] step 418: g_absmax=0.106 g_meanabs=6.338e-06
2026-08-26 05:19:24,637 [INFO] step 419: g_absmax=0.1252 g_meanabs=9.428e-06
2026-08-26 05:19:24,644 [INFO] Step 420: loss=0.0002 loss_ce=n/a time=4839.9ms mem=2606MB
2026-08-26 05:19:29,478 [INFO] step 420: g_absmax=0.1618 g_meanabs=8.679e-06
2026-08-26 05:19:34,285 [INFO] step 421: g_absmax=0.1222 g_meanabs=5.401e-06
2026-08-26 05:19:39,227 [INFO] step 422: g_absmax=0.1112 g_meanabs=4.91e-06
2026-08-26 05:19:43,964 [INFO] step 423: g_absmax=0.1046 g_meanabs=5.229e-06
2026-08-26 05:19:48,810 [INFO] step 424: g_absmax=0.1275 g_meanabs=5.821e-06
2026-08-26 05:19:53,630 [INFO] step 425: g_absmax=0.1227 g_meanabs=5.981e-06
2026-08-26 05:19:58,524 [INFO] step 426: g_absmax=0.1196 g_meanabs=8.575e-06
2026-08-26 05:20:03,286 [INFO] step 427: g_absmax=0.1207 g_meanabs=4.674e-06
2026-08-26 05:20:07,988 [INFO] step 428: g_absmax=0.1336 g_meanabs=7.59e-06
2026-08-26 05:20:12,757 [INFO] step 429: g_absmax=0.1078 g_meanabs=7.664e-06
2026-08-26 05:20:12,764 [INFO] Step 430: loss=0.0002 loss_ce=n/a time=4753.7ms mem=2606MB
2026-08-26 05:20:17,688 [INFO] step 430: g_absmax=0.1054 g_meanabs=1.033e-05
2026-08-26 05:20:22,567 [INFO] step 431: g_absmax=0.1204 g_meanabs=5.36e-06
2026-08-26 05:20:27,436 [INFO] step 432: g_absmax=0.1192 g_meanabs=5.616e-06
2026-08-26 05:20:32,279 [INFO] step 433: g_absmax=0.1161 g_meanabs=5.058e-06
2026-08-26 05:20:37,033 [INFO] step 434: g_absmax=0.1325 g_meanabs=1.219e-05
2026-08-26 05:20:41,846 [INFO] step 435: g_absmax=0.1188 g_meanabs=4.827e-06
2026-08-26 05:20:46,497 [INFO] step 436: g_absmax=0.0985 g_meanabs=8.786e-06
2026-08-26 05:20:51,221 [INFO] step 437: g_absmax=0.1019 g_meanabs=3.307e-06
2026-08-26 05:20:56,000 [INFO] step 438: g_absmax=0.1161 g_meanabs=8.492e-06
2026-08-26 05:21:00,742 [INFO] step 439: g_absmax=0.1124 g_meanabs=7.222e-06
2026-08-26 05:21:00,756 [INFO] Step 440: loss=0.0002 loss_ce=n/a time=4725.0ms mem=2606MB
2026-08-26 05:21:05,451 [INFO] step 440: g_absmax=0.1313 g_meanabs=7.527e-06
2026-08-26 05:21:10,084 [INFO] step 441: g_absmax=0.1286 g_meanabs=5.753e-06
2026-08-26 05:21:14,745 [INFO] step 442: g_absmax=0.1311 g_meanabs=8.86e-06
2026-08-26 05:21:19,541 [INFO] step 443: g_absmax=0.1398 g_meanabs=6.512e-06
2026-08-26 05:21:24,454 [INFO] step 444: g_absmax=0.1203 g_meanabs=7.248e-06
2026-08-26 05:21:29,315 [INFO] step 445: g_absmax=0.1024 g_meanabs=5.085e-06
2026-08-26 05:21:34,035 [INFO] step 446: g_absmax=0.0969 g_meanabs=1.013e-05
2026-08-26 05:21:38,787 [INFO] step 447: g_absmax=0.138 g_meanabs=5.663e-06
2026-08-26 05:21:43,693 [INFO] step 448: g_absmax=0.1109 g_meanabs=5.314e-06
2026-08-26 05:21:48,512 [INFO] step 449: g_absmax=0.1091 g_meanabs=7.656e-06
2026-08-26 05:21:48,521 [INFO] Step 450: loss=0.0002 loss_ce=n/a time=4807.8ms mem=2606MB
2026-08-26 05:21:48,523 [INFO] coordinator RSS=2.90GB GPU=1058MB (step 450)
2026-08-26 05:21:53,439 [INFO] step 450: g_absmax=0.1269 g_meanabs=8.411e-06
2026-08-26 05:21:58,325 [INFO] step 451: g_absmax=0.1007 g_meanabs=5.272e-06
2026-08-26 05:22:03,272 [INFO] step 452: g_absmax=0.0945 g_meanabs=4.733e-06
2026-08-26 05:22:08,164 [INFO] step 453: g_absmax=0.1297 g_meanabs=7.869e-06
2026-08-26 05:22:13,154 [INFO] step 454: g_absmax=0.1163 g_meanabs=7.1e-06
2026-08-26 05:22:18,088 [INFO] step 455: g_absmax=0.1151 g_meanabs=3.811e-06
2026-08-26 05:22:22,984 [INFO] step 456: g_absmax=0.1641 g_meanabs=6.661e-06
2026-08-26 05:22:27,776 [INFO] step 457: g_absmax=0.1242 g_meanabs=6.82e-06
2026-08-26 05:22:32,526 [INFO] step 458: g_absmax=0.1238 g_meanabs=7.157e-06
2026-08-26 05:22:37,248 [INFO] step 459: g_absmax=0.1143 g_meanabs=9.238e-06
2026-08-26 05:22:37,264 [INFO] Step 460: loss=0.0002 loss_ce=n/a time=4709.4ms mem=2606MB
2026-08-26 05:22:42,057 [INFO] step 460: g_absmax=0.1193 g_meanabs=8.874e-06
2026-08-26 05:22:46,915 [INFO] step 461: g_absmax=0.1086 g_meanabs=7.632e-06
2026-08-26 05:22:51,839 [INFO] step 462: g_absmax=0.1427 g_meanabs=9.283e-06
2026-08-26 05:22:56,531 [INFO] step 463: g_absmax=0.1262 g_meanabs=5.718e-06
2026-08-26 05:23:01,324 [INFO] step 464: g_absmax=0.1475 g_meanabs=1.004e-05
2026-08-26 05:23:06,157 [INFO] step 465: g_absmax=0.1581 g_meanabs=4.097e-06
2026-08-26 05:23:10,993 [INFO] step 466: g_absmax=0.0926 g_meanabs=7.109e-06
2026-08-26 05:23:15,744 [INFO] step 467: g_absmax=0.1268 g_meanabs=8.524e-06
2026-08-26 05:23:20,500 [INFO] step 468: g_absmax=0.1215 g_meanabs=7.276e-06
2026-08-26 05:23:25,329 [INFO] step 469: g_absmax=0.097 g_meanabs=6.984e-06
2026-08-26 05:23:25,345 [INFO] Step 470: loss=0.0002 loss_ce=n/a time=4810.7ms mem=2606MB
2026-08-26 05:23:30,240 [INFO] step 470: g_absmax=0.1288 g_meanabs=8.22e-06
2026-08-26 05:23:35,022 [INFO] step 471: g_absmax=0.1176 g_meanabs=7.108e-06
2026-08-26 05:23:39,706 [INFO] step 472: g_absmax=0.1086 g_meanabs=8.165e-06
2026-08-26 05:23:44,289 [INFO] step 473: g_absmax=0.0957 g_meanabs=7.642e-06
2026-08-26 05:23:48,921 [INFO] step 474: g_absmax=0.1125 g_meanabs=5.136e-06
2026-08-26 05:23:53,564 [INFO] step 475: g_absmax=0.1191 g_meanabs=7.889e-06
2026-08-26 05:23:58,173 [INFO] step 476: g_absmax=0.1115 g_meanabs=5.501e-06
2026-08-26 05:24:02,810 [INFO] step 477: g_absmax=0.0969 g_meanabs=6.772e-06
2026-08-26 05:24:07,469 [INFO] step 478: g_absmax=0.1226 g_meanabs=5.242e-06
2026-08-26 05:24:12,288 [INFO] step 479: g_absmax=0.1089 g_meanabs=5.023e-06
2026-08-26 05:24:12,291 [INFO] Step 480: loss=0.0002 loss_ce=n/a time=4813.9ms mem=2606MB
2026-08-26 05:24:17,170 [INFO] step 480: g_absmax=0.1084 g_meanabs=8.96e-06
2026-08-26 05:24:21,913 [INFO] step 481: g_absmax=0.1124 g_meanabs=9.281e-06
2026-08-26 05:24:26,703 [INFO] step 482: g_absmax=0.1369 g_meanabs=6.738e-06
2026-08-26 05:24:31,556 [INFO] step 483: g_absmax=0.1054 g_meanabs=8.088e-06
2026-08-26 05:24:36,413 [INFO] step 484: g_absmax=0.1112 g_meanabs=4.27e-06
2026-08-26 05:24:41,326 [INFO] step 485: g_absmax=0.1079 g_meanabs=8e-06
2026-08-26 05:24:46,216 [INFO] step 486: g_absmax=0.1363 g_meanabs=9.182e-06
2026-08-26 05:24:51,149 [INFO] step 487: g_absmax=0.1433 g_meanabs=7.243e-06
2026-08-26 05:24:55,905 [INFO] step 488: g_absmax=0.1049 g_meanabs=3.558e-06
2026-08-26 05:25:00,746 [INFO] step 489: g_absmax=0.0933 g_meanabs=5.096e-06
2026-08-26 05:25:00,749 [INFO] Step 490: loss=0.0001 loss_ce=n/a time=4837.1ms mem=2606MB
2026-08-26 05:25:05,433 [INFO] step 490: g_absmax=0.1076 g_meanabs=6.262e-06
2026-08-26 05:25:10,283 [INFO] step 491: g_absmax=0.1585 g_meanabs=8.583e-06
2026-08-26 05:25:14,987 [INFO] step 492: g_absmax=0.1277 g_meanabs=5.701e-06
2026-08-26 05:25:19,757 [INFO] step 493: g_absmax=0.0895 g_meanabs=3.844e-06
2026-08-26 05:25:24,608 [INFO] step 494: g_absmax=0.1279 g_meanabs=6.829e-06
2026-08-26 05:25:29,371 [INFO] step 495: g_absmax=0.0989 g_meanabs=7.335e-06
2026-08-26 05:25:34,077 [INFO] step 496: g_absmax=0.1224 g_meanabs=1.006e-05
2026-08-26 05:25:38,871 [INFO] step 497: g_absmax=0.1186 g_meanabs=6.092e-06
2026-08-26 05:25:43,616 [INFO] step 498: g_absmax=0.1166 g_meanabs=1.149e-05
2026-08-26 05:25:48,264 [INFO] step 499: g_absmax=0.1167 g_meanabs=8.224e-06
2026-08-26 05:25:48,266 [INFO] Step 500: loss=0.0002 loss_ce=n/a time=4642.3ms mem=2606MB
2026-08-26 05:25:48,268 [INFO] coordinator RSS=2.90GB GPU=1058MB (step 500)
2026-08-26 05:25:52,967 [INFO] step 500: g_absmax=0.1138 g_meanabs=9.834e-06
2026-08-26 05:25:57,636 [INFO] step 501: g_absmax=0.1064 g_meanabs=5.514e-06
2026-08-26 05:26:02,228 [INFO] step 502: g_absmax=0.1135 g_meanabs=7.513e-06
2026-08-26 05:26:06,939 [INFO] step 503: g_absmax=0.1167 g_meanabs=7.097e-06
2026-08-26 05:26:11,539 [INFO] step 504: g_absmax=0.0952 g_meanabs=7.406e-06
2026-08-26 05:26:16,115 [INFO] step 505: g_absmax=0.1213 g_meanabs=6.357e-06
2026-08-26 05:26:20,868 [INFO] step 506: g_absmax=0.1034 g_meanabs=5.013e-06
2026-08-26 05:26:25,580 [INFO] step 507: g_absmax=0.1151 g_meanabs=4.801e-06
2026-08-26 05:26:30,325 [INFO] step 508: g_absmax=0.0906 g_meanabs=7.978e-06
2026-08-26 05:26:34,889 [INFO] step 509: g_absmax=0.1158 g_meanabs=4.866e-06
2026-08-26 05:26:34,892 [INFO] Step 510: loss=0.0002 loss_ce=n/a time=4558.4ms mem=2606MB
2026-08-26 05:26:39,855 [INFO] step 510: g_absmax=0.0923 g_meanabs=5.962e-06
2026-08-26 05:26:44,692 [INFO] step 511: g_absmax=0.1142 g_meanabs=8.652e-06
2026-08-26 05:26:49,537 [INFO] step 512: g_absmax=0.0991 g_meanabs=6.968e-06
2026-08-26 05:26:54,231 [INFO] step 513: g_absmax=0.1377 g_meanabs=8.873e-06
2026-08-26 05:26:59,009 [INFO] step 514: g_absmax=0.1326 g_meanabs=7.656e-06
2026-08-26 05:27:03,792 [INFO] step 515: g_absmax=0.1434 g_meanabs=6.528e-06
2026-08-26 05:27:08,641 [INFO] step 516: g_absmax=0.1533 g_meanabs=7.671e-06
2026-08-26 05:27:13,419 [INFO] step 517: g_absmax=0.1213 g_meanabs=9.916e-06
2026-08-26 05:27:18,204 [INFO] step 518: g_absmax=0.1336 g_meanabs=6.4e-06
2026-08-26 05:27:22,954 [INFO] step 519: g_absmax=0.1343 g_meanabs=6.195e-06
2026-08-26 05:27:22,957 [INFO] Step 520: loss=0.0002 loss_ce=n/a time=4743.8ms mem=2606MB
2026-08-26 05:27:27,775 [INFO] step 520: g_absmax=0.1177 g_meanabs=7.602e-06
2026-08-26 05:27:32,584 [INFO] step 521: g_absmax=0.137 g_meanabs=7.538e-06
2026-08-26 05:27:37,341 [INFO] step 522: g_absmax=0.0916 g_meanabs=8.293e-06
2026-08-26 05:27:42,015 [INFO] step 523: g_absmax=0.0975 g_meanabs=1.044e-05
2026-08-26 05:27:46,640 [INFO] step 524: g_absmax=0.1071 g_meanabs=9.902e-06
2026-08-26 05:27:51,296 [INFO] step 525: g_absmax=0.1096 g_meanabs=7.14e-06
2026-08-26 05:27:55,995 [INFO] step 526: g_absmax=0.1158 g_meanabs=6.759e-06
2026-08-26 05:28:00,638 [INFO] step 527: g_absmax=0.1257 g_meanabs=9.422e-06
2026-08-26 05:28:05,296 [INFO] step 528: g_absmax=0.0988 g_meanabs=9.137e-06
2026-08-26 05:28:10,081 [INFO] step 529: g_absmax=0.1462 g_meanabs=5.62e-06
2026-08-26 05:28:10,083 [INFO] Step 530: loss=0.0002 loss_ce=n/a time=4780.2ms mem=2606MB
2026-08-26 05:28:14,828 [INFO] step 530: g_absmax=0.1342 g_meanabs=8.001e-06
2026-08-26 05:28:19,449 [INFO] step 531: g_absmax=0.1247 g_meanabs=4.754e-06
2026-08-26 05:28:24,104 [INFO] step 532: g_absmax=0.1143 g_meanabs=8.922e-06
2026-08-26 05:28:28,856 [INFO] step 533: g_absmax=0.1285 g_meanabs=7.914e-06
2026-08-26 05:28:33,727 [INFO] step 534: g_absmax=0.105 g_meanabs=7.831e-06
2026-08-26 05:28:38,550 [INFO] step 535: g_absmax=0.0979 g_meanabs=6.647e-06
2026-08-26 05:28:43,278 [INFO] step 536: g_absmax=0.1424 g_meanabs=5e-06
2026-08-26 05:28:47,986 [INFO] step 537: g_absmax=0.165 g_meanabs=6.16e-06
2026-08-26 05:28:52,711 [INFO] step 538: g_absmax=0.1131 g_meanabs=4.219e-06
2026-08-26 05:28:57,511 [INFO] step 539: g_absmax=0.1139 g_meanabs=7.901e-06
2026-08-26 05:28:57,514 [INFO] Step 540: loss=0.0002 loss_ce=n/a time=4794.6ms mem=2606MB
2026-08-26 05:29:02,251 [INFO] step 540: g_absmax=0.1271 g_meanabs=8.096e-06
2026-08-26 05:29:06,905 [INFO] step 541: g_absmax=0.1679 g_meanabs=7.991e-06
2026-08-26 05:29:11,576 [INFO] step 542: g_absmax=0.1257 g_meanabs=8.471e-06
2026-08-26 05:29:16,434 [INFO] step 543: g_absmax=0.1262 g_meanabs=6.274e-06
2026-08-26 05:29:21,327 [INFO] step 544: g_absmax=0.1364 g_meanabs=5.329e-06
2026-08-26 05:29:26,169 [INFO] step 545: g_absmax=0.108 g_meanabs=6.071e-06
2026-08-26 05:29:31,033 [INFO] step 546: g_absmax=0.1192 g_meanabs=6.029e-06
2026-08-26 05:29:35,844 [INFO] step 547: g_absmax=0.1145 g_meanabs=8.579e-06
2026-08-26 05:29:40,647 [INFO] step 548: g_absmax=0.1047 g_meanabs=7.525e-06
2026-08-26 05:29:45,458 [INFO] step 549: g_absmax=0.1051 g_meanabs=6.484e-06
2026-08-26 05:29:45,461 [INFO] Step 550: loss=0.0002 loss_ce=n/a time=4808.7ms mem=2606MB
2026-08-26 05:29:45,465 [INFO] coordinator RSS=2.90GB GPU=1058MB (step 550)
2026-08-26 05:29:50,340 [INFO] step 550: g_absmax=0.1258 g_meanabs=5.028e-06
2026-08-26 05:29:55,350 [INFO] step 551: g_absmax=0.1258 g_meanabs=1.107e-05
2026-08-26 05:30:00,131 [INFO] step 552: g_absmax=0.1018 g_meanabs=5.942e-06
2026-08-26 05:30:04,983 [INFO] step 553: g_absmax=0.0977 g_meanabs=7.927e-06
2026-08-26 05:30:09,758 [INFO] step 554: g_absmax=0.0888 g_meanabs=8.006e-06
2026-08-26 05:30:14,316 [INFO] step 555: g_absmax=0.1406 g_meanabs=9.718e-06
2026-08-26 05:30:18,877 [INFO] step 556: g_absmax=0.1107 g_meanabs=8.458e-06
2026-08-26 05:30:23,669 [INFO] step 557: g_absmax=0.1201 g_meanabs=5.155e-06
2026-08-26 05:30:28,472 [INFO] step 558: g_absmax=0.119 g_meanabs=6.859e-06
2026-08-26 05:30:33,183 [INFO] step 559: g_absmax=0.1536 g_meanabs=8.77e-06
2026-08-26 05:30:33,186 [INFO] Step 560: loss=0.0002 loss_ce=n/a time=4706.4ms mem=2606MB
2026-08-26 05:30:37,920 [INFO] step 560: g_absmax=0.1073 g_meanabs=6.189e-06
2026-08-26 05:30:42,785 [INFO] step 561: g_absmax=0.123 g_meanabs=7.676e-06
2026-08-26 05:30:47,566 [INFO] step 562: g_absmax=0.122 g_meanabs=6.735e-06
2026-08-26 05:30:52,315 [INFO] step 563: g_absmax=0.1449 g_meanabs=7.172e-06
2026-08-26 05:30:56,972 [INFO] step 564: g_absmax=0.1275 g_meanabs=8.101e-06
2026-08-26 05:31:02,090 [INFO] step 565: g_absmax=0.0897 g_meanabs=7.548e-06
2026-08-26 05:31:06,922 [INFO] step 566: g_absmax=0.1268 g_meanabs=6.854e-06
2026-08-26 05:31:11,931 [INFO] step 567: g_absmax=0.1308 g_meanabs=7.585e-06
2026-08-26 05:31:16,798 [INFO] step 568: g_absmax=0.1182 g_meanabs=8.1e-06
2026-08-26 05:31:21,670 [INFO] step 569: g_absmax=0.1157 g_meanabs=5.294e-06
2026-08-26 05:31:21,673 [INFO] Step 570: loss=0.0002 loss_ce=n/a time=4867.6ms mem=2606MB
2026-08-26 05:31:26,747 [INFO] step 570: g_absmax=0.0837 g_meanabs=1.045e-05
2026-08-26 05:31:31,644 [INFO] step 571: g_absmax=0.1165 g_meanabs=5.418e-06
2026-08-26 05:31:36,560 [INFO] step 572: g_absmax=0.1214 g_meanabs=7.994e-06
2026-08-26 05:31:41,440 [INFO] step 573: g_absmax=0.0989 g_meanabs=7.492e-06
2026-08-26 05:31:46,531 [INFO] step 574: g_absmax=0.1161 g_meanabs=1.096e-05
2026-08-26 05:31:51,661 [INFO] step 575: g_absmax=0.1118 g_meanabs=7.77e-06
2026-08-26 05:31:56,605 [INFO] step 576: g_absmax=0.1033 g_meanabs=6.507e-06
2026-08-26 05:32:01,552 [INFO] step 577: g_absmax=0.1131 g_meanabs=8.839e-06
2026-08-26 05:32:06,569 [INFO] step 578: g_absmax=0.1192 g_meanabs=6.481e-06
2026-08-26 05:32:11,602 [INFO] step 579: g_absmax=0.1133 g_meanabs=7.116e-06
2026-08-26 05:32:11,604 [INFO] Step 580: loss=0.0002 loss_ce=n/a time=5028.5ms mem=2606MB
2026-08-26 05:32:16,586 [INFO] step 580: g_absmax=0.1028 g_meanabs=6.501e-06
2026-08-26 05:32:21,575 [INFO] step 581: g_absmax=0.0927 g_meanabs=5.951e-06
2026-08-26 05:32:26,564 [INFO] step 582: g_absmax=0.1021 g_meanabs=8.852e-06
2026-08-26 05:32:31,608 [INFO] step 583: g_absmax=0.1036 g_meanabs=5.382e-06
2026-08-26 05:32:36,644 [INFO] step 584: g_absmax=0.1163 g_meanabs=6.484e-06
2026-08-26 05:32:41,548 [INFO] step 585: g_absmax=0.1129 g_meanabs=8.457e-06
2026-08-26 05:32:46,388 [INFO] step 586: g_absmax=0.1207 g_meanabs=7.748e-06
2026-08-26 05:32:51,069 [INFO] step 587: g_absmax=0.0963 g_meanabs=5.706e-06
2026-08-26 05:32:55,870 [INFO] step 588: g_absmax=0.0902 g_meanabs=6.037e-06
2026-08-26 05:33:00,713 [INFO] step 589: g_absmax=0.1213 g_meanabs=5.321e-06
2026-08-26 05:33:00,716 [INFO] Step 590: loss=0.0002 loss_ce=n/a time=4838.5ms mem=2606MB
2026-08-26 05:33:05,448 [INFO] step 590: g_absmax=0.095 g_meanabs=7.891e-06
2026-08-26 05:33:10,276 [INFO] step 591: g_absmax=0.1144 g_meanabs=8.958e-06
2026-08-26 05:33:15,063 [INFO] step 592: g_absmax=0.107 g_meanabs=9.232e-06
2026-08-26 05:33:19,860 [INFO] step 593: g_absmax=0.1242 g_meanabs=6.142e-06
2026-08-26 05:33:24,706 [INFO] step 594: g_absmax=0.1118 g_meanabs=6.643e-06
2026-08-26 05:33:29,503 [INFO] step 595: g_absmax=0.0956 g_meanabs=6.88e-06
2026-08-26 05:33:34,371 [INFO] step 596: g_absmax=0.1275 g_meanabs=7.539e-06
2026-08-26 05:33:39,130 [INFO] step 597: g_absmax=0.1054 g_meanabs=8.726e-06
2026-08-26 05:33:43,977 [INFO] step 598: g_absmax=0.0968 g_meanabs=5.691e-06
2026-08-26 05:33:48,807 [INFO] step 599: g_absmax=0.1179 g_meanabs=6.518e-06
2026-08-26 05:33:48,810 [INFO] Step 600: loss=0.0002 loss_ce=n/a time=4825.6ms mem=2606MB
2026-08-26 05:33:49,324 [INFO] Last checkpoint saved → /root/CipherForge/final-test-data/three-party-rms-pir_20260826-043847/checkpoints/last_checkpoint.pt (epoch=2)
2026-08-26 05:35:45,336 [INFO] Epoch 2: train_loss_proxy=0.0002 | val_ce_loss=2.7672 | val_micro_F1=0.2416 (P=0.2416 R=0.2416 Acc=0.2416) | val_macro_F1=0.0387 | val_weighted_F1=0.1202 | n_samples=149
2026-08-26 05:35:45,824 [INFO] Last checkpoint saved → /root/CipherForge/final-test-data/three-party-rms-pir_20260826-043847/checkpoints/last_checkpoint.pt (epoch=2)
2026-08-26 05:35:46,258 [INFO] Checkpoint saved → /root/CipherForge/final-test-data/three-party-rms-pir_20260826-043847/checkpoints/checkpoint_epoch_002.pt
2026-08-26 05:35:46,259 [INFO] No improvement for 2 epochs
2026-08-26 05:35:46,262 [INFO] coordinator RSS=2.91GB GPU=1058MB (step 600)
2026-08-26 05:35:50,970 [INFO] step 600: g_absmax=0.1128 g_meanabs=7.184e-06
2026-08-26 05:35:55,780 [INFO] step 601: g_absmax=0.1481 g_meanabs=3.711e-06
2026-08-26 05:36:00,603 [INFO] step 602: g_absmax=0.1373 g_meanabs=7.252e-06
2026-08-26 05:36:05,313 [INFO] step 603: g_absmax=0.0911 g_meanabs=7.365e-06
2026-08-26 05:36:10,305 [INFO] step 604: g_absmax=0.1207 g_meanabs=6.629e-06
2026-08-26 05:36:15,346 [INFO] step 605: g_absmax=0.1351 g_meanabs=6.722e-06
2026-08-26 05:36:20,026 [INFO] step 606: g_absmax=0.1178 g_meanabs=9.105e-06
2026-08-26 05:36:24,755 [INFO] step 607: g_absmax=0.1231 g_meanabs=5.745e-06
2026-08-26 05:36:29,517 [INFO] step 608: g_absmax=0.1086 g_meanabs=5.499e-06
2026-08-26 05:36:34,271 [INFO] step 609: g_absmax=0.114 g_meanabs=6.862e-06
2026-08-26 05:36:34,290 [INFO] Step 610: loss=0.0002 loss_ce=n/a time=4737.6ms mem=2606MB
2026-08-26 05:36:39,038 [INFO] step 610: g_absmax=0.1021 g_meanabs=4.584e-06
2026-08-26 05:36:43,746 [INFO] step 611: g_absmax=0.1146 g_meanabs=4.404e-06
2026-08-26 05:36:48,436 [INFO] step 612: g_absmax=0.0911 g_meanabs=6.026e-06
2026-08-26 05:36:53,297 [INFO] step 613: g_absmax=0.1306 g_meanabs=7.661e-06
2026-08-26 05:36:58,129 [INFO] step 614: g_absmax=0.1183 g_meanabs=5.722e-06
2026-08-26 05:37:02,937 [INFO] step 615: g_absmax=0.1396 g_meanabs=7.432e-06
2026-08-26 05:37:07,716 [INFO] step 616: g_absmax=0.1113 g_meanabs=1.037e-05
2026-08-26 05:37:12,480 [INFO] step 617: g_absmax=0.1325 g_meanabs=4.867e-06
2026-08-26 05:37:17,347 [INFO] step 618: g_absmax=0.1102 g_meanabs=6.729e-06
2026-08-26 05:37:22,175 [INFO] step 619: g_absmax=0.1264 g_meanabs=5.133e-06
2026-08-26 05:37:22,179 [INFO] Step 620: loss=0.0001 loss_ce=n/a time=4822.2ms mem=2606MB
2026-08-26 05:37:27,105 [INFO] step 620: g_absmax=0.1132 g_meanabs=7.25e-06
2026-08-26 05:37:32,092 [INFO] step 621: g_absmax=0.1387 g_meanabs=8.307e-06
2026-08-26 05:37:36,991 [INFO] step 622: g_absmax=0.1275 g_meanabs=6.604e-06
2026-08-26 05:37:41,914 [INFO] step 623: g_absmax=0.1133 g_meanabs=6.031e-06
2026-08-26 05:37:46,628 [INFO] step 624: g_absmax=0.1177 g_meanabs=8.206e-06
2026-08-26 05:37:51,275 [INFO] step 625: g_absmax=0.1047 g_meanabs=5.797e-06
2026-08-26 05:37:56,011 [INFO] step 626: g_absmax=0.1205 g_meanabs=8.84e-06
2026-08-26 05:38:00,718 [INFO] step 627: g_absmax=0.0925 g_meanabs=8.088e-06
2026-08-26 05:38:05,526 [INFO] step 628: g_absmax=0.1007 g_meanabs=3.075e-06
2026-08-26 05:38:10,310 [INFO] step 629: g_absmax=0.1208 g_meanabs=5.515e-06
2026-08-26 05:38:10,318 [INFO] Step 630: loss=0.0002 loss_ce=n/a time=4779.5ms mem=2606MB
2026-08-26 05:38:14,927 [INFO] step 630: g_absmax=0.1029 g_meanabs=5.507e-06
2026-08-26 05:38:19,672 [INFO] step 631: g_absmax=0.1244 g_meanabs=5.036e-06
2026-08-26 05:38:24,409 [INFO] step 632: g_absmax=0.1153 g_meanabs=5.16e-06
2026-08-26 05:38:29,080 [INFO] step 633: g_absmax=0.126 g_meanabs=5.523e-06
2026-08-26 05:38:33,738 [INFO] step 634: g_absmax=0.1201 g_meanabs=3.474e-06
2026-08-26 05:38:38,318 [INFO] step 635: g_absmax=0.0933 g_meanabs=5.656e-06
2026-08-26 05:38:43,060 [INFO] step 636: g_absmax=0.1008 g_meanabs=7.018e-06
2026-08-26 05:38:47,776 [INFO] step 637: g_absmax=0.1198 g_meanabs=4.762e-06
2026-08-26 05:38:52,385 [INFO] step 638: g_absmax=0.1011 g_meanabs=9.039e-06
2026-08-26 05:38:57,026 [INFO] step 639: g_absmax=0.1143 g_meanabs=6.826e-06
2026-08-26 05:38:57,030 [INFO] Step 640: loss=0.0002 loss_ce=n/a time=4637.1ms mem=2606MB
2026-08-26 05:39:01,850 [INFO] step 640: g_absmax=0.0986 g_meanabs=5.298e-06
2026-08-26 05:39:06,631 [INFO] step 641: g_absmax=0.1154 g_meanabs=8.039e-06
2026-08-26 05:39:11,275 [INFO] step 642: g_absmax=0.0954 g_meanabs=3.931e-06
2026-08-26 05:39:15,933 [INFO] step 643: g_absmax=0.1295 g_meanabs=6.449e-06
2026-08-26 05:39:20,629 [INFO] step 644: g_absmax=0.1213 g_meanabs=5.502e-06
2026-08-26 05:39:25,456 [INFO] step 645: g_absmax=0.1246 g_meanabs=6.726e-06
2026-08-26 05:39:30,305 [INFO] step 646: g_absmax=0.1218 g_meanabs=5.738e-06
2026-08-26 05:39:35,092 [INFO] step 647: g_absmax=0.092 g_meanabs=6.349e-06
2026-08-26 05:39:39,902 [INFO] step 648: g_absmax=0.1065 g_meanabs=1.009e-05
2026-08-26 05:39:44,838 [INFO] step 649: g_absmax=0.1084 g_meanabs=6.434e-06
2026-08-26 05:39:44,842 [INFO] Step 650: loss=0.0002 loss_ce=n/a time=4934.3ms mem=2606MB
2026-08-26 05:39:44,845 [INFO] coordinator RSS=2.91GB GPU=1058MB (step 650)
2026-08-26 05:39:49,678 [INFO] step 650: g_absmax=0.1117 g_meanabs=5.821e-06
2026-08-26 05:39:54,493 [INFO] step 651: g_absmax=0.1728 g_meanabs=7.82e-06
2026-08-26 05:39:59,267 [INFO] step 652: g_absmax=0.1059 g_meanabs=8.579e-06
2026-08-26 05:40:04,154 [INFO] step 653: g_absmax=0.1066 g_meanabs=3.585e-06
2026-08-26 05:40:08,944 [INFO] step 654: g_absmax=0.1079 g_meanabs=4.489e-06
2026-08-26 05:40:13,664 [INFO] step 655: g_absmax=0.1251 g_meanabs=5.481e-06
2026-08-26 05:40:18,329 [INFO] step 656: g_absmax=0.1458 g_meanabs=5.774e-06
2026-08-26 05:40:23,052 [INFO] step 657: g_absmax=0.1077 g_meanabs=5.444e-06
2026-08-26 05:40:27,642 [INFO] step 658: g_absmax=0.1218 g_meanabs=5.677e-06
2026-08-26 05:40:32,391 [INFO] step 659: g_absmax=0.1207 g_meanabs=5.926e-06
2026-08-26 05:40:32,395 [INFO] Step 660: loss=0.0002 loss_ce=n/a time=4742.8ms mem=2606MB
2026-08-26 05:40:37,098 [INFO] step 660: g_absmax=0.1494 g_meanabs=5.797e-06
2026-08-26 05:40:41,855 [INFO] step 661: g_absmax=0.1008 g_meanabs=5.713e-06
2026-08-26 05:40:46,441 [INFO] step 662: g_absmax=0.1237 g_meanabs=4.674e-06
2026-08-26 05:40:51,087 [INFO] step 663: g_absmax=0.101 g_meanabs=6.21e-06
2026-08-26 05:40:55,663 [INFO] step 664: g_absmax=0.1308 g_meanabs=3.46e-06
2026-08-26 05:41:00,459 [INFO] step 665: g_absmax=0.1263 g_meanabs=4.765e-06
2026-08-26 05:41:05,067 [INFO] step 666: g_absmax=0.1029 g_meanabs=6.372e-06
2026-08-26 05:41:09,832 [INFO] step 667: g_absmax=0.1277 g_meanabs=3.354e-06
2026-08-26 05:41:14,543 [INFO] step 668: g_absmax=0.137 g_meanabs=7.763e-06
2026-08-26 05:41:19,192 [INFO] step 669: g_absmax=0.1317 g_meanabs=6.365e-06
2026-08-26 05:41:19,196 [INFO] Step 670: loss=0.0002 loss_ce=n/a time=4644.4ms mem=2606MB
2026-08-26 05:41:23,712 [INFO] step 670: g_absmax=0.1102 g_meanabs=8.558e-06
2026-08-26 05:41:28,305 [INFO] step 671: g_absmax=0.1218 g_meanabs=6.549e-06
2026-08-26 05:41:32,935 [INFO] step 672: g_absmax=0.1108 g_meanabs=6.884e-06
2026-08-26 05:41:37,590 [INFO] step 673: g_absmax=0.1161 g_meanabs=5.997e-06
2026-08-26 05:41:42,278 [INFO] step 674: g_absmax=0.1257 g_meanabs=3.871e-06
2026-08-26 05:41:46,939 [INFO] step 675: g_absmax=0.0948 g_meanabs=8.407e-06
2026-08-26 05:41:51,476 [INFO] step 676: g_absmax=0.1234 g_meanabs=5.112e-06
2026-08-26 05:41:56,328 [INFO] step 677: g_absmax=0.1 g_meanabs=5.242e-06
2026-08-26 05:42:01,038 [INFO] step 678: g_absmax=0.1035 g_meanabs=9.575e-06
2026-08-26 05:42:05,865 [INFO] step 679: g_absmax=0.1521 g_meanabs=6.839e-06
2026-08-26 05:42:05,869 [INFO] Step 680: loss=0.0002 loss_ce=n/a time=4821.3ms mem=2606MB
2026-08-26 05:42:10,521 [INFO] step 680: g_absmax=0.0965 g_meanabs=7.413e-06
2026-08-26 05:42:15,463 [INFO] step 681: g_absmax=0.1021 g_meanabs=6.127e-06
2026-08-26 05:42:20,252 [INFO] step 682: g_absmax=0.101 g_meanabs=1.057e-05
2026-08-26 05:42:25,003 [INFO] step 683: g_absmax=0.0993 g_meanabs=7.374e-06
2026-08-26 05:42:29,711 [INFO] step 684: g_absmax=0.1448 g_meanabs=5.986e-06
2026-08-26 05:42:34,624 [INFO] step 685: g_absmax=0.1076 g_meanabs=7.737e-06
2026-08-26 05:42:39,397 [INFO] step 686: g_absmax=0.0994 g_meanabs=9.369e-06
2026-08-26 05:42:44,192 [INFO] step 687: g_absmax=0.1241 g_meanabs=5.683e-06
2026-08-26 05:42:49,067 [INFO] step 688: g_absmax=0.1358 g_meanabs=5.756e-06
2026-08-26 05:42:53,685 [INFO] step 689: g_absmax=0.1217 g_meanabs=7.136e-06
2026-08-26 05:42:53,689 [INFO] Step 690: loss=0.0002 loss_ce=n/a time=4613.8ms mem=2606MB
2026-08-26 05:42:58,359 [INFO] step 690: g_absmax=0.128 g_meanabs=7.064e-06
2026-08-26 05:43:03,183 [INFO] step 691: g_absmax=0.1358 g_meanabs=3.705e-06
2026-08-26 05:43:07,893 [INFO] step 692: g_absmax=0.1145 g_meanabs=3.405e-06
2026-08-26 05:43:12,718 [INFO] step 693: g_absmax=0.1222 g_meanabs=6.673e-06
2026-08-26 05:43:17,464 [INFO] step 694: g_absmax=0.125 g_meanabs=6.658e-06
2026-08-26 05:43:22,115 [INFO] step 695: g_absmax=0.1535 g_meanabs=5.557e-06
2026-08-26 05:43:26,893 [INFO] step 696: g_absmax=0.133 g_meanabs=9.135e-06
2026-08-26 05:43:31,667 [INFO] step 697: g_absmax=0.1045 g_meanabs=4.834e-06
2026-08-26 05:43:36,445 [INFO] step 698: g_absmax=0.103 g_meanabs=4.218e-06
2026-08-26 05:43:41,175 [INFO] step 699: g_absmax=0.1243 g_meanabs=1.142e-05
2026-08-26 05:43:41,179 [INFO] Step 700: loss=0.0003 loss_ce=n/a time=4724.6ms mem=2606MB
2026-08-26 05:43:41,181 [INFO] coordinator RSS=2.91GB GPU=1058MB (step 700)
2026-08-26 05:43:45,976 [INFO] step 700: g_absmax=0.1326 g_meanabs=4.443e-06
2026-08-26 05:43:50,969 [INFO] step 701: g_absmax=0.1075 g_meanabs=8.299e-06
2026-08-26 05:43:55,858 [INFO] step 702: g_absmax=0.1298 g_meanabs=5.95e-06
2026-08-26 05:44:00,674 [INFO] step 703: g_absmax=0.1765 g_meanabs=8.218e-06
2026-08-26 05:44:05,535 [INFO] step 704: g_absmax=0.1336 g_meanabs=7.993e-06
2026-08-26 05:44:10,459 [INFO] step 705: g_absmax=0.106 g_meanabs=9.153e-06
2026-08-26 05:44:15,369 [INFO] step 706: g_absmax=0.1157 g_meanabs=6.875e-06
2026-08-26 05:44:20,312 [INFO] step 707: g_absmax=0.1263 g_meanabs=7.376e-06
2026-08-26 05:44:25,106 [INFO] step 708: g_absmax=0.1087 g_meanabs=3.66e-06
2026-08-26 05:44:30,325 [INFO] step 709: g_absmax=0.1134 g_meanabs=7.112e-06
2026-08-26 05:44:30,327 [INFO] Step 710: loss=0.0002 loss_ce=n/a time=5215.2ms mem=2606MB
2026-08-26 05:44:35,467 [INFO] step 710: g_absmax=0.1215 g_meanabs=8.391e-06
2026-08-26 05:44:40,567 [INFO] step 711: g_absmax=0.1194 g_meanabs=8.821e-06
2026-08-26 05:44:45,620 [INFO] step 712: g_absmax=0.1109 g_meanabs=6.064e-06
2026-08-26 05:44:50,715 [INFO] step 713: g_absmax=0.1222 g_meanabs=9.589e-06
2026-08-26 05:44:55,785 [INFO] step 714: g_absmax=0.1168 g_meanabs=7.712e-06
2026-08-26 05:45:00,840 [INFO] step 715: g_absmax=0.1103 g_meanabs=6.175e-06
2026-08-26 05:45:05,828 [INFO] step 716: g_absmax=0.1176 g_meanabs=5.189e-06
2026-08-26 05:45:10,630 [INFO] step 717: g_absmax=0.1252 g_meanabs=7.223e-06
2026-08-26 05:45:15,602 [INFO] step 718: g_absmax=0.1201 g_meanabs=7.385e-06
2026-08-26 05:45:20,675 [INFO] step 719: g_absmax=0.1465 g_meanabs=8.831e-06
2026-08-26 05:45:20,692 [INFO] Step 720: loss=0.0002 loss_ce=n/a time=5048.1ms mem=2606MB
2026-08-26 05:45:25,544 [INFO] step 720: g_absmax=0.1172 g_meanabs=3.289e-06
2026-08-26 05:45:30,338 [INFO] step 721: g_absmax=0.1131 g_meanabs=9.095e-06
2026-08-26 05:45:35,308 [INFO] step 722: g_absmax=0.1137 g_meanabs=9.643e-06
2026-08-26 05:45:40,225 [INFO] step 723: g_absmax=0.1209 g_meanabs=6.534e-06
2026-08-26 05:45:45,313 [INFO] step 724: g_absmax=0.1193 g_meanabs=4.17e-06
2026-08-26 05:45:50,310 [INFO] step 725: g_absmax=0.1374 g_meanabs=9.379e-06
2026-08-26 05:45:55,069 [INFO] step 726: g_absmax=0.1621 g_meanabs=5.006e-06
2026-08-26 05:45:59,818 [INFO] step 727: g_absmax=0.1378 g_meanabs=8.011e-06
2026-08-26 05:46:04,585 [INFO] step 728: g_absmax=0.141 g_meanabs=6.378e-06
2026-08-26 05:46:09,324 [INFO] step 729: g_absmax=0.1445 g_meanabs=4.744e-06
2026-08-26 05:46:09,339 [INFO] Step 730: loss=0.0001 loss_ce=n/a time=4721.0ms mem=2606MB
2026-08-26 05:46:14,082 [INFO] step 730: g_absmax=0.0868 g_meanabs=2.937e-06
2026-08-26 05:46:18,818 [INFO] step 731: g_absmax=0.1063 g_meanabs=6.035e-06
2026-08-26 05:46:23,566 [INFO] step 732: g_absmax=0.1077 g_meanabs=5.039e-06
2026-08-26 05:46:28,244 [INFO] step 733: g_absmax=0.1099 g_meanabs=4.264e-06
2026-08-26 05:46:32,905 [INFO] step 734: g_absmax=0.1132 g_meanabs=7.341e-06
2026-08-26 05:46:37,631 [INFO] step 735: g_absmax=0.1086 g_meanabs=9.226e-06
2026-08-26 05:46:42,408 [INFO] step 736: g_absmax=0.1295 g_meanabs=7.679e-06
2026-08-26 05:46:47,241 [INFO] step 737: g_absmax=0.1308 g_meanabs=7.767e-06
2026-08-26 05:46:52,121 [INFO] step 738: g_absmax=0.1118 g_meanabs=4.645e-06
2026-08-26 05:46:56,958 [INFO] step 739: g_absmax=0.1138 g_meanabs=4.619e-06
2026-08-26 05:46:56,975 [INFO] Step 740: loss=0.0001 loss_ce=n/a time=4825.6ms mem=2606MB
2026-08-26 05:47:02,121 [INFO] step 740: g_absmax=0.1282 g_meanabs=7.455e-06
2026-08-26 05:47:07,094 [INFO] step 741: g_absmax=0.1166 g_meanabs=6.299e-06
2026-08-26 05:47:12,031 [INFO] step 742: g_absmax=0.1174 g_meanabs=4.286e-06
2026-08-26 05:47:17,020 [INFO] step 743: g_absmax=0.0817 g_meanabs=4.348e-06
2026-08-26 05:47:22,023 [INFO] step 744: g_absmax=0.0991 g_meanabs=5.311e-06
2026-08-26 05:47:27,048 [INFO] step 745: g_absmax=0.112 g_meanabs=6.389e-06
2026-08-26 05:47:32,072 [INFO] step 746: g_absmax=0.1484 g_meanabs=6.663e-06
2026-08-26 05:47:37,028 [INFO] step 747: g_absmax=0.1444 g_meanabs=8.024e-06
2026-08-26 05:47:42,042 [INFO] step 748: g_absmax=0.1255 g_meanabs=7.695e-06
2026-08-26 05:47:46,954 [INFO] step 749: g_absmax=0.0919 g_meanabs=5.239e-06
2026-08-26 05:47:46,969 [INFO] Step 750: loss=0.0001 loss_ce=n/a time=4895.6ms mem=2606MB
2026-08-26 05:47:46,972 [INFO] coordinator RSS=2.91GB GPU=1058MB (step 750)
2026-08-26 05:47:51,982 [INFO] step 750: g_absmax=0.1148 g_meanabs=3.799e-06
2026-08-26 05:47:56,847 [INFO] step 751: g_absmax=0.0905 g_meanabs=4.665e-06
2026-08-26 05:48:01,635 [INFO] step 752: g_absmax=0.1259 g_meanabs=8.338e-06
2026-08-26 05:48:06,372 [INFO] step 753: g_absmax=0.1316 g_meanabs=9.585e-06
2026-08-26 05:48:11,082 [INFO] step 754: g_absmax=0.1271 g_meanabs=8.704e-06
2026-08-26 05:48:15,939 [INFO] step 755: g_absmax=0.114 g_meanabs=5.158e-06
2026-08-26 05:48:20,786 [INFO] step 756: g_absmax=0.1101 g_meanabs=3.965e-06
2026-08-26 05:48:25,487 [INFO] step 757: g_absmax=0.1184 g_meanabs=6.648e-06
2026-08-26 05:48:30,329 [INFO] step 758: g_absmax=0.1131 g_meanabs=1.005e-05
2026-08-26 05:48:35,100 [INFO] step 759: g_absmax=0.108 g_meanabs=6.687e-06
2026-08-26 05:48:35,116 [INFO] Step 760: loss=0.0002 loss_ce=n/a time=4755.5ms mem=2606MB
2026-08-26 05:48:39,922 [INFO] step 760: g_absmax=0.1047 g_meanabs=6.26e-06
2026-08-26 05:48:44,844 [INFO] step 761: g_absmax=0.1555 g_meanabs=4.799e-06
2026-08-26 05:48:49,841 [INFO] step 762: g_absmax=0.1009 g_meanabs=6.851e-06
2026-08-26 05:48:54,740 [INFO] step 763: g_absmax=0.1215 g_meanabs=5.604e-06
2026-08-26 05:48:59,866 [INFO] step 764: g_absmax=0.1399 g_meanabs=3.558e-06
2026-08-26 05:49:04,853 [INFO] step 765: g_absmax=0.1043 g_meanabs=5.207e-06
2026-08-26 05:49:09,880 [INFO] step 766: g_absmax=0.1358 g_meanabs=9.586e-06
2026-08-26 05:49:14,959 [INFO] step 767: g_absmax=0.1207 g_meanabs=4.441e-06
2026-08-26 05:49:19,925 [INFO] step 768: g_absmax=0.1041 g_meanabs=3.652e-06
2026-08-26 05:49:24,871 [INFO] step 769: g_absmax=0.1238 g_meanabs=5.188e-06
2026-08-26 05:49:24,887 [INFO] Step 770: loss=0.0002 loss_ce=n/a time=4928.5ms mem=2606MB
2026-08-26 05:49:29,747 [INFO] step 770: g_absmax=0.1413 g_meanabs=6.924e-06
2026-08-26 05:49:34,918 [INFO] step 771: g_absmax=0.1207 g_meanabs=6.086e-06
2026-08-26 05:49:40,013 [INFO] step 772: g_absmax=0.1216 g_meanabs=5.793e-06
2026-08-26 05:49:45,262 [INFO] step 773: g_absmax=0.1338 g_meanabs=4.506e-06
2026-08-26 05:49:50,303 [INFO] step 774: g_absmax=0.1198 g_meanabs=6.553e-06
2026-08-26 05:49:55,487 [INFO] step 775: g_absmax=0.1321 g_meanabs=6.265e-06
2026-08-26 05:50:00,688 [INFO] step 776: g_absmax=0.131 g_meanabs=9.307e-06
2026-08-26 05:50:05,809 [INFO] step 777: g_absmax=0.0872 g_meanabs=5.088e-06
2026-08-26 05:50:11,001 [INFO] step 778: g_absmax=0.1227 g_meanabs=7.642e-06
2026-08-26 05:50:16,239 [INFO] step 779: g_absmax=0.0987 g_meanabs=5.991e-06
2026-08-26 05:50:16,255 [INFO] Step 780: loss=0.0002 loss_ce=n/a time=5220.5ms mem=2606MB
2026-08-26 05:50:21,422 [INFO] step 780: g_absmax=0.1014 g_meanabs=8.137e-06
2026-08-26 05:50:26,681 [INFO] step 781: g_absmax=0.1081 g_meanabs=9.108e-06
2026-08-26 05:50:31,699 [INFO] step 782: g_absmax=0.1367 g_meanabs=5.967e-06
2026-08-26 05:50:36,632 [INFO] step 783: g_absmax=0.1004 g_meanabs=5.48e-06
2026-08-26 05:50:41,580 [INFO] step 784: g_absmax=0.0848 g_meanabs=6.26e-06
2026-08-26 05:50:46,453 [INFO] step 785: g_absmax=0.1199 g_meanabs=5.467e-06
2026-08-26 05:50:51,488 [INFO] step 786: g_absmax=0.0894 g_meanabs=5.335e-06
2026-08-26 05:50:56,425 [INFO] step 787: g_absmax=0.0937 g_meanabs=4.186e-06
2026-08-26 05:51:01,358 [INFO] step 788: g_absmax=0.1107 g_meanabs=5.929e-06
2026-08-26 05:51:06,385 [INFO] step 789: g_absmax=0.1505 g_meanabs=3.075e-06
2026-08-26 05:51:06,402 [INFO] Step 790: loss=0.0001 loss_ce=n/a time=5009.2ms mem=2606MB
2026-08-26 05:51:11,407 [INFO] step 790: g_absmax=0.1178 g_meanabs=5.58e-06
2026-08-26 05:51:16,242 [INFO] step 791: g_absmax=0.1305 g_meanabs=7.695e-06
2026-08-26 05:51:21,062 [INFO] step 792: g_absmax=0.1429 g_meanabs=7.412e-06
2026-08-26 05:51:25,869 [INFO] step 793: g_absmax=0.1188 g_meanabs=5.301e-06
2026-08-26 05:51:30,674 [INFO] step 794: g_absmax=0.1132 g_meanabs=1.137e-05
2026-08-26 05:51:35,564 [INFO] step 795: g_absmax=0.1137 g_meanabs=5.679e-06
2026-08-26 05:51:40,501 [INFO] step 796: g_absmax=0.1189 g_meanabs=5.039e-06
2026-08-26 05:51:45,722 [INFO] step 797: g_absmax=0.1022 g_meanabs=5.661e-06
2026-08-26 05:51:50,833 [INFO] step 798: g_absmax=0.0897 g_meanabs=6.275e-06
2026-08-26 05:51:55,923 [INFO] step 799: g_absmax=0.1128 g_meanabs=6.383e-06
2026-08-26 05:51:55,935 [INFO] Step 800: loss=0.0002 loss_ce=n/a time=5067.1ms mem=2606MB
2026-08-26 05:51:56,478 [INFO] Last checkpoint saved → /root/CipherForge/final-test-data/three-party-rms-pir_20260826-043847/checkpoints/last_checkpoint.pt (epoch=3)
2026-08-26 05:53:57,847 [INFO] Epoch 3: train_loss_proxy=0.0002 | val_ce_loss=3.7045 | val_micro_F1=0.2953 (P=0.2953 R=0.2953 Acc=0.2953) | val_macro_F1=0.0728 | val_weighted_F1=0.1710 | n_samples=149
2026-08-26 05:53:58,345 [INFO] Last checkpoint saved → /root/CipherForge/final-test-data/three-party-rms-pir_20260826-043847/checkpoints/last_checkpoint.pt (epoch=3)
2026-08-26 05:53:58,747 [INFO] Checkpoint saved → /root/CipherForge/final-test-data/three-party-rms-pir_20260826-043847/checkpoints/checkpoint_epoch_003.pt
2026-08-26 05:53:58,748 [INFO] No improvement for 3 epochs
2026-08-26 05:53:58,752 [INFO] coordinator RSS=2.92GB GPU=1058MB (step 800)
2026-08-26 05:54:03,640 [INFO] step 800: g_absmax=0.1287 g_meanabs=6.079e-06
2026-08-26 05:54:08,439 [INFO] step 801: g_absmax=0.1123 g_meanabs=6.577e-06
2026-08-26 05:54:13,233 [INFO] step 802: g_absmax=0.1213 g_meanabs=4.282e-06
2026-08-26 05:54:18,085 [INFO] step 803: g_absmax=0.0931 g_meanabs=4.242e-06
2026-08-26 05:54:22,987 [INFO] step 804: g_absmax=0.135 g_meanabs=8.329e-06
2026-08-26 05:54:27,776 [INFO] step 805: g_absmax=0.1409 g_meanabs=6.522e-06
2026-08-26 05:54:32,539 [INFO] step 806: g_absmax=0.1381 g_meanabs=3.768e-06
2026-08-26 05:54:37,312 [INFO] step 807: g_absmax=0.1076 g_meanabs=6.821e-06
2026-08-26 05:54:42,290 [INFO] step 808: g_absmax=0.0979 g_meanabs=6.74e-06
2026-08-26 05:54:47,264 [INFO] step 809: g_absmax=0.1218 g_meanabs=8.749e-06
2026-08-26 05:54:47,279 [INFO] Step 810: loss=0.0002 loss_ce=n/a time=4958.6ms mem=2606MB
2026-08-26 05:54:52,167 [INFO] step 810: g_absmax=0.1145 g_meanabs=5.566e-06
2026-08-26 05:54:57,124 [INFO] step 811: g_absmax=0.1073 g_meanabs=5.486e-06
2026-08-26 05:55:02,034 [INFO] step 812: g_absmax=0.1179 g_meanabs=1.046e-05
2026-08-26 05:55:07,015 [INFO] step 813: g_absmax=0.1305 g_meanabs=7.197e-06
2026-08-26 05:55:11,946 [INFO] step 814: g_absmax=0.1265 g_meanabs=6.049e-06
2026-08-26 05:55:16,910 [INFO] step 815: g_absmax=0.0977 g_meanabs=3.38e-06
2026-08-26 05:55:21,806 [INFO] step 816: g_absmax=0.1597 g_meanabs=5.396e-06
2026-08-26 05:55:26,673 [INFO] step 817: g_absmax=0.0924 g_meanabs=6.019e-06
2026-08-26 05:55:31,590 [INFO] step 818: g_absmax=0.1322 g_meanabs=6.096e-06
2026-08-26 05:55:36,371 [INFO] step 819: g_absmax=0.1311 g_meanabs=3.94e-06
2026-08-26 05:55:36,387 [INFO] Step 820: loss=0.0001 loss_ce=n/a time=4764.9ms mem=2606MB
2026-08-26 05:55:41,117 [INFO] step 820: g_absmax=0.1153 g_meanabs=3.849e-06
2026-08-26 05:55:45,872 [INFO] step 821: g_absmax=0.1477 g_meanabs=6.905e-06
2026-08-26 05:55:50,715 [INFO] step 822: g_absmax=0.1059 g_meanabs=5.737e-06
2026-08-26 05:55:55,517 [INFO] step 823: g_absmax=0.0995 g_meanabs=4.893e-06
2026-08-26 05:56:00,331 [INFO] step 824: g_absmax=0.1228 g_meanabs=8.269e-06
2026-08-26 05:56:05,337 [INFO] step 825: g_absmax=0.1124 g_meanabs=6.375e-06
2026-08-26 05:56:10,322 [INFO] step 826: g_absmax=0.1147 g_meanabs=3.611e-06
2026-08-26 05:56:15,096 [INFO] step 827: g_absmax=0.1148 g_meanabs=5.664e-06
2026-08-26 05:56:19,906 [INFO] step 828: g_absmax=0.1372 g_meanabs=7.765e-06
2026-08-26 05:56:24,644 [INFO] step 829: g_absmax=0.0919 g_meanabs=9.076e-06
2026-08-26 05:56:24,660 [INFO] Step 830: loss=0.0002 loss_ce=n/a time=4721.4ms mem=2606MB
2026-08-26 05:56:29,439 [INFO] step 830: g_absmax=0.1124 g_meanabs=7.162e-06
2026-08-26 05:56:34,206 [INFO] step 831: g_absmax=0.0874 g_meanabs=5.806e-06
2026-08-26 05:56:39,099 [INFO] step 832: g_absmax=0.1074 g_meanabs=3.136e-06
2026-08-26 05:56:43,938 [INFO] step 833: g_absmax=0.1041 g_meanabs=4.857e-06
2026-08-26 05:56:48,686 [INFO] step 834: g_absmax=0.1112 g_meanabs=4.83e-06
2026-08-26 05:56:53,593 [INFO] step 835: g_absmax=0.1173 g_meanabs=7.529e-06
2026-08-26 05:56:58,376 [INFO] step 836: g_absmax=0.1344 g_meanabs=3.816e-06
2026-08-26 05:57:03,102 [INFO] step 837: g_absmax=0.1253 g_meanabs=6.321e-06
2026-08-26 05:57:07,875 [INFO] step 838: g_absmax=0.1287 g_meanabs=4.638e-06
2026-08-26 05:57:12,757 [INFO] step 839: g_absmax=0.1025 g_meanabs=6.11e-06
2026-08-26 05:57:12,786 [INFO] Step 840: loss=0.0002 loss_ce=n/a time=4864.1ms mem=2606MB
2026-08-26 05:57:17,689 [INFO] step 840: g_absmax=0.153 g_meanabs=7.89e-06
2026-08-26 05:57:22,678 [INFO] step 841: g_absmax=0.1051 g_meanabs=8.371e-06
2026-08-26 05:57:27,561 [INFO] step 842: g_absmax=0.1079 g_meanabs=3.269e-06
2026-08-26 05:57:32,456 [INFO] step 843: g_absmax=0.1237 g_meanabs=3.93e-06
2026-08-26 05:57:37,356 [INFO] step 844: g_absmax=0.1158 g_meanabs=4.576e-06
2026-08-26 05:57:42,415 [INFO] step 845: g_absmax=0.099 g_meanabs=4.566e-06
2026-08-26 05:57:47,405 [INFO] step 846: g_absmax=0.1112 g_meanabs=4.298e-06
2026-08-26 05:57:52,275 [INFO] step 847: g_absmax=0.1078 g_meanabs=3.291e-06
2026-08-26 05:57:57,156 [INFO] step 848: g_absmax=0.1233 g_meanabs=3.62e-06
2026-08-26 05:58:02,049 [INFO] step 849: g_absmax=0.1248 g_meanabs=3.961e-06
2026-08-26 05:58:02,065 [INFO] Step 850: loss=0.0001 loss_ce=n/a time=4874.4ms mem=2606MB
2026-08-26 05:58:02,069 [INFO] coordinator RSS=2.92GB GPU=1058MB (step 850)
2026-08-26 05:58:06,827 [INFO] step 850: g_absmax=0.0932 g_meanabs=6.279e-06
2026-08-26 05:58:11,524 [INFO] step 851: g_absmax=0.1213 g_meanabs=6.279e-06
2026-08-26 05:58:16,229 [INFO] step 852: g_absmax=0.094 g_meanabs=4.449e-06
2026-08-26 05:58:21,088 [INFO] step 853: g_absmax=0.1046 g_meanabs=5.422e-06
2026-08-26 05:58:25,890 [INFO] step 854: g_absmax=0.1417 g_meanabs=6.83e-06
2026-08-26 05:58:30,659 [INFO] step 855: g_absmax=0.1284 g_meanabs=4.427e-06
2026-08-26 05:58:35,411 [INFO] step 856: g_absmax=0.1214 g_meanabs=9.491e-06
2026-08-26 05:58:40,102 [INFO] step 857: g_absmax=0.1178 g_meanabs=5.169e-06
2026-08-26 05:58:44,890 [INFO] step 858: g_absmax=0.1411 g_meanabs=9.418e-06
2026-08-26 05:58:49,788 [INFO] step 859: g_absmax=0.1039 g_meanabs=5.62e-06
2026-08-26 05:58:49,805 [INFO] Step 860: loss=0.0002 loss_ce=n/a time=4878.7ms mem=2606MB
2026-08-26 05:58:54,481 [INFO] step 860: g_absmax=0.123 g_meanabs=3.544e-06
2026-08-26 05:58:59,304 [INFO] step 861: g_absmax=0.1071 g_meanabs=7.748e-06
2026-08-26 05:59:04,256 [INFO] step 862: g_absmax=0.1111 g_meanabs=4.35e-06
2026-08-26 05:59:09,038 [INFO] step 863: g_absmax=0.1218 g_meanabs=3.524e-06
2026-08-26 05:59:13,845 [INFO] step 864: g_absmax=0.1102 g_meanabs=4.732e-06
2026-08-26 05:59:18,549 [INFO] step 865: g_absmax=0.1349 g_meanabs=5.668e-06
2026-08-26 05:59:23,223 [INFO] step 866: g_absmax=0.1062 g_meanabs=8.335e-06
2026-08-26 05:59:28,016 [INFO] step 867: g_absmax=0.1578 g_meanabs=5.355e-06
2026-08-26 05:59:32,849 [INFO] step 868: g_absmax=0.1171 g_meanabs=4.753e-06
2026-08-26 05:59:37,564 [INFO] step 869: g_absmax=0.1248 g_meanabs=5.772e-06
2026-08-26 05:59:37,581 [INFO] Step 870: loss=0.0002 loss_ce=n/a time=4697.1ms mem=2606MB
2026-08-26 05:59:42,330 [INFO] step 870: g_absmax=0.097 g_meanabs=5.134e-06
2026-08-26 05:59:47,196 [INFO] step 871: g_absmax=0.1126 g_meanabs=3.335e-06
2026-08-26 05:59:52,047 [INFO] step 872: g_absmax=0.1201 g_meanabs=6.615e-06
2026-08-26 05:59:56,898 [INFO] step 873: g_absmax=0.1076 g_meanabs=9.864e-06
2026-08-26 06:00:01,772 [INFO] step 874: g_absmax=0.1367 g_meanabs=4.059e-06
2026-08-26 06:00:06,731 [INFO] step 875: g_absmax=0.1196 g_meanabs=4.659e-06
2026-08-26 06:00:11,654 [INFO] step 876: g_absmax=0.1112 g_meanabs=6.167e-06
2026-08-26 06:00:16,538 [INFO] step 877: g_absmax=0.1046 g_meanabs=5.488e-06
2026-08-26 06:00:21,575 [INFO] step 878: g_absmax=0.1225 g_meanabs=6.811e-06
2026-08-26 06:00:26,483 [INFO] step 879: g_absmax=0.1046 g_meanabs=5.183e-06
2026-08-26 06:00:26,506 [INFO] Step 880: loss=0.0001 loss_ce=n/a time=4884.6ms mem=2606MB
2026-08-26 06:00:31,340 [INFO] step 880: g_absmax=0.1323 g_meanabs=4.292e-06
2026-08-26 06:00:36,282 [INFO] step 881: g_absmax=0.0865 g_meanabs=3.597e-06
2026-08-26 06:00:41,197 [INFO] step 882: g_absmax=0.1309 g_meanabs=5.19e-06
2026-08-26 06:00:45,893 [INFO] step 883: g_absmax=0.1204 g_meanabs=6.93e-06
2026-08-26 06:00:50,661 [INFO] step 884: g_absmax=0.1357 g_meanabs=6.214e-06
2026-08-26 06:00:55,358 [INFO] step 885: g_absmax=0.1097 g_meanabs=5.438e-06
2026-08-26 06:01:00,042 [INFO] step 886: g_absmax=0.0986 g_meanabs=8.058e-06
2026-08-26 06:01:04,748 [INFO] step 887: g_absmax=0.1101 g_meanabs=6.372e-06
2026-08-26 06:01:09,496 [INFO] step 888: g_absmax=0.1311 g_meanabs=3.102e-06
2026-08-26 06:01:14,384 [INFO] step 889: g_absmax=0.1201 g_meanabs=7.249e-06
2026-08-26 06:01:14,401 [INFO] Step 890: loss=0.0002 loss_ce=n/a time=4869.5ms mem=2606MB
2026-08-26 06:01:19,189 [INFO] step 890: g_absmax=0.1214 g_meanabs=3.711e-06
2026-08-26 06:01:24,123 [INFO] step 891: g_absmax=0.0991 g_meanabs=5.287e-06
2026-08-26 06:01:28,786 [INFO] step 892: g_absmax=0.1071 g_meanabs=5.472e-06
2026-08-26 06:01:33,544 [INFO] step 893: g_absmax=0.0998 g_meanabs=3.303e-06
2026-08-26 06:01:38,499 [INFO] step 894: g_absmax=0.1184 g_meanabs=3.678e-06
2026-08-26 06:01:43,400 [INFO] step 895: g_absmax=0.1179 g_meanabs=6.403e-06
2026-08-26 06:01:48,185 [INFO] step 896: g_absmax=0.1297 g_meanabs=5.72e-06
2026-08-26 06:01:52,997 [INFO] step 897: g_absmax=0.1253 g_meanabs=6.95e-06
2026-08-26 06:01:57,842 [INFO] step 898: g_absmax=0.1182 g_meanabs=6.787e-06
2026-08-26 06:02:02,608 [INFO] step 899: g_absmax=0.1354 g_meanabs=7.139e-06
2026-08-26 06:02:02,631 [INFO] Step 900: loss=0.0002 loss_ce=n/a time=4747.1ms mem=2606MB
2026-08-26 06:02:02,634 [INFO] coordinator RSS=2.92GB GPU=1058MB (step 900)
2026-08-26 06:02:07,405 [INFO] step 900: g_absmax=0.1519 g_meanabs=4.047e-06
2026-08-26 06:02:12,098 [INFO] step 901: g_absmax=0.118 g_meanabs=5.981e-06
2026-08-26 06:02:16,871 [INFO] step 902: g_absmax=0.1133 g_meanabs=8.575e-06
2026-08-26 06:02:21,837 [INFO] step 903: g_absmax=0.1509 g_meanabs=7.872e-06
2026-08-26 06:02:26,853 [INFO] step 904: g_absmax=0.1041 g_meanabs=5.148e-06
2026-08-26 06:02:31,870 [INFO] step 905: g_absmax=0.1511 g_meanabs=4.754e-06
2026-08-26 06:02:36,846 [INFO] step 906: g_absmax=0.1404 g_meanabs=6.461e-06
2026-08-26 06:02:41,947 [INFO] step 907: g_absmax=0.0916 g_meanabs=4.176e-06
2026-08-26 06:02:46,954 [INFO] step 908: g_absmax=0.0958 g_meanabs=5.41e-06
2026-08-26 06:02:52,149 [INFO] step 909: g_absmax=0.1195 g_meanabs=5.549e-06
2026-08-26 06:02:52,170 [INFO] Step 910: loss=0.0002 loss_ce=n/a time=5177.7ms mem=2606MB
2026-08-26 06:02:57,178 [INFO] step 910: g_absmax=0.1379 g_meanabs=6.735e-06
2026-08-26 06:03:02,061 [INFO] step 911: g_absmax=0.1174 g_meanabs=6.797e-06
2026-08-26 06:03:07,038 [INFO] step 912: g_absmax=0.1286 g_meanabs=8.463e-06
2026-08-26 06:03:11,878 [INFO] step 913: g_absmax=0.1278 g_meanabs=7.262e-06
2026-08-26 06:03:16,641 [INFO] step 914: g_absmax=0.1323 g_meanabs=3.163e-06
2026-08-26 06:03:21,341 [INFO] step 915: g_absmax=0.115 g_meanabs=9.523e-06
2026-08-26 06:03:26,206 [INFO] step 916: g_absmax=0.1225 g_meanabs=5.266e-06
2026-08-26 06:03:30,986 [INFO] step 917: g_absmax=0.1138 g_meanabs=5.756e-06
2026-08-26 06:03:36,064 [INFO] step 918: g_absmax=0.1013 g_meanabs=3.59e-06
2026-08-26 06:03:40,954 [INFO] step 919: g_absmax=0.1134 g_meanabs=4.815e-06
2026-08-26 06:03:40,971 [INFO] Step 920: loss=0.0001 loss_ce=n/a time=4870.8ms mem=2606MB
2026-08-26 06:03:45,820 [INFO] step 920: g_absmax=0.1296 g_meanabs=3.279e-06
2026-08-26 06:03:50,767 [INFO] step 921: g_absmax=0.1137 g_meanabs=5.325e-06
2026-08-26 06:03:55,754 [INFO] step 922: g_absmax=0.1117 g_meanabs=3.619e-06
2026-08-26 06:04:00,667 [INFO] step 923: g_absmax=0.1004 g_meanabs=5.891e-06
2026-08-26 06:04:05,532 [INFO] step 924: g_absmax=0.1298 g_meanabs=7.63e-06
2026-08-26 06:04:10,507 [INFO] step 925: g_absmax=0.115 g_meanabs=5.262e-06
2026-08-26 06:04:15,525 [INFO] step 926: g_absmax=0.1301 g_meanabs=6.46e-06
2026-08-26 06:04:20,474 [INFO] step 927: g_absmax=0.1176 g_meanabs=3.252e-06
2026-08-26 06:04:25,274 [INFO] step 928: g_absmax=0.1272 g_meanabs=6.054e-06
2026-08-26 06:04:30,097 [INFO] step 929: g_absmax=0.1141 g_meanabs=4.351e-06
2026-08-26 06:04:30,121 [INFO] Step 930: loss=0.0001 loss_ce=n/a time=4803.3ms mem=2606MB
2026-08-26 06:04:34,935 [INFO] step 930: g_absmax=0.1284 g_meanabs=4.481e-06
2026-08-26 06:04:39,853 [INFO] step 931: g_absmax=0.1093 g_meanabs=2.883e-06
2026-08-26 06:04:44,672 [INFO] step 932: g_absmax=0.1164 g_meanabs=3.436e-06
2026-08-26 06:04:49,499 [INFO] step 933: g_absmax=0.0993 g_meanabs=6.165e-06
2026-08-26 06:04:54,554 [INFO] step 934: g_absmax=0.1148 g_meanabs=5.985e-06
2026-08-26 06:04:59,585 [INFO] step 935: g_absmax=0.1223 g_meanabs=3.089e-06
2026-08-26 06:05:04,452 [INFO] step 936: g_absmax=0.1129 g_meanabs=6.772e-06
2026-08-26 06:05:09,526 [INFO] step 937: g_absmax=0.0899 g_meanabs=3.718e-06
2026-08-26 06:05:14,707 [INFO] step 938: g_absmax=0.0961 g_meanabs=4.749e-06
2026-08-26 06:05:19,797 [INFO] step 939: g_absmax=0.1309 g_meanabs=7.482e-06
2026-08-26 06:05:19,804 [INFO] Step 940: loss=0.0002 loss_ce=n/a time=5072.2ms mem=2606MB
2026-08-26 06:05:24,867 [INFO] step 940: g_absmax=0.1388 g_meanabs=3.796e-06
2026-08-26 06:05:29,979 [INFO] step 941: g_absmax=0.1335 g_meanabs=4.069e-06
2026-08-26 06:05:35,098 [INFO] step 942: g_absmax=0.129 g_meanabs=4.774e-06
2026-08-26 06:05:40,220 [INFO] step 943: g_absmax=0.0828 g_meanabs=4.559e-06
2026-08-26 06:05:45,330 [INFO] step 944: g_absmax=0.0941 g_meanabs=7.68e-06
2026-08-26 06:05:50,323 [INFO] step 945: g_absmax=0.1069 g_meanabs=3.404e-06
2026-08-26 06:05:55,324 [INFO] step 946: g_absmax=0.1378 g_meanabs=6.529e-06
2026-08-26 06:06:00,294 [INFO] step 947: g_absmax=0.129 g_meanabs=8.392e-06
2026-08-26 06:06:05,317 [INFO] step 948: g_absmax=0.1064 g_meanabs=5.877e-06
2026-08-26 06:06:10,317 [INFO] step 949: g_absmax=0.112 g_meanabs=8.006e-06
2026-08-26 06:06:10,331 [INFO] Step 950: loss=0.0002 loss_ce=n/a time=4974.0ms mem=2606MB
2026-08-26 06:06:10,334 [INFO] coordinator RSS=2.92GB GPU=1058MB (step 950)
2026-08-26 06:06:15,113 [INFO] step 950: g_absmax=0.1238 g_meanabs=6.013e-06
2026-08-26 06:06:19,990 [INFO] step 951: g_absmax=0.1425 g_meanabs=7.976e-06
2026-08-26 06:06:24,975 [INFO] step 952: g_absmax=0.0958 g_meanabs=9.602e-06
2026-08-26 06:06:30,024 [INFO] step 953: g_absmax=0.1042 g_meanabs=7.882e-06
2026-08-26 06:06:34,825 [INFO] step 954: g_absmax=0.1421 g_meanabs=5.234e-06
2026-08-26 06:06:39,680 [INFO] step 955: g_absmax=0.1552 g_meanabs=6.661e-06
2026-08-26 06:06:44,757 [INFO] step 956: g_absmax=0.1253 g_meanabs=5.241e-06
2026-08-26 06:06:49,832 [INFO] step 957: g_absmax=0.1502 g_meanabs=6.15e-06
2026-08-26 06:06:54,698 [INFO] step 958: g_absmax=0.0983 g_meanabs=4.91e-06
2026-08-26 06:06:59,640 [INFO] step 959: g_absmax=0.1313 g_meanabs=3.895e-06
2026-08-26 06:06:59,658 [INFO] Step 960: loss=0.0001 loss_ce=n/a time=4921.8ms mem=2606MB
2026-08-26 06:07:04,672 [INFO] step 960: g_absmax=0.1141 g_meanabs=7.075e-06
2026-08-26 06:07:09,721 [INFO] step 961: g_absmax=0.0993 g_meanabs=5.72e-06
2026-08-26 06:07:14,644 [INFO] step 962: g_absmax=0.1363 g_meanabs=4.483e-06
2026-08-26 06:07:19,516 [INFO] step 963: g_absmax=0.1295 g_meanabs=3.089e-06
2026-08-26 06:07:24,621 [INFO] step 964: g_absmax=0.1026 g_meanabs=9.45e-06
2026-08-26 06:07:29,627 [INFO] step 965: g_absmax=0.1175 g_meanabs=3.3e-06
2026-08-26 06:07:34,769 [INFO] step 966: g_absmax=0.1569 g_meanabs=4.651e-06
2026-08-26 06:07:40,009 [INFO] step 967: g_absmax=0.1174 g_meanabs=5.593e-06
2026-08-26 06:07:45,105 [INFO] step 968: g_absmax=0.1291 g_meanabs=7.268e-06
2026-08-26 06:07:50,102 [INFO] step 969: g_absmax=0.1309 g_meanabs=3.39e-06
2026-08-26 06:07:50,118 [INFO] Step 970: loss=0.0001 loss_ce=n/a time=4971.8ms mem=2606MB
2026-08-26 06:07:55,321 [INFO] step 970: g_absmax=0.1006 g_meanabs=6.756e-06
2026-08-26 06:08:00,354 [INFO] step 971: g_absmax=0.1143 g_meanabs=3.014e-06
2026-08-26 06:08:05,316 [INFO] step 972: g_absmax=0.1336 g_meanabs=5.626e-06
2026-08-26 06:08:10,381 [INFO] step 973: g_absmax=0.0836 g_meanabs=4.61e-06
2026-08-26 06:08:15,460 [INFO] step 974: g_absmax=0.117 g_meanabs=3.078e-06
2026-08-26 06:08:20,527 [INFO] step 975: g_absmax=0.1337 g_meanabs=5.277e-06
2026-08-26 06:08:25,552 [INFO] step 976: g_absmax=0.1225 g_meanabs=8.244e-06
2026-08-26 06:08:30,542 [INFO] step 977: g_absmax=0.129 g_meanabs=4.282e-06
2026-08-26 06:08:35,519 [INFO] step 978: g_absmax=0.1166 g_meanabs=5.441e-06
2026-08-26 06:08:40,661 [INFO] step 979: g_absmax=0.1232 g_meanabs=4.341e-06
2026-08-26 06:08:40,681 [INFO] Step 980: loss=0.0001 loss_ce=n/a time=5124.5ms mem=2606MB
2026-08-26 06:08:45,556 [INFO] step 980: g_absmax=0.1135 g_meanabs=7.108e-06
2026-08-26 06:08:50,484 [INFO] step 981: g_absmax=0.1195 g_meanabs=2.934e-06
2026-08-26 06:08:55,710 [INFO] step 982: g_absmax=0.1153 g_meanabs=4.452e-06
2026-08-26 06:09:00,753 [INFO] step 983: g_absmax=0.1149 g_meanabs=3.837e-06
2026-08-26 06:09:05,623 [INFO] step 984: g_absmax=0.1224 g_meanabs=3.841e-06
2026-08-26 06:09:10,575 [INFO] step 985: g_absmax=0.13 g_meanabs=6.66e-06
2026-08-26 06:09:15,532 [INFO] step 986: g_absmax=0.1116 g_meanabs=4.812e-06
2026-08-26 06:09:20,476 [INFO] step 987: g_absmax=0.0947 g_meanabs=7.491e-06
2026-08-26 06:09:25,382 [INFO] step 988: g_absmax=0.1 g_meanabs=5.597e-06
2026-08-26 06:09:30,294 [INFO] step 989: g_absmax=0.12 g_meanabs=5.782e-06
2026-08-26 06:09:30,313 [INFO] Step 990: loss=0.0002 loss_ce=n/a time=4893.5ms mem=2606MB
2026-08-26 06:09:35,310 [INFO] step 990: g_absmax=0.136 g_meanabs=3.803e-06
2026-08-26 06:09:40,223 [INFO] step 991: g_absmax=0.1426 g_meanabs=5.71e-06
2026-08-26 06:09:45,020 [INFO] step 992: g_absmax=0.0995 g_meanabs=5.195e-06
2026-08-26 06:09:49,677 [INFO] step 993: g_absmax=0.1654 g_meanabs=5.685e-06
2026-08-26 06:09:54,388 [INFO] step 994: g_absmax=0.1336 g_meanabs=9.025e-06
2026-08-26 06:09:59,202 [INFO] step 995: g_absmax=0.1408 g_meanabs=5.974e-06
2026-08-26 06:10:03,955 [INFO] step 996: g_absmax=0.0935 g_meanabs=6.485e-06
2026-08-26 06:10:08,886 [INFO] step 997: g_absmax=0.1089 g_meanabs=9.655e-06
2026-08-26 06:10:13,842 [INFO] step 998: g_absmax=0.0989 g_meanabs=2.876e-06
2026-08-26 06:10:19,000 [INFO] step 999: g_absmax=0.1137 g_meanabs=3.196e-06
2026-08-26 06:10:19,017 [INFO] Step 1000: loss=0.0001 loss_ce=n/a time=5135.5ms mem=2606MB
2026-08-26 06:10:19,533 [INFO] Last checkpoint saved → /root/CipherForge/final-test-data/three-party-rms-pir_20260826-043847/checkpoints/last_checkpoint.pt (epoch=4)
2026-08-26 06:12:18,647 [INFO] Epoch 4: train_loss_proxy=0.0002 | val_ce_loss=4.0991 | val_micro_F1=0.3154 (P=0.3154 R=0.3154 Acc=0.3154) | val_macro_F1=0.0852 | val_weighted_F1=0.2047 | n_samples=149
2026-08-26 06:12:19,110 [INFO] Last checkpoint saved → /root/CipherForge/final-test-data/three-party-rms-pir_20260826-043847/checkpoints/last_checkpoint.pt (epoch=4)
2026-08-26 06:12:19,530 [INFO] Checkpoint saved → /root/CipherForge/final-test-data/three-party-rms-pir_20260826-043847/checkpoints/checkpoint_epoch_004.pt
2026-08-26 06:12:19,531 [INFO] No improvement for 4 epochs
2026-08-26 06:12:19,534 [INFO] coordinator RSS=2.93GB GPU=1058MB (step 1000)
2026-08-26 06:12:24,286 [INFO] step 1000: g_absmax=0.0909 g_meanabs=3.503e-06
2026-08-26 06:12:29,184 [INFO] step 1001: g_absmax=0.1271 g_meanabs=3.602e-06
2026-08-26 06:12:34,035 [INFO] step 1002: g_absmax=0.1451 g_meanabs=3.956e-06
2026-08-26 06:12:39,145 [INFO] step 1003: g_absmax=0.1344 g_meanabs=4.481e-06
2026-08-26 06:12:44,094 [INFO] step 1004: g_absmax=0.1214 g_meanabs=5.232e-06
2026-08-26 06:12:48,952 [INFO] step 1005: g_absmax=0.1503 g_meanabs=6.829e-06
2026-08-26 06:12:53,945 [INFO] step 1006: g_absmax=0.1428 g_meanabs=6.655e-06
2026-08-26 06:12:58,829 [INFO] step 1007: g_absmax=0.0919 g_meanabs=4.714e-06
2026-08-26 06:13:03,918 [INFO] step 1008: g_absmax=0.1373 g_meanabs=5.78e-06
2026-08-26 06:13:08,944 [INFO] step 1009: g_absmax=0.1465 g_meanabs=3.276e-06
2026-08-26 06:13:08,959 [INFO] Step 1010: loss=0.0001 loss_ce=n/a time=5006.1ms mem=2606MB
2026-08-26 06:13:13,936 [INFO] step 1010: g_absmax=0.1261 g_meanabs=8.397e-06
2026-08-26 06:13:19,043 [INFO] step 1011: g_absmax=0.1066 g_meanabs=6.19e-06
2026-08-26 06:13:23,886 [INFO] step 1012: g_absmax=0.104 g_meanabs=2.93e-06
2026-08-26 06:13:28,699 [INFO] step 1013: g_absmax=0.1172 g_meanabs=4.062e-06
2026-08-26 06:13:33,376 [INFO] step 1014: g_absmax=0.1386 g_meanabs=3.656e-06
2026-08-26 06:13:38,209 [INFO] step 1015: g_absmax=0.1156 g_meanabs=4.288e-06
2026-08-26 06:13:43,019 [INFO] step 1016: g_absmax=0.1128 g_meanabs=4.494e-06
2026-08-26 06:13:47,927 [INFO] step 1017: g_absmax=0.1112 g_meanabs=6.085e-06
2026-08-26 06:13:52,735 [INFO] step 1018: g_absmax=0.1175 g_meanabs=5.398e-06
2026-08-26 06:13:57,546 [INFO] step 1019: g_absmax=0.1123 g_meanabs=4.663e-06
2026-08-26 06:13:57,565 [INFO] Step 1020: loss=0.0001 loss_ce=n/a time=4792.2ms mem=2606MB
2026-08-26 06:14:02,383 [INFO] step 1020: g_absmax=0.1532 g_meanabs=3.485e-06
2026-08-26 06:14:07,230 [INFO] step 1021: g_absmax=0.1076 g_meanabs=4.577e-06
2026-08-26 06:14:11,985 [INFO] step 1022: g_absmax=0.0952 g_meanabs=6.519e-06
2026-08-26 06:14:16,804 [INFO] step 1023: g_absmax=0.1318 g_meanabs=6.638e-06
2026-08-26 06:14:21,570 [INFO] step 1024: g_absmax=0.1747 g_meanabs=6.862e-06
2026-08-26 06:14:26,299 [INFO] step 1025: g_absmax=0.1041 g_meanabs=6.337e-06
2026-08-26 06:14:31,064 [INFO] step 1026: g_absmax=0.127 g_meanabs=4.434e-06
2026-08-26 06:14:35,759 [INFO] step 1027: g_absmax=0.1312 g_meanabs=6.977e-06
2026-08-26 06:14:40,472 [INFO] step 1028: g_absmax=0.1473 g_meanabs=4.437e-06
2026-08-26 06:14:45,315 [INFO] step 1029: g_absmax=0.1226 g_meanabs=3.332e-06
2026-08-26 06:14:45,336 [INFO] Step 1030: loss=0.0001 loss_ce=n/a time=4836.3ms mem=2606MB
2026-08-26 06:14:50,097 [INFO] step 1030: g_absmax=0.1124 g_meanabs=3.263e-06
2026-08-26 06:14:54,696 [INFO] step 1031: g_absmax=0.1117 g_meanabs=8.981e-06
2026-08-26 06:14:59,386 [INFO] step 1032: g_absmax=0.1133 g_meanabs=3.148e-06
2026-08-26 06:15:04,216 [INFO] step 1033: g_absmax=0.0876 g_meanabs=7.106e-06
2026-08-26 06:15:09,039 [INFO] step 1034: g_absmax=0.145 g_meanabs=5.444e-06
2026-08-26 06:15:13,840 [INFO] step 1035: g_absmax=0.1121 g_meanabs=4.125e-06
2026-08-26 06:15:18,826 [INFO] step 1036: g_absmax=0.0972 g_meanabs=7.576e-06
2026-08-26 06:15:23,768 [INFO] step 1037: g_absmax=0.1182 g_meanabs=6.349e-06
2026-08-26 06:15:28,661 [INFO] step 1038: g_absmax=0.1327 g_meanabs=3.881e-06
2026-08-26 06:15:33,576 [INFO] step 1039: g_absmax=0.1513 g_meanabs=6.593e-06
2026-08-26 06:15:33,593 [INFO] Step 1040: loss=0.0002 loss_ce=n/a time=4891.1ms mem=2606MB
2026-08-26 06:15:38,518 [INFO] step 1040: g_absmax=0.1151 g_meanabs=5.538e-06
2026-08-26 06:15:43,483 [INFO] step 1041: g_absmax=0.1167 g_meanabs=3.397e-06
2026-08-26 06:15:48,508 [INFO] step 1042: g_absmax=0.102 g_meanabs=3.966e-06
2026-08-26 06:15:53,424 [INFO] step 1043: g_absmax=0.1163 g_meanabs=6.096e-06
2026-08-26 06:15:58,305 [INFO] step 1044: g_absmax=0.1279 g_meanabs=3.961e-06
2026-08-26 06:16:03,071 [INFO] step 1045: g_absmax=0.1365 g_meanabs=4.945e-06
2026-08-26 06:16:07,832 [INFO] step 1046: g_absmax=0.1104 g_meanabs=5.309e-06
2026-08-26 06:16:12,679 [INFO] step 1047: g_absmax=0.1696 g_meanabs=4.587e-06
2026-08-26 06:16:17,496 [INFO] step 1048: g_absmax=0.1169 g_meanabs=5.625e-06
2026-08-26 06:16:22,241 [INFO] step 1049: g_absmax=0.1462 g_meanabs=4.998e-06
2026-08-26 06:16:22,265 [INFO] Step 1050: loss=0.0001 loss_ce=n/a time=4727.1ms mem=2606MB
2026-08-26 06:16:22,268 [INFO] coordinator RSS=2.93GB GPU=1058MB (step 1050)
2026-08-26 06:16:27,005 [INFO] step 1050: g_absmax=0.121 g_meanabs=7.57e-06
2026-08-26 06:16:31,858 [INFO] step 1051: g_absmax=0.1333 g_meanabs=6.23e-06
2026-08-26 06:16:36,644 [INFO] step 1052: g_absmax=0.1362 g_meanabs=5.766e-06
2026-08-26 06:16:41,591 [INFO] step 1053: g_absmax=0.103 g_meanabs=3.806e-06
2026-08-26 06:16:46,508 [INFO] step 1054: g_absmax=0.1234 g_meanabs=4.322e-06
2026-08-26 06:16:51,414 [INFO] step 1055: g_absmax=0.104 g_meanabs=6.682e-06
2026-08-26 06:16:56,324 [INFO] step 1056: g_absmax=0.126 g_meanabs=7.313e-06
2026-08-26 06:17:01,294 [INFO] step 1057: g_absmax=0.1332 g_meanabs=4.7e-06
2026-08-26 06:17:06,092 [INFO] step 1058: g_absmax=0.1282 g_meanabs=5.673e-06
2026-08-26 06:17:10,825 [INFO] step 1059: g_absmax=0.1536 g_meanabs=5.313e-06
2026-08-26 06:17:10,842 [INFO] Step 1060: loss=0.0002 loss_ce=n/a time=4713.0ms mem=2606MB
2026-08-26 06:17:15,750 [INFO] step 1060: g_absmax=0.1141 g_meanabs=3.312e-06
2026-08-26 06:17:20,728 [INFO] step 1061: g_absmax=0.0981 g_meanabs=4.766e-06
2026-08-26 06:17:25,480 [INFO] step 1062: g_absmax=0.1213 g_meanabs=4.703e-06
2026-08-26 06:17:30,349 [INFO] step 1063: g_absmax=0.1419 g_meanabs=9.058e-06
2026-08-26 06:17:35,340 [INFO] step 1064: g_absmax=0.1067 g_meanabs=8.756e-06
2026-08-26 06:17:40,545 [INFO] step 1065: g_absmax=0.1265 g_meanabs=4.562e-06
2026-08-26 06:17:45,626 [INFO] step 1066: g_absmax=0.1361 g_meanabs=5.616e-06
2026-08-26 06:17:50,601 [INFO] step 1067: g_absmax=0.122 g_meanabs=4.64e-06
2026-08-26 06:17:55,527 [INFO] step 1068: g_absmax=0.1101 g_meanabs=5.009e-06
2026-08-26 06:18:00,521 [INFO] step 1069: g_absmax=0.1247 g_meanabs=5.763e-06
2026-08-26 06:18:00,528 [INFO] Step 1070: loss=0.0002 loss_ce=n/a time=4981.4ms mem=2606MB
2026-08-26 06:18:05,474 [INFO] step 1070: g_absmax=0.1228 g_meanabs=5.408e-06
2026-08-26 06:18:10,505 [INFO] step 1071: g_absmax=0.126 g_meanabs=5.041e-06
2026-08-26 06:18:15,665 [INFO] step 1072: g_absmax=0.1032 g_meanabs=5.056e-06
2026-08-26 06:18:20,608 [INFO] step 1073: g_absmax=0.1006 g_meanabs=3.332e-06
2026-08-26 06:18:25,581 [INFO] step 1074: g_absmax=0.1019 g_meanabs=6.024e-06
2026-08-26 06:18:30,661 [INFO] step 1075: g_absmax=0.1315 g_meanabs=6.867e-06
2026-08-26 06:18:35,526 [INFO] step 1076: g_absmax=0.1216 g_meanabs=8.542e-06
2026-08-26 06:18:40,362 [INFO] step 1077: g_absmax=0.1608 g_meanabs=4.106e-06
2026-08-26 06:18:45,302 [INFO] step 1078: g_absmax=0.1291 g_meanabs=4.218e-06
2026-08-26 06:18:50,332 [INFO] step 1079: g_absmax=0.113 g_meanabs=6.323e-06
2026-08-26 06:18:50,349 [INFO] Step 1080: loss=0.0002 loss_ce=n/a time=5012.1ms mem=2606MB
2026-08-26 06:18:55,371 [INFO] step 1080: g_absmax=0.1221 g_meanabs=5.265e-06
2026-08-26 06:19:00,302 [INFO] step 1081: g_absmax=0.1202 g_meanabs=7.929e-06
2026-08-26 06:19:05,288 [INFO] step 1082: g_absmax=0.1277 g_meanabs=3.977e-06
2026-08-26 06:19:10,367 [INFO] step 1083: g_absmax=0.0851 g_meanabs=4.937e-06
2026-08-26 06:19:15,360 [INFO] step 1084: g_absmax=0.1129 g_meanabs=6.575e-06
2026-08-26 06:19:20,299 [INFO] step 1085: g_absmax=0.1031 g_meanabs=6.738e-06
2026-08-26 06:19:25,312 [INFO] step 1086: g_absmax=0.1227 g_meanabs=8.631e-06
2026-08-26 06:19:30,470 [INFO] step 1087: g_absmax=0.1231 g_meanabs=7.564e-06
2026-08-26 06:19:35,540 [INFO] step 1088: g_absmax=0.1347 g_meanabs=5.736e-06
2026-08-26 06:19:40,518 [INFO] step 1089: g_absmax=0.1512 g_meanabs=6.492e-06
2026-08-26 06:19:40,535 [INFO] Step 1090: loss=0.0002 loss_ce=n/a time=4969.2ms mem=2606MB
2026-08-26 06:19:45,459 [INFO] step 1090: g_absmax=0.1412 g_meanabs=1.064e-05
2026-08-26 06:19:50,463 [INFO] step 1091: g_absmax=0.0884 g_meanabs=6.59e-06
2026-08-26 06:19:55,527 [INFO] step 1092: g_absmax=0.1213 g_meanabs=5.232e-06
2026-08-26 06:20:00,474 [INFO] step 1093: g_absmax=0.1214 g_meanabs=3.631e-06
2026-08-26 06:20:05,340 [INFO] step 1094: g_absmax=0.1963 g_meanabs=7.433e-06
2026-08-26 06:20:10,288 [INFO] step 1095: g_absmax=0.1094 g_meanabs=5.717e-06
2026-08-26 06:20:15,305 [INFO] step 1096: g_absmax=0.1052 g_meanabs=2.962e-06
2026-08-26 06:20:20,349 [INFO] step 1097: g_absmax=0.1234 g_meanabs=2.978e-06
2026-08-26 06:20:25,270 [INFO] step 1098: g_absmax=0.1354 g_meanabs=3.725e-06
2026-08-26 06:20:30,092 [INFO] step 1099: g_absmax=0.097 g_meanabs=4.841e-06
2026-08-26 06:20:30,100 [INFO] Step 1100: loss=0.0001 loss_ce=n/a time=4803.7ms mem=2606MB
2026-08-26 06:20:30,102 [INFO] coordinator RSS=2.93GB GPU=1058MB (step 1100)
2026-08-26 06:20:34,933 [INFO] step 1100: g_absmax=0.1225 g_meanabs=6.705e-06
2026-08-26 06:20:39,847 [INFO] step 1101: g_absmax=0.1073 g_meanabs=7.892e-06
2026-08-26 06:20:44,662 [INFO] step 1102: g_absmax=0.1484 g_meanabs=8.265e-06
2026-08-26 06:20:49,568 [INFO] step 1103: g_absmax=0.1188 g_meanabs=3.153e-06
2026-08-26 06:20:54,420 [INFO] step 1104: g_absmax=0.1154 g_meanabs=5.445e-06
2026-08-26 06:20:59,307 [INFO] step 1105: g_absmax=0.108 g_meanabs=5.551e-06
2026-08-26 06:21:04,306 [INFO] step 1106: g_absmax=0.107 g_meanabs=6.239e-06
2026-08-26 06:21:09,070 [INFO] step 1107: g_absmax=0.1069 g_meanabs=4.215e-06
2026-08-26 06:21:13,787 [INFO] step 1108: g_absmax=0.1544 g_meanabs=5.609e-06
2026-08-26 06:21:18,650 [INFO] step 1109: g_absmax=0.104 g_meanabs=3.928e-06
2026-08-26 06:21:18,667 [INFO] Step 1110: loss=0.0001 loss_ce=n/a time=4845.3ms mem=2606MB
2026-08-26 06:21:23,631 [INFO] step 1110: g_absmax=0.1317 g_meanabs=4.533e-06
2026-08-26 06:21:28,420 [INFO] step 1111: g_absmax=0.1065 g_meanabs=5.279e-06
2026-08-26 06:21:33,141 [INFO] step 1112: g_absmax=0.136 g_meanabs=5.505e-06
2026-08-26 06:21:37,984 [INFO] step 1113: g_absmax=0.1031 g_meanabs=5.076e-06
2026-08-26 06:21:42,788 [INFO] step 1114: g_absmax=0.1197 g_meanabs=4.963e-06
2026-08-26 06:21:47,634 [INFO] step 1115: g_absmax=0.1211 g_meanabs=4.576e-06
2026-08-26 06:21:52,515 [INFO] step 1116: g_absmax=0.0995 g_meanabs=5.428e-06
2026-08-26 06:21:57,266 [INFO] step 1117: g_absmax=0.1065 g_meanabs=6.544e-06
2026-08-26 06:22:02,049 [INFO] step 1118: g_absmax=0.1217 g_meanabs=7.185e-06
2026-08-26 06:22:06,779 [INFO] step 1119: g_absmax=0.1295 g_meanabs=7.095e-06
2026-08-26 06:22:06,797 [INFO] Step 1120: loss=0.0002 loss_ce=n/a time=4710.3ms mem=2606MB
2026-08-26 06:22:11,604 [INFO] step 1120: g_absmax=0.1214 g_meanabs=3.031e-06
2026-08-26 06:22:16,488 [INFO] step 1121: g_absmax=0.118 g_meanabs=4.775e-06
2026-08-26 06:22:21,337 [INFO] step 1122: g_absmax=0.1204 g_meanabs=6.326e-06
2026-08-26 06:22:26,158 [INFO] step 1123: g_absmax=0.1202 g_meanabs=5.535e-06
2026-08-26 06:22:31,029 [INFO] step 1124: g_absmax=0.1895 g_meanabs=3.752e-06
2026-08-26 06:22:35,811 [INFO] step 1125: g_absmax=0.1528 g_meanabs=3.412e-06
2026-08-26 06:22:40,665 [INFO] step 1126: g_absmax=0.1378 g_meanabs=3.089e-06
2026-08-26 06:22:45,765 [INFO] step 1127: g_absmax=0.1197 g_meanabs=3.771e-06
2026-08-26 06:22:50,750 [INFO] step 1128: g_absmax=0.1051 g_meanabs=3.075e-06
2026-08-26 06:22:55,889 [INFO] step 1129: g_absmax=0.1157 g_meanabs=4.003e-06
2026-08-26 06:22:55,903 [INFO] Step 1130: loss=0.0001 loss_ce=n/a time=5119.2ms mem=2606MB
2026-08-26 06:23:00,909 [INFO] step 1130: g_absmax=0.0928 g_meanabs=3.966e-06
2026-08-26 06:23:05,905 [INFO] step 1131: g_absmax=0.1305 g_meanabs=5.348e-06
2026-08-26 06:23:11,035 [INFO] step 1132: g_absmax=0.1152 g_meanabs=5.308e-06
2026-08-26 06:23:16,120 [INFO] step 1133: g_absmax=0.114 g_meanabs=9.738e-06
2026-08-26 06:23:21,118 [INFO] step 1134: g_absmax=0.1007 g_meanabs=7.514e-06
2026-08-26 06:23:26,159 [INFO] step 1135: g_absmax=0.1013 g_meanabs=7.493e-06
2026-08-26 06:23:31,224 [INFO] step 1136: g_absmax=0.0871 g_meanabs=3.089e-06
2026-08-26 06:23:36,306 [INFO] step 1137: g_absmax=0.0968 g_meanabs=7.722e-06
2026-08-26 06:23:41,233 [INFO] step 1138: g_absmax=0.0909 g_meanabs=4.536e-06
2026-08-26 06:23:46,176 [INFO] step 1139: g_absmax=0.1159 g_meanabs=7.04e-06
2026-08-26 06:23:46,194 [INFO] Step 1140: loss=0.0002 loss_ce=n/a time=4923.7ms mem=2606MB
2026-08-26 06:23:51,207 [INFO] step 1140: g_absmax=0.118 g_meanabs=4.601e-06
2026-08-26 06:23:56,278 [INFO] step 1141: g_absmax=0.1373 g_meanabs=3.172e-06
2026-08-26 06:24:01,305 [INFO] step 1142: g_absmax=0.1284 g_meanabs=6.619e-06
2026-08-26 06:24:06,199 [INFO] step 1143: g_absmax=0.1331 g_meanabs=5.468e-06
2026-08-26 06:24:11,268 [INFO] step 1144: g_absmax=0.1639 g_meanabs=5.343e-06
2026-08-26 06:24:16,239 [INFO] step 1145: g_absmax=0.1076 g_meanabs=3.338e-06
2026-08-26 06:24:21,154 [INFO] step 1146: g_absmax=0.1555 g_meanabs=5.58e-06
2026-08-26 06:24:26,026 [INFO] step 1147: g_absmax=0.1116 g_meanabs=3.423e-06
2026-08-26 06:24:30,954 [INFO] step 1148: g_absmax=0.1044 g_meanabs=5.432e-06
2026-08-26 06:24:35,906 [INFO] step 1149: g_absmax=0.122 g_meanabs=6.884e-06
2026-08-26 06:24:35,923 [INFO] Step 1150: loss=0.0002 loss_ce=n/a time=4930.0ms mem=2606MB
2026-08-26 06:24:35,926 [INFO] coordinator RSS=2.93GB GPU=1058MB (step 1150)
2026-08-26 06:24:40,899 [INFO] step 1150: g_absmax=0.0547 g_meanabs=4.778e-06
2026-08-26 06:24:45,823 [INFO] step 1151: g_absmax=0.1223 g_meanabs=5.918e-06
2026-08-26 06:24:50,705 [INFO] step 1152: g_absmax=0.1146 g_meanabs=3.452e-06
2026-08-26 06:24:55,679 [INFO] step 1153: g_absmax=0.101 g_meanabs=4.023e-06
2026-08-26 06:25:00,663 [INFO] step 1154: g_absmax=0.126 g_meanabs=3.305e-06
2026-08-26 06:25:05,558 [INFO] step 1155: g_absmax=0.1068 g_meanabs=4.929e-06
2026-08-26 06:25:10,470 [INFO] step 1156: g_absmax=0.0869 g_meanabs=5.114e-06
2026-08-26 06:25:15,499 [INFO] step 1157: g_absmax=0.1267 g_meanabs=4.929e-06
2026-08-26 06:25:20,562 [INFO] step 1158: g_absmax=0.1352 g_meanabs=5.076e-06
2026-08-26 06:25:25,613 [INFO] step 1159: g_absmax=0.1146 g_meanabs=5.763e-06
2026-08-26 06:25:25,630 [INFO] Step 1160: loss=0.0002 loss_ce=n/a time=5031.6ms mem=2606MB
2026-08-26 06:25:30,876 [INFO] step 1160: g_absmax=0.1161 g_meanabs=4.605e-06
2026-08-26 06:25:35,882 [INFO] step 1161: g_absmax=0.1334 g_meanabs=5.248e-06
2026-08-26 06:25:40,891 [INFO] step 1162: g_absmax=0.1258 g_meanabs=3.011e-06
2026-08-26 06:25:45,882 [INFO] step 1163: g_absmax=0.1285 g_meanabs=5.592e-06
2026-08-26 06:25:50,872 [INFO] step 1164: g_absmax=0.0836 g_meanabs=3.584e-06
2026-08-26 06:25:55,914 [INFO] step 1165: g_absmax=0.0929 g_meanabs=4.125e-06
2026-08-26 06:26:00,889 [INFO] step 1166: g_absmax=0.1072 g_meanabs=6.863e-06
2026-08-26 06:26:05,937 [INFO] step 1167: g_absmax=0.1089 g_meanabs=6.323e-06
2026-08-26 06:26:10,863 [INFO] step 1168: g_absmax=0.1034 g_meanabs=3.199e-06
2026-08-26 06:26:15,783 [INFO] step 1169: g_absmax=0.1122 g_meanabs=7.918e-06
2026-08-26 06:26:15,801 [INFO] Step 1170: loss=0.0002 loss_ce=n/a time=4900.2ms mem=2606MB
2026-08-26 06:26:20,698 [INFO] step 1170: g_absmax=0.1382 g_meanabs=3.15e-06
2026-08-26 06:26:25,661 [INFO] step 1171: g_absmax=0.131 g_meanabs=8.256e-06
2026-08-26 06:26:30,656 [INFO] step 1172: g_absmax=0.1027 g_meanabs=4.471e-06
2026-08-26 06:26:35,569 [INFO] step 1173: g_absmax=0.1238 g_meanabs=4.641e-06
2026-08-26 06:26:40,432 [INFO] step 1174: g_absmax=0.1395 g_meanabs=5.223e-06
2026-08-26 06:26:45,475 [INFO] step 1175: g_absmax=0.0924 g_meanabs=7.101e-06
2026-08-26 06:26:50,351 [INFO] step 1176: g_absmax=0.1055 g_meanabs=4.198e-06
2026-08-26 06:26:55,312 [INFO] step 1177: g_absmax=0.0989 g_meanabs=3.424e-06
2026-08-26 06:27:00,340 [INFO] step 1178: g_absmax=0.1235 g_meanabs=4.416e-06
2026-08-26 06:27:05,344 [INFO] step 1179: g_absmax=0.1192 g_meanabs=8.146e-06
2026-08-26 06:27:05,357 [INFO] Step 1180: loss=0.0002 loss_ce=n/a time=4982.6ms mem=2606MB
2026-08-26 06:27:10,399 [INFO] step 1180: g_absmax=0.119 g_meanabs=7.43e-06
2026-08-26 06:27:15,309 [INFO] step 1181: g_absmax=0.1022 g_meanabs=4.556e-06
2026-08-26 06:27:20,289 [INFO] step 1182: g_absmax=0.1012 g_meanabs=3.938e-06
2026-08-26 06:27:25,252 [INFO] step 1183: g_absmax=0.1399 g_meanabs=3.976e-06
2026-08-26 06:27:30,355 [INFO] step 1184: g_absmax=0.1282 g_meanabs=6.476e-06
2026-08-26 06:27:35,370 [INFO] step 1185: g_absmax=0.1092 g_meanabs=6.662e-06
2026-08-26 06:27:40,324 [INFO] step 1186: g_absmax=0.1004 g_meanabs=8.791e-06
2026-08-26 06:27:45,285 [INFO] step 1187: g_absmax=0.1361 g_meanabs=5.543e-06
2026-08-26 06:27:50,523 [INFO] step 1188: g_absmax=0.1088 g_meanabs=6.125e-06
2026-08-26 06:27:55,532 [INFO] step 1189: g_absmax=0.1278 g_meanabs=3.92e-06
2026-08-26 06:27:55,536 [INFO] Step 1190: loss=0.0001 loss_ce=n/a time=4989.1ms mem=2606MB
2026-08-26 06:28:00,585 [INFO] step 1190: g_absmax=0.1127 g_meanabs=6.465e-06
2026-08-26 06:28:05,626 [INFO] step 1191: g_absmax=0.1152 g_meanabs=5.851e-06
2026-08-26 06:28:10,704 [INFO] step 1192: g_absmax=0.0981 g_meanabs=4.449e-06
2026-08-26 06:28:15,777 [INFO] step 1193: g_absmax=0.1148 g_meanabs=6.851e-06
2026-08-26 06:28:20,810 [INFO] step 1194: g_absmax=0.1101 g_meanabs=5.801e-06
2026-08-26 06:28:25,942 [INFO] step 1195: g_absmax=0.1249 g_meanabs=6.214e-06
2026-08-26 06:28:30,979 [INFO] step 1196: g_absmax=0.1183 g_meanabs=5.919e-06
2026-08-26 06:28:35,997 [INFO] step 1197: g_absmax=0.1165 g_meanabs=4.523e-06
2026-08-26 06:28:41,173 [INFO] step 1198: g_absmax=0.1349 g_meanabs=4.905e-06
2026-08-26 06:28:46,153 [INFO] step 1199: g_absmax=0.1044 g_meanabs=8.82e-06
2026-08-26 06:28:46,171 [INFO] Step 1200: loss=0.0002 loss_ce=n/a time=4968.3ms mem=2606MB
2026-08-26 06:28:46,682 [INFO] Last checkpoint saved → /root/CipherForge/final-test-data/three-party-rms-pir_20260826-043847/checkpoints/last_checkpoint.pt (epoch=5)
2026-08-26 06:30:49,122 [INFO] Epoch 5: train_loss_proxy=0.0002 | val_ce_loss=4.1589 | val_micro_F1=0.3154 (P=0.3154 R=0.3154 Acc=0.3154) | val_macro_F1=0.0852 | val_weighted_F1=0.2047 | n_samples=149
2026-08-26 06:30:49,624 [INFO] Last checkpoint saved → /root/CipherForge/final-test-data/three-party-rms-pir_20260826-043847/checkpoints/last_checkpoint.pt (epoch=5)
2026-08-26 06:30:50,109 [INFO] Checkpoint saved → /root/CipherForge/final-test-data/three-party-rms-pir_20260826-043847/checkpoints/checkpoint_epoch_005.pt
2026-08-26 06:30:50,110 [INFO] No improvement for 5 epochs
2026-08-26 06:30:50,110 [INFO] Metrics log → /root/CipherForge/final-test-data/three-party-rms-pir_20260826-043847/logs/training_metrics_20260826_063050.json
2026-08-26 06:30:50,110 [INFO] BioTriplex-QA reference (Table 5, supervised LLaMA 3.1 8B): P=0.65 R=0.62 F1=0.63 | Best epoch 4: P=0.3154 R=0.3154 F1=0.3154 | Macro_F1=0.0852 | Weighted_F1=0.2047 | CE_loss=4.0991
2026-08-26 06:30:50,110 [INFO] training complete: best_metric=2.6799185175141154 steps=1200
2026-08-26 06:30:52,429 [INFO] Building transient base model for adapter export ...
`torch_dtype` is deprecated! Use `dtype` instead!
Loading weights:   0%|          | 0/201 [00:00<?, ?it/s]Loading weights:   0%|          | 1/201 [00:00<00:00, 14074.85it/s, Materializing param=lm_head.weight]Loading weights:   0%|          | 1/201 [00:00<00:00, 6584.46it/s, Materializing param=lm_head.weight] Loading weights:   1%|          | 2/201 [00:00<00:00, 6177.18it/s, Materializing param=model.embed_tokens.weight]Loading weights:   1%|          | 2/201 [00:00<00:00, 5391.14it/s, Materializing param=model.embed_tokens.weight]Loading weights:   1%|▏         | 3/201 [00:00<00:00, 6072.83it/s, Materializing param=model.layers.0.input_layernorm.weight]Loading weights:   1%|▏         | 3/201 [00:00<00:00, 5489.93it/s, Materializing param=model.layers.0.input_layernorm.weight]Loading weights:   2%|▏         | 4/201 [00:00<00:00, 6034.97it/s, Materializing param=model.layers.0.mlp.down_proj.weight]  Loading weights:   2%|▏         | 4/201 [00:00<00:00, 5662.24it/s, Materializing param=model.layers.0.mlp.down_proj.weight]Loading weights:   2%|▏         | 5/201 [00:00<00:00, 6121.28it/s, Materializing param=model.layers.0.mlp.gate_proj.weight]Loading weights:   2%|▏         | 5/201 [00:00<00:00, 5817.34it/s, Materializing param=model.layers.0.mlp.gate_proj.weight]Loading weights:   3%|▎         | 6/201 [00:00<00:00, 2461.93it/s, Materializing param=model.layers.0.mlp.up_proj.weight]  Loading weights:   3%|▎         | 6/201 [00:00<00:00, 2414.45it/s, Materializing param=model.layers.0.mlp.up_proj.weight]Loading weights:   3%|▎         | 7/201 [00:00<00:00, 2720.80it/s, Materializing param=model.layers.0.post_attention_layernorm.weight]Loading weights:   3%|▎         | 7/201 [00:00<00:00, 2674.21it/s, Materializing param=model.layers.0.post_attention_layernorm.weight]Loading weights:   4%|▍         | 8/201 [00:00<00:00, 2942.08it/s, Materializing param=model.layers.0.self_attn.k_proj.weight]        Loading weights:   4%|▍         | 8/201 [00:00<00:00, 2894.87it/s, Materializing param=model.layers.0.self_attn.k_proj.weight]Loading weights:   4%|▍         | 9/201 [00:00<00:00, 3130.60it/s, Materializing param=model.layers.0.self_attn.o_proj.weight]Loading weights:   4%|▍         | 9/201 [00:00<00:00, 3083.29it/s, Materializing param=model.layers.0.self_attn.o_proj.weight]Loading weights:   5%|▍         | 10/201 [00:00<00:00, 3307.03it/s, Materializing param=model.layers.0.self_attn.q_proj.weight]Loading weights:   5%|▍         | 10/201 [00:00<00:00, 3261.00it/s, Materializing param=model.layers.0.self_attn.q_proj.weight]Loading weights:   5%|▌         | 11/201 [00:00<00:00, 3474.98it/s, Materializing param=model.layers.0.self_attn.v_proj.weight]Loading weights:   5%|▌         | 11/201 [00:00<00:00, 3428.25it/s, Materializing param=model.layers.0.self_attn.v_proj.weight]Loading weights:   6%|▌         | 12/201 [00:00<00:00, 3626.20it/s, Materializing param=model.layers.1.input_layernorm.weight] Loading weights:   6%|▌         | 12/201 [00:00<00:00, 3581.56it/s, Materializing param=model.layers.1.input_layernorm.weight]Loading weights:   6%|▋         | 13/201 [00:00<00:00, 3765.86it/s, Materializing param=model.layers.1.mlp.down_proj.weight]  Loading weights:   6%|▋         | 13/201 [00:00<00:00, 3699.43it/s, Materializing param=model.layers.1.mlp.down_proj.weight]Loading weights:   7%|▋         | 14/201 [00:00<00:00, 3293.71it/s, Materializing param=model.layers.1.mlp.gate_proj.weight]Loading weights:   7%|▋         | 14/201 [00:00<00:00, 3256.45it/s, Materializing param=model.layers.1.mlp.gate_proj.weight]Loading weights:   7%|▋         | 15/201 [00:00<00:00, 3408.89it/s, Materializing param=model.layers.1.mlp.up_proj.weight]  Loading weights:   7%|▋         | 15/201 [00:00<00:00, 3376.51it/s, Materializing param=model.layers.1.mlp.up_proj.weight]Loading weights:   8%|▊         | 16/201 [00:00<00:00, 2839.51it/s, Materializing param=model.layers.1.post_attention_layernorm.weight]Loading weights:   8%|▊         | 16/201 [00:00<00:00, 2816.39it/s, Materializing param=model.layers.1.post_attention_layernorm.weight]Loading weights:   8%|▊         | 17/201 [00:00<00:00, 2939.37it/s, Materializing param=model.layers.1.self_attn.k_proj.weight]        Loading weights:   8%|▊         | 17/201 [00:00<00:00, 2916.52it/s, Materializing param=model.layers.1.self_attn.k_proj.weight]Loading weights:   9%|▉         | 18/201 [00:00<00:00, 3035.44it/s, Materializing param=model.layers.1.self_attn.o_proj.weight]Loading weights:   9%|▉         | 18/201 [00:00<00:00, 3013.87it/s, Materializing param=model.layers.1.self_attn.o_proj.weight]Loading weights:   9%|▉         | 19/201 [00:00<00:00, 3128.48it/s, Materializing param=model.layers.1.self_attn.q_proj.weight]Loading weights:   9%|▉         | 19/201 [00:00<00:00, 3106.77it/s, Materializing param=model.layers.1.self_attn.q_proj.weight]Loading weights:  10%|▉         | 20/201 [00:00<00:00, 3217.60it/s, Materializing param=model.layers.1.self_attn.v_proj.weight]Loading weights:  10%|▉         | 20/201 [00:00<00:00, 3195.05it/s, Materializing param=model.layers.1.self_attn.v_proj.weight]Loading weights:  10%|█         | 21/201 [00:00<00:00, 3299.26it/s, Materializing param=model.layers.2.input_layernorm.weight] Loading weights:  10%|█         | 21/201 [00:00<00:00, 3276.92it/s, Materializing param=model.layers.2.input_layernorm.weight]Loading weights:  11%|█         | 22/201 [00:00<00:00, 3380.15it/s, Materializing param=model.layers.2.mlp.down_proj.weight]  Loading weights:  11%|█         | 22/201 [00:00<00:00, 3357.76it/s, Materializing param=model.layers.2.mlp.down_proj.weight]Loading weights:  11%|█▏        | 23/201 [00:00<00:00, 3453.59it/s, Materializing param=model.layers.2.mlp.gate_proj.weight]Loading weights:  11%|█▏        | 23/201 [00:00<00:00, 3431.96it/s, Materializing param=model.layers.2.mlp.gate_proj.weight]Loading weights:  12%|█▏        | 24/201 [00:00<00:00, 3278.08it/s, Materializing param=model.layers.2.mlp.up_proj.weight]  Loading weights:  12%|█▏        | 24/201 [00:00<00:00, 3259.61it/s, Materializing param=model.layers.2.mlp.up_proj.weight]Loading weights:  12%|█▏        | 25/201 [00:00<00:00, 3342.50it/s, Materializing param=model.layers.2.post_attention_layernorm.weight]Loading weights:  12%|█▏        | 25/201 [00:00<00:00, 3317.54it/s, Materializing param=model.layers.2.post_attention_layernorm.weight]Loading weights:  13%|█▎        | 26/201 [00:00<00:00, 3392.92it/s, Materializing param=model.layers.2.self_attn.k_proj.weight]        Loading weights:  13%|█▎        | 26/201 [00:00<00:00, 3367.05it/s, Materializing param=model.layers.2.self_attn.k_proj.weight]Loading weights:  13%|█▎        | 27/201 [00:00<00:00, 2950.20it/s, Materializing param=model.layers.2.self_attn.o_proj.weight]Loading weights:  13%|█▎        | 27/201 [00:00<00:00, 2935.89it/s, Materializing param=model.layers.2.self_attn.o_proj.weight]Loading weights:  14%|█▍        | 28/201 [00:00<00:00, 3011.45it/s, Materializing param=model.layers.2.self_attn.q_proj.weight]Loading weights:  14%|█▍        | 28/201 [00:00<00:00, 2997.69it/s, Materializing param=model.layers.2.self_attn.q_proj.weight]Loading weights:  14%|█▍        | 29/201 [00:00<00:00, 3071.28it/s, Materializing param=model.layers.2.self_attn.v_proj.weight]Loading weights:  14%|█▍        | 29/201 [00:00<00:00, 3056.69it/s, Materializing param=model.layers.2.self_attn.v_proj.weight]Loading weights:  15%|█▍        | 30/201 [00:00<00:00, 3127.90it/s, Materializing param=model.layers.3.input_layernorm.weight] Loading weights:  15%|█▍        | 30/201 [00:00<00:00, 3113.97it/s, Materializing param=model.layers.3.input_layernorm.weight]Loading weights:  15%|█▌        | 31/201 [00:00<00:00, 3184.98it/s, Materializing param=model.layers.3.mlp.down_proj.weight]  Loading weights:  15%|█▌        | 31/201 [00:00<00:00, 3170.61it/s, Materializing param=model.layers.3.mlp.down_proj.weight]Loading weights:  16%|█▌        | 32/201 [00:00<00:00, 3021.22it/s, Materializing param=model.layers.3.mlp.gate_proj.weight]Loading weights:  16%|█▌        | 32/201 [00:00<00:00, 3008.49it/s, Materializing param=model.layers.3.mlp.gate_proj.weight]Loading weights:  16%|█▋        | 33/201 [00:00<00:00, 3075.55it/s, Materializing param=model.layers.3.mlp.up_proj.weight]  Loading weights:  16%|█▋        | 33/201 [00:00<00:00, 3064.04it/s, Materializing param=model.layers.3.mlp.up_proj.weight]Loading weights:  17%|█▋        | 34/201 [00:00<00:00, 2981.46it/s, Materializing param=model.layers.3.post_attention_layernorm.weight]Loading weights:  17%|█▋        | 34/201 [00:00<00:00, 2969.73it/s, Materializing param=model.layers.3.post_attention_layernorm.weight]Loading weights:  17%|█▋        | 35/201 [00:00<00:00, 3023.82it/s, Materializing param=model.layers.3.self_attn.k_proj.weight]        Loading weights:  17%|█▋        | 35/201 [00:00<00:00, 3009.13it/s, Materializing param=model.layers.3.self_attn.k_proj.weight]Loading weights:  18%|█▊        | 36/201 [00:00<00:00, 3061.72it/s, Materializing param=model.layers.3.self_attn.o_proj.weight]Loading weights:  18%|█▊        | 36/201 [00:00<00:00, 3050.46it/s, Materializing param=model.layers.3.self_attn.o_proj.weight]Loading weights:  18%|█▊        | 37/201 [00:00<00:00, 3109.13it/s, Materializing param=model.layers.3.self_attn.q_proj.weight]Loading weights:  18%|█▊        | 37/201 [00:00<00:00, 3098.02it/s, Materializing param=model.layers.3.self_attn.q_proj.weight]Loading weights:  19%|█▉        | 38/201 [00:00<00:00, 3103.56it/s, Materializing param=model.layers.3.self_attn.v_proj.weight]Loading weights:  19%|█▉        | 38/201 [00:00<00:00, 3092.42it/s, Materializing param=model.layers.3.self_attn.v_proj.weight]Loading weights:  19%|█▉        | 39/201 [00:00<00:00, 3147.48it/s, Materializing param=model.layers.4.input_layernorm.weight] Loading weights:  19%|█▉        | 39/201 [00:00<00:00, 3136.68it/s, Materializing param=model.layers.4.input_layernorm.weight]Loading weights:  20%|█▉        | 40/201 [00:00<00:00, 3191.22it/s, Materializing param=model.layers.4.mlp.down_proj.weight]  Loading weights:  20%|█▉        | 40/201 [00:00<00:00, 3180.21it/s, Materializing param=model.layers.4.mlp.down_proj.weight]Loading weights:  20%|██        | 41/201 [00:00<00:00, 3233.49it/s, Materializing param=model.layers.4.mlp.gate_proj.weight]Loading weights:  20%|██        | 41/201 [00:00<00:00, 3222.76it/s, Materializing param=model.layers.4.mlp.gate_proj.weight]Loading weights:  21%|██        | 42/201 [00:00<00:00, 3175.96it/s, Materializing param=model.layers.4.mlp.up_proj.weight]  Loading weights:  21%|██        | 42/201 [00:00<00:00, 3165.68it/s, Materializing param=model.layers.4.mlp.up_proj.weight]Loading weights:  21%|██▏       | 43/201 [00:00<00:00, 3217.01it/s, Materializing param=model.layers.4.post_attention_layernorm.weight]Loading weights:  21%|██▏       | 43/201 [00:00<00:00, 3206.48it/s, Materializing param=model.layers.4.post_attention_layernorm.weight]Loading weights:  22%|██▏       | 44/201 [00:00<00:00, 3100.21it/s, Materializing param=model.layers.4.self_attn.k_proj.weight]        Loading weights:  22%|██▏       | 44/201 [00:00<00:00, 3090.81it/s, Materializing param=model.layers.4.self_attn.k_proj.weight]Loading weights:  22%|██▏       | 45/201 [00:00<00:00, 3138.82it/s, Materializing param=model.layers.4.self_attn.o_proj.weight]Loading weights:  22%|██▏       | 45/201 [00:00<00:00, 3129.82it/s, Materializing param=model.layers.4.self_attn.o_proj.weight]Loading weights:  23%|██▎       | 46/201 [00:00<00:00, 3177.19it/s, Materializing param=model.layers.4.self_attn.q_proj.weight]Loading weights:  23%|██▎       | 46/201 [00:00<00:00, 3167.75it/s, Materializing param=model.layers.4.self_attn.q_proj.weight]Loading weights:  23%|██▎       | 47/201 [00:00<00:00, 3023.32it/s, Materializing param=model.layers.4.self_attn.v_proj.weight]Loading weights:  23%|██▎       | 47/201 [00:00<00:00, 3012.23it/s, Materializing param=model.layers.4.self_attn.v_proj.weight]Loading weights:  24%|██▍       | 48/201 [00:00<00:00, 3052.44it/s, Materializing param=model.layers.5.input_layernorm.weight] Loading weights:  24%|██▍       | 48/201 [00:00<00:00, 3044.13it/s, Materializing param=model.layers.5.input_layernorm.weight]Loading weights:  24%|██▍       | 49/201 [00:00<00:00, 3087.61it/s, Materializing param=model.layers.5.mlp.down_proj.weight]  Loading weights:  24%|██▍       | 49/201 [00:00<00:00, 3079.33it/s, Materializing param=model.layers.5.mlp.down_proj.weight]Loading weights:  25%|██▍       | 50/201 [00:00<00:00, 3122.25it/s, Materializing param=model.layers.5.mlp.gate_proj.weight]Loading weights:  25%|██▍       | 50/201 [00:00<00:00, 3113.86it/s, Materializing param=model.layers.5.mlp.gate_proj.weight]Loading weights:  25%|██▌       | 51/201 [00:00<00:00, 3156.73it/s, Materializing param=model.layers.5.mlp.up_proj.weight]  Loading weights:  25%|██▌       | 51/201 [00:00<00:00, 3148.27it/s, Materializing param=model.layers.5.mlp.up_proj.weight]Loading weights:  26%|██▌       | 52/201 [00:00<00:00, 3024.14it/s, Materializing param=model.layers.5.post_attention_layernorm.weight]Loading weights:  26%|██▌       | 52/201 [00:00<00:00, 3016.32it/s, Materializing param=model.layers.5.post_attention_layernorm.weight]Loading weights:  26%|██▋       | 53/201 [00:00<00:00, 3056.40it/s, Materializing param=model.layers.5.self_attn.k_proj.weight]        Loading weights:  26%|██▋       | 53/201 [00:00<00:00, 3048.48it/s, Materializing param=model.layers.5.self_attn.k_proj.weight]Loading weights:  27%|██▋       | 54/201 [00:00<00:00, 3087.92it/s, Materializing param=model.layers.5.self_attn.o_proj.weight]Loading weights:  27%|██▋       | 54/201 [00:00<00:00, 3080.15it/s, Materializing param=model.layers.5.self_attn.o_proj.weight]Loading weights:  27%|██▋       | 55/201 [00:00<00:00, 3118.48it/s, Materializing param=model.layers.5.self_attn.q_proj.weight]Loading weights:  27%|██▋       | 55/201 [00:00<00:00, 3110.54it/s, Materializing param=model.layers.5.self_attn.q_proj.weight]Loading weights:  28%|██▊       | 56/201 [00:00<00:00, 3085.47it/s, Materializing param=model.layers.5.self_attn.v_proj.weight]Loading weights:  28%|██▊       | 56/201 [00:00<00:00, 3077.94it/s, Materializing param=model.layers.5.self_attn.v_proj.weight]Loading weights:  28%|██▊       | 57/201 [00:00<00:00, 3115.64it/s, Materializing param=model.layers.6.input_layernorm.weight] Loading weights:  28%|██▊       | 57/201 [00:00<00:00, 3108.27it/s, Materializing param=model.layers.6.input_layernorm.weight]Loading weights:  29%|██▉       | 58/201 [00:00<00:00, 3145.33it/s, Materializing param=model.layers.6.mlp.down_proj.weight]  Loading weights:  29%|██▉       | 58/201 [00:00<00:00, 3138.19it/s, Materializing param=model.layers.6.mlp.down_proj.weight]Loading weights:  29%|██▉       | 59/201 [00:00<00:00, 3044.02it/s, Materializing param=model.layers.6.mlp.gate_proj.weight]Loading weights:  29%|██▉       | 59/201 [00:00<00:00, 3037.00it/s, Materializing param=model.layers.6.mlp.gate_proj.weight]Loading weights:  30%|██▉       | 60/201 [00:00<00:00, 3069.56it/s, Materializing param=model.layers.6.mlp.up_proj.weight]  Loading weights:  30%|██▉       | 60/201 [00:00<00:00, 3060.79it/s, Materializing param=model.layers.6.mlp.up_proj.weight]Loading weights:  30%|███       | 61/201 [00:00<00:00, 3091.43it/s, Materializing param=model.layers.6.post_attention_layernorm.weight]Loading weights:  30%|███       | 61/201 [00:00<00:00, 3083.75it/s, Materializing param=model.layers.6.post_attention_layernorm.weight]Loading weights:  31%|███       | 62/201 [00:00<00:00, 3117.17it/s, Materializing param=model.layers.6.self_attn.k_proj.weight]        Loading weights:  31%|███       | 62/201 [00:00<00:00, 3110.61it/s, Materializing param=model.layers.6.self_attn.k_proj.weight]Loading weights:  31%|███▏      | 63/201 [00:00<00:00, 3144.42it/s, Materializing param=model.layers.6.self_attn.o_proj.weight]Loading weights:  31%|███▏      | 63/201 [00:00<00:00, 3137.85it/s, Materializing param=model.layers.6.self_attn.o_proj.weight]Loading weights:  32%|███▏      | 64/201 [00:00<00:00, 3171.72it/s, Materializing param=model.layers.6.self_attn.q_proj.weight]Loading weights:  32%|███▏      | 64/201 [00:00<00:00, 3164.99it/s, Materializing param=model.layers.6.self_attn.q_proj.weight]Loading weights:  32%|███▏      | 65/201 [00:00<00:00, 3108.24it/s, Materializing param=model.layers.6.self_attn.v_proj.weight]Loading weights:  32%|███▏      | 65/201 [00:00<00:00, 3100.36it/s, Materializing param=model.layers.6.self_attn.v_proj.weight]Loading weights:  33%|███▎      | 66/201 [00:00<00:00, 3036.68it/s, Materializing param=model.layers.7.input_layernorm.weight] Loading weights:  33%|███▎      | 66/201 [00:00<00:00, 2961.79it/s, Materializing param=model.layers.7.input_layernorm.weight]Loading weights:  33%|███▎      | 67/201 [00:00<00:00, 2990.19it/s, Materializing param=model.layers.7.mlp.down_proj.weight]  Loading weights:  33%|███▎      | 67/201 [00:00<00:00, 2984.13it/s, Materializing param=model.layers.7.mlp.down_proj.weight]Loading weights:  34%|███▍      | 68/201 [00:00<00:00, 3014.46it/s, Materializing param=model.layers.7.mlp.gate_proj.weight]Loading weights:  34%|███▍      | 68/201 [00:00<00:00, 3008.64it/s, Materializing param=model.layers.7.mlp.gate_proj.weight]Loading weights:  34%|███▍      | 69/201 [00:00<00:00, 3037.53it/s, Materializing param=model.layers.7.mlp.up_proj.weight]  Loading weights:  34%|███▍      | 69/201 [00:00<00:00, 3031.74it/s, Materializing param=model.layers.7.mlp.up_proj.weight]Loading weights:  35%|███▍      | 70/201 [00:00<00:00, 3061.92it/s, Materializing param=model.layers.7.post_attention_layernorm.weight]Loading weights:  35%|███▍      | 70/201 [00:00<00:00, 3056.02it/s, Materializing param=model.layers.7.post_attention_layernorm.weight]Loading weights:  35%|███▌      | 71/201 [00:00<00:00, 3085.87it/s, Materializing param=model.layers.7.self_attn.k_proj.weight]        Loading weights:  35%|███▌      | 71/201 [00:00<00:00, 3079.96it/s, Materializing param=model.layers.7.self_attn.k_proj.weight]Loading weights:  36%|███▌      | 72/201 [00:00<00:00, 3109.29it/s, Materializing param=model.layers.7.self_attn.o_proj.weight]Loading weights:  36%|███▌      | 72/201 [00:00<00:00, 3103.51it/s, Materializing param=model.layers.7.self_attn.o_proj.weight]Loading weights:  36%|███▋      | 73/201 [00:00<00:00, 3132.99it/s, Materializing param=model.layers.7.self_attn.q_proj.weight]Loading weights:  36%|███▋      | 73/201 [00:00<00:00, 3127.14it/s, Materializing param=model.layers.7.self_attn.q_proj.weight]Loading weights:  37%|███▋      | 74/201 [00:00<00:00, 3155.31it/s, Materializing param=model.layers.7.self_attn.v_proj.weight]Loading weights:  37%|███▋      | 74/201 [00:00<00:00, 3146.80it/s, Materializing param=model.layers.7.self_attn.v_proj.weight]Loading weights:  37%|███▋      | 75/201 [00:00<00:00, 3066.55it/s, Materializing param=model.layers.8.input_layernorm.weight] Loading weights:  37%|███▋      | 75/201 [00:00<00:00, 3060.11it/s, Materializing param=model.layers.8.input_layernorm.weight]Loading weights:  38%|███▊      | 76/201 [00:00<00:00, 3077.73it/s, Materializing param=model.layers.8.mlp.down_proj.weight]  Loading weights:  38%|███▊      | 76/201 [00:00<00:00, 3071.65it/s, Materializing param=model.layers.8.mlp.down_proj.weight]Loading weights:  38%|███▊      | 77/201 [00:00<00:00, 3098.84it/s, Materializing param=model.layers.8.mlp.gate_proj.weight]Loading weights:  38%|███▊      | 77/201 [00:00<00:00, 3093.44it/s, Materializing param=model.layers.8.mlp.gate_proj.weight]Loading weights:  39%|███▉      | 78/201 [00:00<00:00, 3120.82it/s, Materializing param=model.layers.8.mlp.up_proj.weight]  Loading weights:  39%|███▉      | 78/201 [00:00<00:00, 3115.56it/s, Materializing param=model.layers.8.mlp.up_proj.weight]Loading weights:  39%|███▉      | 79/201 [00:00<00:00, 3142.78it/s, Materializing param=model.layers.8.post_attention_layernorm.weight]Loading weights:  39%|███▉      | 79/201 [00:00<00:00, 3137.19it/s, Materializing param=model.layers.8.post_attention_layernorm.weight]Loading weights:  40%|███▉      | 80/201 [00:00<00:00, 3163.96it/s, Materializing param=model.layers.8.self_attn.k_proj.weight]        Loading weights:  40%|███▉      | 80/201 [00:00<00:00, 3158.36it/s, Materializing param=model.layers.8.self_attn.k_proj.weight]Loading weights:  40%|████      | 81/201 [00:00<00:00, 3063.41it/s, Materializing param=model.layers.8.self_attn.o_proj.weight]Loading weights:  40%|████      | 81/201 [00:00<00:00, 3057.65it/s, Materializing param=model.layers.8.self_attn.o_proj.weight]Loading weights:  41%|████      | 82/201 [00:00<00:00, 3083.08it/s, Materializing param=model.layers.8.self_attn.q_proj.weight]Loading weights:  41%|████      | 82/201 [00:00<00:00, 3078.00it/s, Materializing param=model.layers.8.self_attn.q_proj.weight]Loading weights:  41%|████▏     | 83/201 [00:00<00:00, 3103.57it/s, Materializing param=model.layers.8.self_attn.v_proj.weight]Loading weights:  41%|████▏     | 83/201 [00:00<00:00, 3098.40it/s, Materializing param=model.layers.8.self_attn.v_proj.weight]Loading weights:  42%|████▏     | 84/201 [00:00<00:00, 3123.75it/s, Materializing param=model.layers.9.input_layernorm.weight] Loading weights:  42%|████▏     | 84/201 [00:00<00:00, 3118.80it/s, Materializing param=model.layers.9.input_layernorm.weight]Loading weights:  42%|████▏     | 85/201 [00:00<00:00, 3143.96it/s, Materializing param=model.layers.9.mlp.down_proj.weight]  Loading weights:  42%|████▏     | 85/201 [00:00<00:00, 3139.12it/s, Materializing param=model.layers.9.mlp.down_proj.weight]Loading weights:  43%|████▎     | 86/201 [00:00<00:00, 3164.04it/s, Materializing param=model.layers.9.mlp.gate_proj.weight]Loading weights:  43%|████▎     | 86/201 [00:00<00:00, 3159.22it/s, Materializing param=model.layers.9.mlp.gate_proj.weight]Loading weights:  43%|████▎     | 87/201 [00:00<00:00, 3096.16it/s, Materializing param=model.layers.9.mlp.up_proj.weight]  Loading weights:  43%|████▎     | 87/201 [00:00<00:00, 3090.37it/s, Materializing param=model.layers.9.mlp.up_proj.weight]Loading weights:  44%|████▍     | 88/201 [00:00<00:00, 3114.39it/s, Materializing param=model.layers.9.post_attention_layernorm.weight]Loading weights:  44%|████▍     | 88/201 [00:00<00:00, 3109.59it/s, Materializing param=model.layers.9.post_attention_layernorm.weight]Loading weights:  44%|████▍     | 89/201 [00:00<00:00, 3133.60it/s, Materializing param=model.layers.9.self_attn.k_proj.weight]        Loading weights:  44%|████▍     | 89/201 [00:00<00:00, 3128.98it/s, Materializing param=model.layers.9.self_attn.k_proj.weight]Loading weights:  45%|████▍     | 90/201 [00:00<00:00, 3153.01it/s, Materializing param=model.layers.9.self_attn.o_proj.weight]Loading weights:  45%|████▍     | 90/201 [00:00<00:00, 3148.48it/s, Materializing param=model.layers.9.self_attn.o_proj.weight]Loading weights:  45%|████▌     | 91/201 [00:00<00:00, 3165.33it/s, Materializing param=model.layers.9.self_attn.q_proj.weight]Loading weights:  45%|████▌     | 91/201 [00:00<00:00, 3160.03it/s, Materializing param=model.layers.9.self_attn.q_proj.weight]Loading weights:  46%|████▌     | 92/201 [00:00<00:00, 3175.25it/s, Materializing param=model.layers.9.self_attn.v_proj.weight]Loading weights:  46%|████▌     | 92/201 [00:00<00:00, 3169.96it/s, Materializing param=model.layers.9.self_attn.v_proj.weight]Loading weights:  46%|████▋     | 93/201 [00:00<00:00, 3193.03it/s, Materializing param=model.layers.10.input_layernorm.weight]Loading weights:  46%|████▋     | 93/201 [00:00<00:00, 3188.46it/s, Materializing param=model.layers.10.input_layernorm.weight]Loading weights:  47%|████▋     | 94/201 [00:00<00:00, 3211.64it/s, Materializing param=model.layers.10.mlp.down_proj.weight]  Loading weights:  47%|████▋     | 94/201 [00:00<00:00, 3206.78it/s, Materializing param=model.layers.10.mlp.down_proj.weight]Loading weights:  47%|████▋     | 95/201 [00:00<00:00, 3229.63it/s, Materializing param=model.layers.10.mlp.gate_proj.weight]Loading weights:  47%|████▋     | 95/201 [00:00<00:00, 3224.77it/s, Materializing param=model.layers.10.mlp.gate_proj.weight]Loading weights:  48%|████▊     | 96/201 [00:00<00:00, 3247.41it/s, Materializing param=model.layers.10.mlp.up_proj.weight]  Loading weights:  48%|████▊     | 96/201 [00:00<00:00, 3242.68it/s, Materializing param=model.layers.10.mlp.up_proj.weight]Loading weights:  48%|████▊     | 97/201 [00:00<00:00, 3265.20it/s, Materializing param=model.layers.10.post_attention_layernorm.weight]Loading weights:  48%|████▊     | 97/201 [00:00<00:00, 3260.18it/s, Materializing param=model.layers.10.post_attention_layernorm.weight]Loading weights:  49%|████▉     | 98/201 [00:00<00:00, 3282.69it/s, Materializing param=model.layers.10.self_attn.k_proj.weight]        Loading weights:  49%|████▉     | 98/201 [00:00<00:00, 3277.90it/s, Materializing param=model.layers.10.self_attn.k_proj.weight]Loading weights:  49%|████▉     | 99/201 [00:00<00:00, 3299.87it/s, Materializing param=model.layers.10.self_attn.o_proj.weight]Loading weights:  49%|████▉     | 99/201 [00:00<00:00, 3295.16it/s, Materializing param=model.layers.10.self_attn.o_proj.weight]Loading weights:  50%|████▉     | 100/201 [00:00<00:00, 3317.28it/s, Materializing param=model.layers.10.self_attn.q_proj.weight]Loading weights:  50%|████▉     | 100/201 [00:00<00:00, 3312.36it/s, Materializing param=model.layers.10.self_attn.q_proj.weight]Loading weights:  50%|█████     | 101/201 [00:00<00:00, 3334.21it/s, Materializing param=model.layers.10.self_attn.v_proj.weight]Loading weights:  50%|█████     | 101/201 [00:00<00:00, 3329.34it/s, Materializing param=model.layers.10.self_attn.v_proj.weight]Loading weights:  51%|█████     | 102/201 [00:00<00:00, 3350.98it/s, Materializing param=model.layers.11.input_layernorm.weight] Loading weights:  51%|█████     | 102/201 [00:00<00:00, 3346.21it/s, Materializing param=model.layers.11.input_layernorm.weight]Loading weights:  51%|█████     | 103/201 [00:00<00:00, 3295.27it/s, Materializing param=model.layers.11.mlp.down_proj.weight]  Loading weights:  51%|█████     | 103/201 [00:00<00:00, 3290.00it/s, Materializing param=model.layers.11.mlp.down_proj.weight]Loading weights:  52%|█████▏    | 104/201 [00:00<00:00, 2792.85it/s, Materializing param=model.layers.11.mlp.gate_proj.weight]Loading weights:  52%|█████▏    | 104/201 [00:00<00:00, 2786.09it/s, Materializing param=model.layers.11.mlp.gate_proj.weight]Loading weights:  52%|█████▏    | 105/201 [00:00<00:00, 2799.28it/s, Materializing param=model.layers.11.mlp.up_proj.weight]  Loading weights:  52%|█████▏    | 105/201 [00:00<00:00, 2793.51it/s, Materializing param=model.layers.11.mlp.up_proj.weight]Loading weights:  53%|█████▎    | 106/201 [00:00<00:00, 2807.93it/s, Materializing param=model.layers.11.post_attention_layernorm.weight]Loading weights:  53%|█████▎    | 106/201 [00:00<00:00, 2802.32it/s, Materializing param=model.layers.11.post_attention_layernorm.weight]Loading weights:  53%|█████▎    | 107/201 [00:00<00:00, 2805.10it/s, Materializing param=model.layers.11.self_attn.k_proj.weight]        Loading weights:  53%|█████▎    | 107/201 [00:00<00:00, 2799.01it/s, Materializing param=model.layers.11.self_attn.k_proj.weight]Loading weights:  54%|█████▎    | 108/201 [00:00<00:00, 2814.36it/s, Materializing param=model.layers.11.self_attn.o_proj.weight]Loading weights:  54%|█████▎    | 108/201 [00:00<00:00, 2809.38it/s, Materializing param=model.layers.11.self_attn.o_proj.weight]Loading weights:  54%|█████▍    | 109/201 [00:00<00:00, 2825.49it/s, Materializing param=model.layers.11.self_attn.q_proj.weight]Loading weights:  54%|█████▍    | 109/201 [00:00<00:00, 2820.75it/s, Materializing param=model.layers.11.self_attn.q_proj.weight]Loading weights:  55%|█████▍    | 110/201 [00:00<00:00, 2835.40it/s, Materializing param=model.layers.11.self_attn.v_proj.weight]Loading weights:  55%|█████▍    | 110/201 [00:00<00:00, 2829.96it/s, Materializing param=model.layers.11.self_attn.v_proj.weight]Loading weights:  55%|█████▌    | 111/201 [00:00<00:00, 2844.24it/s, Materializing param=model.layers.12.input_layernorm.weight] Loading weights:  55%|█████▌    | 111/201 [00:00<00:00, 2838.95it/s, Materializing param=model.layers.12.input_layernorm.weight]Loading weights:  56%|█████▌    | 112/201 [00:00<00:00, 2836.97it/s, Materializing param=model.layers.12.mlp.down_proj.weight]  Loading weights:  56%|█████▌    | 112/201 [00:00<00:00, 2831.41it/s, Materializing param=model.layers.12.mlp.down_proj.weight]Loading weights:  56%|█████▌    | 113/201 [00:00<00:00, 2846.91it/s, Materializing param=model.layers.12.mlp.gate_proj.weight]Loading weights:  56%|█████▌    | 113/201 [00:00<00:00, 2841.99it/s, Materializing param=model.layers.12.mlp.gate_proj.weight]Loading weights:  57%|█████▋    | 114/201 [00:00<00:00, 2858.03it/s, Materializing param=model.layers.12.mlp.up_proj.weight]  Loading weights:  57%|█████▋    | 114/201 [00:00<00:00, 2853.32it/s, Materializing param=model.layers.12.mlp.up_proj.weight]Loading weights:  57%|█████▋    | 115/201 [00:00<00:00, 2869.39it/s, Materializing param=model.layers.12.post_attention_layernorm.weight]Loading weights:  57%|█████▋    | 115/201 [00:00<00:00, 2864.45it/s, Materializing param=model.layers.12.post_attention_layernorm.weight]Loading weights:  58%|█████▊    | 116/201 [00:00<00:00, 2880.33it/s, Materializing param=model.layers.12.self_attn.k_proj.weight]        Loading weights:  58%|█████▊    | 116/201 [00:00<00:00, 2875.51it/s, Materializing param=model.layers.12.self_attn.k_proj.weight]Loading weights:  58%|█████▊    | 117/201 [00:00<00:00, 2891.45it/s, Materializing param=model.layers.12.self_attn.o_proj.weight]Loading weights:  58%|█████▊    | 117/201 [00:00<00:00, 2886.74it/s, Materializing param=model.layers.12.self_attn.o_proj.weight]Loading weights:  59%|█████▊    | 118/201 [00:00<00:00, 2902.65it/s, Materializing param=model.layers.12.self_attn.q_proj.weight]Loading weights:  59%|█████▊    | 118/201 [00:00<00:00, 2897.87it/s, Materializing param=model.layers.12.self_attn.q_proj.weight]Loading weights:  59%|█████▉    | 119/201 [00:00<00:00, 2913.56it/s, Materializing param=model.layers.12.self_attn.v_proj.weight]Loading weights:  59%|█████▉    | 119/201 [00:00<00:00, 2908.79it/s, Materializing param=model.layers.12.self_attn.v_proj.weight]Loading weights:  60%|█████▉    | 120/201 [00:00<00:00, 2924.41it/s, Materializing param=model.layers.13.input_layernorm.weight] Loading weights:  60%|█████▉    | 120/201 [00:00<00:00, 2919.69it/s, Materializing param=model.layers.13.input_layernorm.weight]Loading weights:  60%|██████    | 121/201 [00:00<00:00, 2935.03it/s, Materializing param=model.layers.13.mlp.down_proj.weight]  Loading weights:  60%|██████    | 121/201 [00:00<00:00, 2930.25it/s, Materializing param=model.layers.13.mlp.down_proj.weight]Loading weights:  61%|██████    | 122/201 [00:00<00:00, 2945.32it/s, Materializing param=model.layers.13.mlp.gate_proj.weight]Loading weights:  61%|██████    | 122/201 [00:00<00:00, 2940.78it/s, Materializing param=model.layers.13.mlp.gate_proj.weight]Loading weights:  61%|██████    | 123/201 [00:00<00:00, 2956.19it/s, Materializing param=model.layers.13.mlp.up_proj.weight]  Loading weights:  61%|██████    | 123/201 [00:00<00:00, 2951.45it/s, Materializing param=model.layers.13.mlp.up_proj.weight]Loading weights:  62%|██████▏   | 124/201 [00:00<00:00, 2966.71it/s, Materializing param=model.layers.13.post_attention_layernorm.weight]Loading weights:  62%|██████▏   | 124/201 [00:00<00:00, 2961.44it/s, Materializing param=model.layers.13.post_attention_layernorm.weight]Loading weights:  62%|██████▏   | 125/201 [00:00<00:00, 2975.66it/s, Materializing param=model.layers.13.self_attn.k_proj.weight]        Loading weights:  62%|██████▏   | 125/201 [00:00<00:00, 2970.89it/s, Materializing param=model.layers.13.self_attn.k_proj.weight]Loading weights:  63%|██████▎   | 126/201 [00:00<00:00, 2985.67it/s, Materializing param=model.layers.13.self_attn.o_proj.weight]Loading weights:  63%|██████▎   | 126/201 [00:00<00:00, 2980.87it/s, Materializing param=model.layers.13.self_attn.o_proj.weight]Loading weights:  63%|██████▎   | 127/201 [00:00<00:00, 2995.61it/s, Materializing param=model.layers.13.self_attn.q_proj.weight]Loading weights:  63%|██████▎   | 127/201 [00:00<00:00, 2990.87it/s, Materializing param=model.layers.13.self_attn.q_proj.weight]Loading weights:  64%|██████▎   | 128/201 [00:00<00:00, 3005.69it/s, Materializing param=model.layers.13.self_attn.v_proj.weight]Loading weights:  64%|██████▎   | 128/201 [00:00<00:00, 3000.89it/s, Materializing param=model.layers.13.self_attn.v_proj.weight]Loading weights:  64%|██████▍   | 129/201 [00:00<00:00, 3015.69it/s, Materializing param=model.layers.14.input_layernorm.weight] Loading weights:  64%|██████▍   | 129/201 [00:00<00:00, 3010.95it/s, Materializing param=model.layers.14.input_layernorm.weight]Loading weights:  65%|██████▍   | 130/201 [00:00<00:00, 3025.50it/s, Materializing param=model.layers.14.mlp.down_proj.weight]  Loading weights:  65%|██████▍   | 130/201 [00:00<00:00, 3020.79it/s, Materializing param=model.layers.14.mlp.down_proj.weight]Loading weights:  65%|██████▌   | 131/201 [00:00<00:00, 3034.97it/s, Materializing param=model.layers.14.mlp.gate_proj.weight]Loading weights:  65%|██████▌   | 131/201 [00:00<00:00, 3030.20it/s, Materializing param=model.layers.14.mlp.gate_proj.weight]Loading weights:  66%|██████▌   | 132/201 [00:00<00:00, 3044.63it/s, Materializing param=model.layers.14.mlp.up_proj.weight]  Loading weights:  66%|██████▌   | 132/201 [00:00<00:00, 3040.09it/s, Materializing param=model.layers.14.mlp.up_proj.weight]Loading weights:  66%|██████▌   | 133/201 [00:00<00:00, 3053.81it/s, Materializing param=model.layers.14.post_attention_layernorm.weight]Loading weights:  66%|██████▌   | 133/201 [00:00<00:00, 3049.09it/s, Materializing param=model.layers.14.post_attention_layernorm.weight]Loading weights:  67%|██████▋   | 134/201 [00:00<00:00, 3063.44it/s, Materializing param=model.layers.14.self_attn.k_proj.weight]        Loading weights:  67%|██████▋   | 134/201 [00:00<00:00, 3058.79it/s, Materializing param=model.layers.14.self_attn.k_proj.weight]Loading weights:  67%|██████▋   | 135/201 [00:00<00:00, 3072.77it/s, Materializing param=model.layers.14.self_attn.o_proj.weight]Loading weights:  67%|██████▋   | 135/201 [00:00<00:00, 3068.35it/s, Materializing param=model.layers.14.self_attn.o_proj.weight]Loading weights:  68%|██████▊   | 136/201 [00:00<00:00, 3082.60it/s, Materializing param=model.layers.14.self_attn.q_proj.weight]Loading weights:  68%|██████▊   | 136/201 [00:00<00:00, 3078.01it/s, Materializing param=model.layers.14.self_attn.q_proj.weight]Loading weights:  68%|██████▊   | 137/201 [00:00<00:00, 3092.25it/s, Materializing param=model.layers.14.self_attn.v_proj.weight]Loading weights:  68%|██████▊   | 137/201 [00:00<00:00, 3087.74it/s, Materializing param=model.layers.14.self_attn.v_proj.weight]Loading weights:  69%|██████▊   | 138/201 [00:00<00:00, 3101.83it/s, Materializing param=model.layers.15.input_layernorm.weight] Loading weights:  69%|██████▊   | 138/201 [00:00<00:00, 3097.33it/s, Materializing param=model.layers.15.input_layernorm.weight]Loading weights:  69%|██████▉   | 139/201 [00:00<00:00, 3111.19it/s, Materializing param=model.layers.15.mlp.down_proj.weight]  Loading weights:  69%|██████▉   | 139/201 [00:00<00:00, 3106.63it/s, Materializing param=model.layers.15.mlp.down_proj.weight]Loading weights:  70%|██████▉   | 140/201 [00:00<00:00, 3120.30it/s, Materializing param=model.layers.15.mlp.gate_proj.weight]Loading weights:  70%|██████▉   | 140/201 [00:00<00:00, 3115.83it/s, Materializing param=model.layers.15.mlp.gate_proj.weight]Loading weights:  70%|███████   | 141/201 [00:00<00:00, 3129.51it/s, Materializing param=model.layers.15.mlp.up_proj.weight]  Loading weights:  70%|███████   | 141/201 [00:00<00:00, 3124.93it/s, Materializing param=model.layers.15.mlp.up_proj.weight]Loading weights:  71%|███████   | 142/201 [00:00<00:00, 3138.52it/s, Materializing param=model.layers.15.post_attention_layernorm.weight]Loading weights:  71%|███████   | 142/201 [00:00<00:00, 3133.92it/s, Materializing param=model.layers.15.post_attention_layernorm.weight]Loading weights:  71%|███████   | 143/201 [00:00<00:00, 3147.54it/s, Materializing param=model.layers.15.self_attn.k_proj.weight]        Loading weights:  71%|███████   | 143/201 [00:00<00:00, 3142.97it/s, Materializing param=model.layers.15.self_attn.k_proj.weight]Loading weights:  72%|███████▏  | 144/201 [00:00<00:00, 3156.30it/s, Materializing param=model.layers.15.self_attn.o_proj.weight]Loading weights:  72%|███████▏  | 144/201 [00:00<00:00, 3151.64it/s, Materializing param=model.layers.15.self_attn.o_proj.weight]Loading weights:  72%|███████▏  | 145/201 [00:00<00:00, 3165.00it/s, Materializing param=model.layers.15.self_attn.q_proj.weight]Loading weights:  72%|███████▏  | 145/201 [00:00<00:00, 3160.48it/s, Materializing param=model.layers.15.self_attn.q_proj.weight]Loading weights:  73%|███████▎  | 146/201 [00:00<00:00, 3173.73it/s, Materializing param=model.layers.15.self_attn.v_proj.weight]Loading weights:  73%|███████▎  | 146/201 [00:00<00:00, 3169.23it/s, Materializing param=model.layers.15.self_attn.v_proj.weight]Loading weights:  73%|███████▎  | 147/201 [00:00<00:00, 3182.46it/s, Materializing param=model.layers.16.input_layernorm.weight] Loading weights:  73%|███████▎  | 147/201 [00:00<00:00, 3177.96it/s, Materializing param=model.layers.16.input_layernorm.weight]Loading weights:  74%|███████▎  | 148/201 [00:00<00:00, 3191.08it/s, Materializing param=model.layers.16.mlp.down_proj.weight]  Loading weights:  74%|███████▎  | 148/201 [00:00<00:00, 3186.72it/s, Materializing param=model.layers.16.mlp.down_proj.weight]Loading weights:  74%|███████▍  | 149/201 [00:00<00:00, 3199.76it/s, Materializing param=model.layers.16.mlp.gate_proj.weight]Loading weights:  74%|███████▍  | 149/201 [00:00<00:00, 3195.24it/s, Materializing param=model.layers.16.mlp.gate_proj.weight]Loading weights:  75%|███████▍  | 150/201 [00:00<00:00, 3208.27it/s, Materializing param=model.layers.16.mlp.up_proj.weight]  Loading weights:  75%|███████▍  | 150/201 [00:00<00:00, 3203.75it/s, Materializing param=model.layers.16.mlp.up_proj.weight]Loading weights:  75%|███████▌  | 151/201 [00:00<00:00, 3216.52it/s, Materializing param=model.layers.16.post_attention_layernorm.weight]Loading weights:  75%|███████▌  | 151/201 [00:00<00:00, 3211.92it/s, Materializing param=model.layers.16.post_attention_layernorm.weight]Loading weights:  76%|███████▌  | 152/201 [00:00<00:00, 3224.76it/s, Materializing param=model.layers.16.self_attn.k_proj.weight]        Loading weights:  76%|███████▌  | 152/201 [00:00<00:00, 3220.16it/s, Materializing param=model.layers.16.self_attn.k_proj.weight]Loading weights:  76%|███████▌  | 153/201 [00:00<00:00, 3232.61it/s, Materializing param=model.layers.16.self_attn.o_proj.weight]Loading weights:  76%|███████▌  | 153/201 [00:00<00:00, 3228.11it/s, Materializing param=model.layers.16.self_attn.o_proj.weight]Loading weights:  77%|███████▋  | 154/201 [00:00<00:00, 3240.10it/s, Materializing param=model.layers.16.self_attn.q_proj.weight]Loading weights:  77%|███████▋  | 154/201 [00:00<00:00, 3235.54it/s, Materializing param=model.layers.16.self_attn.q_proj.weight]Loading weights:  77%|███████▋  | 155/201 [00:00<00:00, 3248.02it/s, Materializing param=model.layers.16.self_attn.v_proj.weight]Loading weights:  77%|███████▋  | 155/201 [00:00<00:00, 3243.58it/s, Materializing param=model.layers.16.self_attn.v_proj.weight]Loading weights:  78%|███████▊  | 156/201 [00:00<00:00, 3256.20it/s, Materializing param=model.layers.17.input_layernorm.weight] Loading weights:  78%|███████▊  | 156/201 [00:00<00:00, 3251.67it/s, Materializing param=model.layers.17.input_layernorm.weight]Loading weights:  78%|███████▊  | 157/201 [00:00<00:00, 3264.24it/s, Materializing param=model.layers.17.mlp.down_proj.weight]  Loading weights:  78%|███████▊  | 157/201 [00:00<00:00, 3259.74it/s, Materializing param=model.layers.17.mlp.down_proj.weight]Loading weights:  79%|███████▊  | 158/201 [00:00<00:00, 3272.16it/s, Materializing param=model.layers.17.mlp.gate_proj.weight]Loading weights:  79%|███████▊  | 158/201 [00:00<00:00, 3267.64it/s, Materializing param=model.layers.17.mlp.gate_proj.weight]Loading weights:  79%|███████▉  | 159/201 [00:00<00:00, 3280.02it/s, Materializing param=model.layers.17.mlp.up_proj.weight]  Loading weights:  79%|███████▉  | 159/201 [00:00<00:00, 3275.51it/s, Materializing param=model.layers.17.mlp.up_proj.weight]Loading weights:  80%|███████▉  | 160/201 [00:00<00:00, 3287.85it/s, Materializing param=model.layers.17.post_attention_layernorm.weight]Loading weights:  80%|███████▉  | 160/201 [00:00<00:00, 3283.24it/s, Materializing param=model.layers.17.post_attention_layernorm.weight]Loading weights:  80%|████████  | 161/201 [00:00<00:00, 3295.48it/s, Materializing param=model.layers.17.self_attn.k_proj.weight]        Loading weights:  80%|████████  | 161/201 [00:00<00:00, 3290.90it/s, Materializing param=model.layers.17.self_attn.k_proj.weight]Loading weights:  81%|████████  | 162/201 [00:00<00:00, 3303.00it/s, Materializing param=model.layers.17.self_attn.o_proj.weight]Loading weights:  81%|████████  | 162/201 [00:00<00:00, 3298.61it/s, Materializing param=model.layers.17.self_attn.o_proj.weight]Loading weights:  81%|████████  | 163/201 [00:00<00:00, 3310.65it/s, Materializing param=model.layers.17.self_attn.q_proj.weight]Loading weights:  81%|████████  | 163/201 [00:00<00:00, 3306.31it/s, Materializing param=model.layers.17.self_attn.q_proj.weight]Loading weights:  82%|████████▏ | 164/201 [00:00<00:00, 3318.52it/s, Materializing param=model.layers.17.self_attn.v_proj.weight]Loading weights:  82%|████████▏ | 164/201 [00:00<00:00, 3314.06it/s, Materializing param=model.layers.17.self_attn.v_proj.weight]Loading weights:  82%|████████▏ | 165/201 [00:00<00:00, 3326.25it/s, Materializing param=model.layers.18.input_layernorm.weight] Loading weights:  82%|████████▏ | 165/201 [00:00<00:00, 3321.83it/s, Materializing param=model.layers.18.input_layernorm.weight]Loading weights:  83%|████████▎ | 166/201 [00:00<00:00, 3333.69it/s, Materializing param=model.layers.18.mlp.down_proj.weight]  Loading weights:  83%|████████▎ | 166/201 [00:00<00:00, 3329.40it/s, Materializing param=model.layers.18.mlp.down_proj.weight]Loading weights:  83%|████████▎ | 167/201 [00:00<00:00, 3341.31it/s, Materializing param=model.layers.18.mlp.gate_proj.weight]Loading weights:  83%|████████▎ | 167/201 [00:00<00:00, 3337.03it/s, Materializing param=model.layers.18.mlp.gate_proj.weight]Loading weights:  84%|████████▎ | 168/201 [00:00<00:00, 3349.03it/s, Materializing param=model.layers.18.mlp.up_proj.weight]  Loading weights:  84%|████████▎ | 168/201 [00:00<00:00, 3344.82it/s, Materializing param=model.layers.18.mlp.up_proj.weight]Loading weights:  84%|████████▍ | 169/201 [00:00<00:00, 3356.46it/s, Materializing param=model.layers.18.post_attention_layernorm.weight]Loading weights:  84%|████████▍ | 169/201 [00:00<00:00, 3351.94it/s, Materializing param=model.layers.18.post_attention_layernorm.weight]Loading weights:  85%|████████▍ | 170/201 [00:00<00:00, 3363.53it/s, Materializing param=model.layers.18.self_attn.k_proj.weight]        Loading weights:  85%|████████▍ | 170/201 [00:00<00:00, 3359.25it/s, Materializing param=model.layers.18.self_attn.k_proj.weight]Loading weights:  85%|████████▌ | 171/201 [00:00<00:00, 3370.88it/s, Materializing param=model.layers.18.self_attn.o_proj.weight]Loading weights:  85%|████████▌ | 171/201 [00:00<00:00, 3366.66it/s, Materializing param=model.layers.18.self_attn.o_proj.weight]Loading weights:  86%|████████▌ | 172/201 [00:00<00:00, 3378.23it/s, Materializing param=model.layers.18.self_attn.q_proj.weight]Loading weights:  86%|████████▌ | 172/201 [00:00<00:00, 3373.93it/s, Materializing param=model.layers.18.self_attn.q_proj.weight]Loading weights:  86%|████████▌ | 173/201 [00:00<00:00, 3385.50it/s, Materializing param=model.layers.18.self_attn.v_proj.weight]Loading weights:  86%|████████▌ | 173/201 [00:00<00:00, 3381.18it/s, Materializing param=model.layers.18.self_attn.v_proj.weight]Loading weights:  87%|████████▋ | 174/201 [00:00<00:00, 3391.73it/s, Materializing param=model.layers.19.input_layernorm.weight] Loading weights:  87%|████████▋ | 174/201 [00:00<00:00, 3387.40it/s, Materializing param=model.layers.19.input_layernorm.weight]Loading weights:  87%|████████▋ | 175/201 [00:00<00:00, 3397.57it/s, Materializing param=model.layers.19.mlp.down_proj.weight]  Loading weights:  87%|████████▋ | 175/201 [00:00<00:00, 3391.88it/s, Materializing param=model.layers.19.mlp.down_proj.weight]Loading weights:  88%|████████▊ | 176/201 [00:00<00:00, 3400.59it/s, Materializing param=model.layers.19.mlp.gate_proj.weight]Loading weights:  88%|████████▊ | 176/201 [00:00<00:00, 3394.87it/s, Materializing param=model.layers.19.mlp.gate_proj.weight]Loading weights:  88%|████████▊ | 177/201 [00:00<00:00, 3403.64it/s, Materializing param=model.layers.19.mlp.up_proj.weight]  Loading weights:  88%|████████▊ | 177/201 [00:00<00:00, 3399.29it/s, Materializing param=model.layers.19.mlp.up_proj.weight]Loading weights:  89%|████████▊ | 178/201 [00:00<00:00, 3410.07it/s, Materializing param=model.layers.19.post_attention_layernorm.weight]Loading weights:  89%|████████▊ | 178/201 [00:00<00:00, 3405.65it/s, Materializing param=model.layers.19.post_attention_layernorm.weight]Loading weights:  89%|████████▉ | 179/201 [00:00<00:00, 3416.54it/s, Materializing param=model.layers.19.self_attn.k_proj.weight]        Loading weights:  89%|████████▉ | 179/201 [00:00<00:00, 3412.02it/s, Materializing param=model.layers.19.self_attn.k_proj.weight]Loading weights:  90%|████████▉ | 180/201 [00:00<00:00, 3422.79it/s, Materializing param=model.layers.19.self_attn.o_proj.weight]Loading weights:  90%|████████▉ | 180/201 [00:00<00:00, 3418.46it/s, Materializing param=model.layers.19.self_attn.o_proj.weight]Loading weights:  90%|█████████ | 181/201 [00:00<00:00, 3429.32it/s, Materializing param=model.layers.19.self_attn.q_proj.weight]Loading weights:  90%|█████████ | 181/201 [00:00<00:00, 3424.99it/s, Materializing param=model.layers.19.self_attn.q_proj.weight]Loading weights:  91%|█████████ | 182/201 [00:00<00:00, 3435.88it/s, Materializing param=model.layers.19.self_attn.v_proj.weight]Loading weights:  91%|█████████ | 182/201 [00:00<00:00, 3431.68it/s, Materializing param=model.layers.19.self_attn.v_proj.weight]Loading weights:  91%|█████████ | 183/201 [00:00<00:00, 3442.64it/s, Materializing param=model.layers.20.input_layernorm.weight] Loading weights:  91%|█████████ | 183/201 [00:00<00:00, 3438.39it/s, Materializing param=model.layers.20.input_layernorm.weight]Loading weights:  92%|█████████▏| 184/201 [00:00<00:00, 3449.19it/s, Materializing param=model.layers.20.mlp.down_proj.weight]  Loading weights:  92%|█████████▏| 184/201 [00:00<00:00, 3444.89it/s, Materializing param=model.layers.20.mlp.down_proj.weight]Loading weights:  92%|█████████▏| 185/201 [00:00<00:00, 3455.70it/s, Materializing param=model.layers.20.mlp.gate_proj.weight]Loading weights:  92%|█████████▏| 185/201 [00:00<00:00, 3451.41it/s, Materializing param=model.layers.20.mlp.gate_proj.weight]Loading weights:  93%|█████████▎| 186/201 [00:00<00:00, 3462.21it/s, Materializing param=model.layers.20.mlp.up_proj.weight]  Loading weights:  93%|█████████▎| 186/201 [00:00<00:00, 3457.86it/s, Materializing param=model.layers.20.mlp.up_proj.weight]Loading weights:  93%|█████████▎| 187/201 [00:00<00:00, 3468.34it/s, Materializing param=model.layers.20.post_attention_layernorm.weight]Loading weights:  93%|█████████▎| 187/201 [00:00<00:00, 3463.96it/s, Materializing param=model.layers.20.post_attention_layernorm.weight]Loading weights:  94%|█████████▎| 188/201 [00:00<00:00, 3474.65it/s, Materializing param=model.layers.20.self_attn.k_proj.weight]        Loading weights:  94%|█████████▎| 188/201 [00:00<00:00, 3470.35it/s, Materializing param=model.layers.20.self_attn.k_proj.weight]Loading weights:  94%|█████████▍| 189/201 [00:00<00:00, 3480.80it/s, Materializing param=model.layers.20.self_attn.o_proj.weight]Loading weights:  94%|█████████▍| 189/201 [00:00<00:00, 3476.61it/s, Materializing param=model.layers.20.self_attn.o_proj.weight]Loading weights:  95%|█████████▍| 190/201 [00:00<00:00, 3487.19it/s, Materializing param=model.layers.20.self_attn.q_proj.weight]Loading weights:  95%|█████████▍| 190/201 [00:00<00:00, 3482.96it/s, Materializing param=model.layers.20.self_attn.q_proj.weight]Loading weights:  95%|█████████▌| 191/201 [00:00<00:00, 3493.39it/s, Materializing param=model.layers.20.self_attn.v_proj.weight]Loading weights:  95%|█████████▌| 191/201 [00:00<00:00, 3489.22it/s, Materializing param=model.layers.20.self_attn.v_proj.weight]Loading weights:  96%|█████████▌| 192/201 [00:00<00:00, 3499.61it/s, Materializing param=model.layers.21.input_layernorm.weight] Loading weights:  96%|█████████▌| 192/201 [00:00<00:00, 3495.48it/s, Materializing param=model.layers.21.input_layernorm.weight]Loading weights:  96%|█████████▌| 193/201 [00:00<00:00, 3505.86it/s, Materializing param=model.layers.21.mlp.down_proj.weight]  Loading weights:  96%|█████████▌| 193/201 [00:00<00:00, 3501.63it/s, Materializing param=model.layers.21.mlp.down_proj.weight]Loading weights:  97%|█████████▋| 194/201 [00:00<00:00, 3511.82it/s, Materializing param=model.layers.21.mlp.gate_proj.weight]Loading weights:  97%|█████████▋| 194/201 [00:00<00:00, 3507.64it/s, Materializing param=model.layers.21.mlp.gate_proj.weight]Loading weights:  97%|█████████▋| 195/201 [00:00<00:00, 3517.91it/s, Materializing param=model.layers.21.mlp.up_proj.weight]  Loading weights:  97%|█████████▋| 195/201 [00:00<00:00, 3512.53it/s, Materializing param=model.layers.21.mlp.up_proj.weight]Loading weights:  98%|█████████▊| 196/201 [00:00<00:00, 3520.20it/s, Materializing param=model.layers.21.post_attention_layernorm.weight]Loading weights:  98%|█████████▊| 196/201 [00:00<00:00, 3514.23it/s, Materializing param=model.layers.21.post_attention_layernorm.weight]Loading weights:  98%|█████████▊| 197/201 [00:00<00:00, 3523.45it/s, Materializing param=model.layers.21.self_attn.k_proj.weight]        Loading weights:  98%|█████████▊| 197/201 [00:00<00:00, 3519.12it/s, Materializing param=model.layers.21.self_attn.k_proj.weight]Loading weights:  99%|█████████▊| 198/201 [00:00<00:00, 3517.40it/s, Materializing param=model.layers.21.self_attn.o_proj.weight]Loading weights:  99%|█████████▊| 198/201 [00:00<00:00, 3513.07it/s, Materializing param=model.layers.21.self_attn.o_proj.weight]Loading weights:  99%|█████████▉| 199/201 [00:00<00:00, 3523.24it/s, Materializing param=model.layers.21.self_attn.q_proj.weight]Loading weights:  99%|█████████▉| 199/201 [00:00<00:00, 3519.36it/s, Materializing param=model.layers.21.self_attn.q_proj.weight]Loading weights: 100%|█████████▉| 200/201 [00:00<00:00, 3530.20it/s, Materializing param=model.layers.21.self_attn.v_proj.weight]Loading weights: 100%|█████████▉| 200/201 [00:00<00:00, 3526.49it/s, Materializing param=model.layers.21.self_attn.v_proj.weight]Loading weights: 100%|██████████| 201/201 [00:00<00:00, 3537.30it/s, Materializing param=model.norm.weight]                      Loading weights: 100%|██████████| 201/201 [00:00<00:00, 3533.65it/s, Materializing param=model.norm.weight]Loading weights: 100%|██████████| 201/201 [00:00<00:00, 3524.17it/s, Materializing param=model.norm.weight]
2026-08-26 06:30:53,792 [INFO] PEFT adapter: 154 LoRA keys left at PEFT init (U-side layers, intentionally not trained); e.g. ['base_model.model.model.layers.0.self_attn.q_proj.lora_A.default.weight', 'base_model.model.model.layers.0.self_attn.q_proj.lora_B.default.weight', 'base_model.model.model.layers.0.self_attn.k_proj.lora_A.default.weight']
2026-08-26 06:30:53,792 [INFO] PEFT adapter state: loaded 154 LoRA tensors (base-weight keys stay at the from_pretrained values, as expected for frozen base)
2026-08-26 06:30:53,850 [INFO] PEFT adapter saved → /root/CipherForge/final-test-data/three-party-rms-pir_20260826-043847/adapter
2026-08-26 06:30:53,856 [INFO] eval: /root/miniconda3/bin/python3.12 -s /root/CipherForge/CipherForge-ClinVar/three_party/coordinator/evaluate_auprc.py --adapter /root/CipherForge/final-test-data/three-party-rms-pir_20260826-043847/adapter --data /root/CipherForge/CipherForge-ClinVar/single_process/data/BioTriplex-21/test.jsonl --out /root/CipherForge/final-test-data/three-party-rms-pir_20260826-043847/logs/biotriplex21_eval.json --task_type biotriplex21 --class_outputs ["a)", "b)", "c)", "d)", "e)", "f)", "g)", "h)", "i)", "j)", "k)", "l)", "m)", "n)", "o)", "p)", "q)", "r)", "s)", "t)", "u)"] --max_seq_length 2048
[eval] device=cuda n=230 task_type=biotriplex21 eval_mode=multiclass adapter=/root/CipherForge/final-test-data/three-party-rms-pir_20260826-043847/adapter
Loading weights:   0%|          | 0/201 [00:00<?, ?it/s]Loading weights:   0%|          | 1/201 [00:00<00:00, 9218.25it/s, Materializing param=lm_head.weight]Loading weights:   0%|          | 1/201 [00:00<00:00, 5289.16it/s, Materializing param=lm_head.weight]Loading weights:   1%|          | 2/201 [00:00<00:00, 6069.90it/s, Materializing param=model.embed_tokens.weight]Loading weights:   1%|          | 2/201 [00:00<00:00, 5322.72it/s, Materializing param=model.embed_tokens.weight]Loading weights:   1%|▏         | 3/201 [00:00<00:00, 6316.72it/s, Materializing param=model.layers.0.input_layernorm.weight]Loading weights:   1%|▏         | 3/201 [00:00<00:00, 5748.25it/s, Materializing param=model.layers.0.input_layernorm.weight]Loading weights:   2%|▏         | 4/201 [00:00<00:00, 6190.85it/s, Materializing param=model.layers.0.mlp.down_proj.weight]  Loading weights:   2%|▏         | 4/201 [00:00<00:00, 5745.62it/s, Materializing param=model.layers.0.mlp.down_proj.weight]Loading weights:   2%|▏         | 5/201 [00:00<00:00, 6239.67it/s, Materializing param=model.layers.0.mlp.gate_proj.weight]Loading weights:   2%|▏         | 5/201 [00:00<00:00, 5899.16it/s, Materializing param=model.layers.0.mlp.gate_proj.weight]Loading weights:   3%|▎         | 6/201 [00:00<00:00, 2758.50it/s, Materializing param=model.layers.0.mlp.up_proj.weight]  Loading weights:   3%|▎         | 6/201 [00:00<00:00, 2697.01it/s, Materializing param=model.layers.0.mlp.up_proj.weight]Loading weights:   3%|▎         | 7/201 [00:00<00:00, 3012.84it/s, Materializing param=model.layers.0.post_attention_layernorm.weight]Loading weights:   3%|▎         | 7/201 [00:00<00:00, 2954.33it/s, Materializing param=model.layers.0.post_attention_layernorm.weight]Loading weights:   4%|▍         | 8/201 [00:00<00:00, 3253.61it/s, Materializing param=model.layers.0.self_attn.k_proj.weight]        Loading weights:   4%|▍         | 8/201 [00:00<00:00, 3195.96it/s, Materializing param=model.layers.0.self_attn.k_proj.weight]Loading weights:   4%|▍         | 9/201 [00:00<00:00, 3307.23it/s, Materializing param=model.layers.0.self_attn.o_proj.weight]Loading weights:   4%|▍         | 9/201 [00:00<00:00, 3256.45it/s, Materializing param=model.layers.0.self_attn.o_proj.weight]Loading weights:   5%|▍         | 10/201 [00:00<00:00, 3494.67it/s, Materializing param=model.layers.0.self_attn.q_proj.weight]Loading weights:   5%|▍         | 10/201 [00:00<00:00, 3442.75it/s, Materializing param=model.layers.0.self_attn.q_proj.weight]Loading weights:   5%|▌         | 11/201 [00:00<00:00, 3644.05it/s, Materializing param=model.layers.0.self_attn.v_proj.weight]Loading weights:   5%|▌         | 11/201 [00:00<00:00, 3593.25it/s, Materializing param=model.layers.0.self_attn.v_proj.weight]Loading weights:   6%|▌         | 12/201 [00:00<00:00, 3800.34it/s, Materializing param=model.layers.1.input_layernorm.weight] Loading weights:   6%|▌         | 12/201 [00:00<00:00, 3749.10it/s, Materializing param=model.layers.1.input_layernorm.weight]Loading weights:   6%|▋         | 13/201 [00:00<00:00, 3866.27it/s, Materializing param=model.layers.1.mlp.down_proj.weight]  Loading weights:   6%|▋         | 13/201 [00:00<00:00, 3817.54it/s, Materializing param=model.layers.1.mlp.down_proj.weight]Loading weights:   7%|▋         | 14/201 [00:00<00:00, 3997.29it/s, Materializing param=model.layers.1.mlp.gate_proj.weight]Loading weights:   7%|▋         | 14/201 [00:00<00:00, 3947.85it/s, Materializing param=model.layers.1.mlp.gate_proj.weight]Loading weights:   7%|▋         | 15/201 [00:00<00:00, 4099.74it/s, Materializing param=model.layers.1.mlp.up_proj.weight]  Loading weights:   7%|▋         | 15/201 [00:00<00:00, 4053.51it/s, Materializing param=model.layers.1.mlp.up_proj.weight]Loading weights:   8%|▊         | 16/201 [00:00<00:00, 4097.00it/s, Materializing param=model.layers.1.post_attention_layernorm.weight]Loading weights:   8%|▊         | 16/201 [00:00<00:00, 4051.73it/s, Materializing param=model.layers.1.post_attention_layernorm.weight]Loading weights:   8%|▊         | 17/201 [00:00<00:00, 4205.93it/s, Materializing param=model.layers.1.self_attn.k_proj.weight]        Loading weights:   8%|▊         | 17/201 [00:00<00:00, 4161.50it/s, Materializing param=model.layers.1.self_attn.k_proj.weight]Loading weights:   9%|▉         | 18/201 [00:00<00:00, 4287.92it/s, Materializing param=model.layers.1.self_attn.o_proj.weight]Loading weights:   9%|▉         | 18/201 [00:00<00:00, 4246.68it/s, Materializing param=model.layers.1.self_attn.o_proj.weight]Loading weights:   9%|▉         | 19/201 [00:00<00:00, 4310.23it/s, Materializing param=model.layers.1.self_attn.q_proj.weight]Loading weights:   9%|▉         | 19/201 [00:00<00:00, 4270.27it/s, Materializing param=model.layers.1.self_attn.q_proj.weight]Loading weights:  10%|▉         | 20/201 [00:00<00:00, 4419.48it/s, Materializing param=model.layers.1.self_attn.v_proj.weight]Loading weights:  10%|▉         | 20/201 [00:00<00:00, 4380.93it/s, Materializing param=model.layers.1.self_attn.v_proj.weight]Loading weights:  10%|█         | 21/201 [00:00<00:00, 4524.13it/s, Materializing param=model.layers.2.input_layernorm.weight] Loading weights:  10%|█         | 21/201 [00:00<00:00, 4485.43it/s, Materializing param=model.layers.2.input_layernorm.weight]Loading weights:  11%|█         | 22/201 [00:00<00:00, 4569.18it/s, Materializing param=model.layers.2.mlp.down_proj.weight]  Loading weights:  11%|█         | 22/201 [00:00<00:00, 4531.27it/s, Materializing param=model.layers.2.mlp.down_proj.weight]Loading weights:  11%|█▏        | 23/201 [00:00<00:00, 4649.11it/s, Materializing param=model.layers.2.mlp.gate_proj.weight]Loading weights:  11%|█▏        | 23/201 [00:00<00:00, 4610.45it/s, Materializing param=model.layers.2.mlp.gate_proj.weight]Loading weights:  12%|█▏        | 24/201 [00:00<00:00, 4181.06it/s, Materializing param=model.layers.2.mlp.up_proj.weight]  Loading weights:  12%|█▏        | 24/201 [00:00<00:00, 4150.04it/s, Materializing param=model.layers.2.mlp.up_proj.weight]Loading weights:  12%|█▏        | 25/201 [00:00<00:00, 4043.25it/s, Materializing param=model.layers.2.post_attention_layernorm.weight]Loading weights:  12%|█▏        | 25/201 [00:00<00:00, 4013.69it/s, Materializing param=model.layers.2.post_attention_layernorm.weight]Loading weights:  13%|█▎        | 26/201 [00:00<00:00, 4111.44it/s, Materializing param=model.layers.2.self_attn.k_proj.weight]        Loading weights:  13%|█▎        | 26/201 [00:00<00:00, 4082.81it/s, Materializing param=model.layers.2.self_attn.k_proj.weight]Loading weights:  13%|█▎        | 27/201 [00:00<00:00, 4166.22it/s, Materializing param=model.layers.2.self_attn.o_proj.weight]Loading weights:  13%|█▎        | 27/201 [00:00<00:00, 4138.06it/s, Materializing param=model.layers.2.self_attn.o_proj.weight]Loading weights:  14%|█▍        | 28/201 [00:00<00:00, 4088.16it/s, Materializing param=model.layers.2.self_attn.q_proj.weight]Loading weights:  14%|█▍        | 28/201 [00:00<00:00, 4062.00it/s, Materializing param=model.layers.2.self_attn.q_proj.weight]Loading weights:  14%|█▍        | 29/201 [00:00<00:00, 4148.39it/s, Materializing param=model.layers.2.self_attn.v_proj.weight]Loading weights:  14%|█▍        | 29/201 [00:00<00:00, 4121.40it/s, Materializing param=model.layers.2.self_attn.v_proj.weight]Loading weights:  15%|█▍        | 30/201 [00:00<00:00, 4181.48it/s, Materializing param=model.layers.3.input_layernorm.weight] Loading weights:  15%|█▍        | 30/201 [00:00<00:00, 4156.48it/s, Materializing param=model.layers.3.input_layernorm.weight]Loading weights:  15%|█▌        | 31/201 [00:00<00:00, 4238.74it/s, Materializing param=model.layers.3.mlp.down_proj.weight]  Loading weights:  15%|█▌        | 31/201 [00:00<00:00, 4214.56it/s, Materializing param=model.layers.3.mlp.down_proj.weight]Loading weights:  16%|█▌        | 32/201 [00:00<00:00, 4285.23it/s, Materializing param=model.layers.3.mlp.gate_proj.weight]Loading weights:  16%|█▌        | 32/201 [00:00<00:00, 4261.42it/s, Materializing param=model.layers.3.mlp.gate_proj.weight]Loading weights:  16%|█▋        | 33/201 [00:00<00:00, 4302.65it/s, Materializing param=model.layers.3.mlp.up_proj.weight]  Loading weights:  16%|█▋        | 33/201 [00:00<00:00, 4278.71it/s, Materializing param=model.layers.3.mlp.up_proj.weight]Loading weights:  17%|█▋        | 34/201 [00:00<00:00, 4354.52it/s, Materializing param=model.layers.3.post_attention_layernorm.weight]Loading weights:  17%|█▋        | 34/201 [00:00<00:00, 4328.09it/s, Materializing param=model.layers.3.post_attention_layernorm.weight]Loading weights:  17%|█▋        | 35/201 [00:00<00:00, 4392.07it/s, Materializing param=model.layers.3.self_attn.k_proj.weight]        Loading weights:  17%|█▋        | 35/201 [00:00<00:00, 4368.55it/s, Materializing param=model.layers.3.self_attn.k_proj.weight]Loading weights:  18%|█▊        | 36/201 [00:00<00:00, 4439.07it/s, Materializing param=model.layers.3.self_attn.o_proj.weight]Loading weights:  18%|█▊        | 36/201 [00:00<00:00, 4415.83it/s, Materializing param=model.layers.3.self_attn.o_proj.weight]Loading weights:  18%|█▊        | 37/201 [00:00<00:00, 4039.70it/s, Materializing param=model.layers.3.self_attn.q_proj.weight]Loading weights:  18%|█▊        | 37/201 [00:00<00:00, 4020.66it/s, Materializing param=model.layers.3.self_attn.q_proj.weight]Loading weights:  19%|█▉        | 38/201 [00:00<00:00, 4087.49it/s, Materializing param=model.layers.3.self_attn.v_proj.weight]Loading weights:  19%|█▉        | 38/201 [00:00<00:00, 4068.61it/s, Materializing param=model.layers.3.self_attn.v_proj.weight]Loading weights:  19%|█▉        | 39/201 [00:00<00:00, 4124.71it/s, Materializing param=model.layers.4.input_layernorm.weight] Loading weights:  19%|█▉        | 39/201 [00:00<00:00, 4103.40it/s, Materializing param=model.layers.4.input_layernorm.weight]Loading weights:  20%|█▉        | 40/201 [00:00<00:00, 4164.01it/s, Materializing param=model.layers.4.mlp.down_proj.weight]  Loading weights:  20%|█▉        | 40/201 [00:00<00:00, 4143.75it/s, Materializing param=model.layers.4.mlp.down_proj.weight]Loading weights:  20%|██        | 41/201 [00:00<00:00, 4206.51it/s, Materializing param=model.layers.4.mlp.gate_proj.weight]Loading weights:  20%|██        | 41/201 [00:00<00:00, 4186.34it/s, Materializing param=model.layers.4.mlp.gate_proj.weight]Loading weights:  21%|██        | 42/201 [00:00<00:00, 4228.74it/s, Materializing param=model.layers.4.mlp.up_proj.weight]  Loading weights:  21%|██        | 42/201 [00:00<00:00, 4210.34it/s, Materializing param=model.layers.4.mlp.up_proj.weight]Loading weights:  21%|██▏       | 43/201 [00:00<00:00, 4270.17it/s, Materializing param=model.layers.4.post_attention_layernorm.weight]Loading weights:  21%|██▏       | 43/201 [00:00<00:00, 4251.65it/s, Materializing param=model.layers.4.post_attention_layernorm.weight]Loading weights:  22%|██▏       | 44/201 [00:00<00:00, 4243.00it/s, Materializing param=model.layers.4.self_attn.k_proj.weight]        Loading weights:  22%|██▏       | 44/201 [00:00<00:00, 4224.64it/s, Materializing param=model.layers.4.self_attn.k_proj.weight]Loading weights:  22%|██▏       | 45/201 [00:00<00:00, 4242.00it/s, Materializing param=model.layers.4.self_attn.o_proj.weight]Loading weights:  22%|██▏       | 45/201 [00:00<00:00, 4224.06it/s, Materializing param=model.layers.4.self_attn.o_proj.weight]Loading weights:  23%|██▎       | 46/201 [00:00<00:00, 4281.61it/s, Materializing param=model.layers.4.self_attn.q_proj.weight]Loading weights:  23%|██▎       | 46/201 [00:00<00:00, 4264.48it/s, Materializing param=model.layers.4.self_attn.q_proj.weight]Loading weights:  23%|██▎       | 47/201 [00:00<00:00, 4167.00it/s, Materializing param=model.layers.4.self_attn.v_proj.weight]Loading weights:  23%|██▎       | 47/201 [00:00<00:00, 4150.68it/s, Materializing param=model.layers.4.self_attn.v_proj.weight]Loading weights:  24%|██▍       | 48/201 [00:00<00:00, 4202.01it/s, Materializing param=model.layers.5.input_layernorm.weight] Loading weights:  24%|██▍       | 48/201 [00:00<00:00, 4186.02it/s, Materializing param=model.layers.5.input_layernorm.weight]Loading weights:  24%|██▍       | 49/201 [00:00<00:00, 4221.27it/s, Materializing param=model.layers.5.mlp.down_proj.weight]  Loading weights:  24%|██▍       | 49/201 [00:00<00:00, 4206.06it/s, Materializing param=model.layers.5.mlp.down_proj.weight]Loading weights:  25%|██▍       | 50/201 [00:00<00:00, 4256.02it/s, Materializing param=model.layers.5.mlp.gate_proj.weight]Loading weights:  25%|██▍       | 50/201 [00:00<00:00, 4239.07it/s, Materializing param=model.layers.5.mlp.gate_proj.weight]Loading weights:  25%|██▌       | 51/201 [00:00<00:00, 4071.75it/s, Materializing param=model.layers.5.mlp.up_proj.weight]  Loading weights:  25%|██▌       | 51/201 [00:00<00:00, 4057.85it/s, Materializing param=model.layers.5.mlp.up_proj.weight]Loading weights:  26%|██▌       | 52/201 [00:00<00:00, 4105.17it/s, Materializing param=model.layers.5.post_attention_layernorm.weight]Loading weights:  26%|██▌       | 52/201 [00:00<00:00, 4090.85it/s, Materializing param=model.layers.5.post_attention_layernorm.weight]Loading weights:  26%|██▋       | 53/201 [00:00<00:00, 4131.70it/s, Materializing param=model.layers.5.self_attn.k_proj.weight]        Loading weights:  26%|██▋       | 53/201 [00:00<00:00, 4118.16it/s, Materializing param=model.layers.5.self_attn.k_proj.weight]Loading weights:  27%|██▋       | 54/201 [00:00<00:00, 4157.35it/s, Materializing param=model.layers.5.self_attn.o_proj.weight]Loading weights:  27%|██▋       | 54/201 [00:00<00:00, 4144.27it/s, Materializing param=model.layers.5.self_attn.o_proj.weight]Loading weights:  27%|██▋       | 55/201 [00:00<00:00, 4195.37it/s, Materializing param=model.layers.5.self_attn.q_proj.weight]Loading weights:  27%|██▋       | 55/201 [00:00<00:00, 4182.37it/s, Materializing param=model.layers.5.self_attn.q_proj.weight]Loading weights:  28%|██▊       | 56/201 [00:00<00:00, 4182.21it/s, Materializing param=model.layers.5.self_attn.v_proj.weight]Loading weights:  28%|██▊       | 56/201 [00:00<00:00, 4168.99it/s, Materializing param=model.layers.5.self_attn.v_proj.weight]Loading weights:  28%|██▊       | 57/201 [00:00<00:00, 4197.32it/s, Materializing param=model.layers.6.input_layernorm.weight] Loading weights:  28%|██▊       | 57/201 [00:00<00:00, 4184.17it/s, Materializing param=model.layers.6.input_layernorm.weight]Loading weights:  29%|██▉       | 58/201 [00:00<00:00, 4226.59it/s, Materializing param=model.layers.6.mlp.down_proj.weight]  Loading weights:  29%|██▉       | 58/201 [00:00<00:00, 4213.85it/s, Materializing param=model.layers.6.mlp.down_proj.weight]Loading weights:  29%|██▉       | 59/201 [00:00<00:00, 3900.82it/s, Materializing param=model.layers.6.mlp.gate_proj.weight]Loading weights:  29%|██▉       | 59/201 [00:00<00:00, 3889.47it/s, Materializing param=model.layers.6.mlp.gate_proj.weight]Loading weights:  30%|██▉       | 60/201 [00:00<00:00, 3841.76it/s, Materializing param=model.layers.6.mlp.up_proj.weight]  Loading weights:  30%|██▉       | 60/201 [00:00<00:00, 3776.89it/s, Materializing param=model.layers.6.mlp.up_proj.weight]Loading weights:  30%|███       | 61/201 [00:00<00:00, 3713.39it/s, Materializing param=model.layers.6.post_attention_layernorm.weight]Loading weights:  30%|███       | 61/201 [00:00<00:00, 3701.52it/s, Materializing param=model.layers.6.post_attention_layernorm.weight]Loading weights:  31%|███       | 62/201 [00:00<00:00, 3231.36it/s, Materializing param=model.layers.6.self_attn.k_proj.weight]        Loading weights:  31%|███       | 62/201 [00:00<00:00, 3206.93it/s, Materializing param=model.layers.6.self_attn.k_proj.weight]Loading weights:  31%|███▏      | 63/201 [00:00<00:00, 3215.32it/s, Materializing param=model.layers.6.self_attn.o_proj.weight]Loading weights:  31%|███▏      | 63/201 [00:00<00:00, 3204.98it/s, Materializing param=model.layers.6.self_attn.o_proj.weight]Loading weights:  32%|███▏      | 64/201 [00:00<00:00, 3175.47it/s, Materializing param=model.layers.6.self_attn.q_proj.weight]Loading weights:  32%|███▏      | 64/201 [00:00<00:00, 3165.51it/s, Materializing param=model.layers.6.self_attn.q_proj.weight]Loading weights:  32%|███▏      | 65/201 [00:00<00:00, 3146.01it/s, Materializing param=model.layers.6.self_attn.v_proj.weight]Loading weights:  32%|███▏      | 65/201 [00:00<00:00, 3137.17it/s, Materializing param=model.layers.6.self_attn.v_proj.weight]Loading weights:  33%|███▎      | 66/201 [00:00<00:00, 3166.71it/s, Materializing param=model.layers.7.input_layernorm.weight] Loading weights:  33%|███▎      | 66/201 [00:00<00:00, 3158.51it/s, Materializing param=model.layers.7.input_layernorm.weight]Loading weights:  33%|███▎      | 67/201 [00:00<00:00, 3184.27it/s, Materializing param=model.layers.7.mlp.down_proj.weight]  Loading weights:  33%|███▎      | 67/201 [00:00<00:00, 3175.56it/s, Materializing param=model.layers.7.mlp.down_proj.weight]Loading weights:  34%|███▍      | 68/201 [00:00<00:00, 3156.86it/s, Materializing param=model.layers.7.mlp.gate_proj.weight]Loading weights:  34%|███▍      | 68/201 [00:00<00:00, 3149.26it/s, Materializing param=model.layers.7.mlp.gate_proj.weight]Loading weights:  34%|███▍      | 69/201 [00:00<00:00, 3178.10it/s, Materializing param=model.layers.7.mlp.up_proj.weight]  Loading weights:  34%|███▍      | 69/201 [00:00<00:00, 3170.82it/s, Materializing param=model.layers.7.mlp.up_proj.weight]Loading weights:  35%|███▍      | 70/201 [00:00<00:00, 3158.06it/s, Materializing param=model.layers.7.post_attention_layernorm.weight]Loading weights:  35%|███▍      | 70/201 [00:00<00:00, 3150.36it/s, Materializing param=model.layers.7.post_attention_layernorm.weight]Loading weights:  35%|███▌      | 71/201 [00:00<00:00, 3178.59it/s, Materializing param=model.layers.7.self_attn.k_proj.weight]        Loading weights:  35%|███▌      | 71/201 [00:00<00:00, 3171.31it/s, Materializing param=model.layers.7.self_attn.k_proj.weight]Loading weights:  36%|███▌      | 72/201 [00:00<00:00, 3199.05it/s, Materializing param=model.layers.7.self_attn.o_proj.weight]Loading weights:  36%|███▌      | 72/201 [00:00<00:00, 3192.11it/s, Materializing param=model.layers.7.self_attn.o_proj.weight]Loading weights:  36%|███▋      | 73/201 [00:00<00:00, 3219.57it/s, Materializing param=model.layers.7.self_attn.q_proj.weight]Loading weights:  36%|███▋      | 73/201 [00:00<00:00, 3212.74it/s, Materializing param=model.layers.7.self_attn.q_proj.weight]Loading weights:  37%|███▋      | 74/201 [00:00<00:00, 3198.56it/s, Materializing param=model.layers.7.self_attn.v_proj.weight]Loading weights:  37%|███▋      | 74/201 [00:00<00:00, 3191.82it/s, Materializing param=model.layers.7.self_attn.v_proj.weight]Loading weights:  37%|███▋      | 75/201 [00:00<00:00, 3221.50it/s, Materializing param=model.layers.8.input_layernorm.weight] Loading weights:  37%|███▋      | 75/201 [00:00<00:00, 3215.11it/s, Materializing param=model.layers.8.input_layernorm.weight]Loading weights:  38%|███▊      | 76/201 [00:00<00:00, 3244.18it/s, Materializing param=model.layers.8.mlp.down_proj.weight]  Loading weights:  38%|███▊      | 76/201 [00:00<00:00, 3237.96it/s, Materializing param=model.layers.8.mlp.down_proj.weight]Loading weights:  38%|███▊      | 77/201 [00:00<00:00, 3252.81it/s, Materializing param=model.layers.8.mlp.gate_proj.weight]Loading weights:  38%|███▊      | 77/201 [00:00<00:00, 3246.20it/s, Materializing param=model.layers.8.mlp.gate_proj.weight]Loading weights:  39%|███▉      | 78/201 [00:00<00:00, 3273.06it/s, Materializing param=model.layers.8.mlp.up_proj.weight]  Loading weights:  39%|███▉      | 78/201 [00:00<00:00, 3266.07it/s, Materializing param=model.layers.8.mlp.up_proj.weight]Loading weights:  39%|███▉      | 79/201 [00:00<00:00, 3290.11it/s, Materializing param=model.layers.8.post_attention_layernorm.weight]Loading weights:  39%|███▉      | 79/201 [00:00<00:00, 3283.36it/s, Materializing param=model.layers.8.post_attention_layernorm.weight]Loading weights:  40%|███▉      | 80/201 [00:00<00:00, 3309.54it/s, Materializing param=model.layers.8.self_attn.k_proj.weight]        Loading weights:  40%|███▉      | 80/201 [00:00<00:00, 3303.15it/s, Materializing param=model.layers.8.self_attn.k_proj.weight]Loading weights:  40%|████      | 81/201 [00:00<00:00, 3320.52it/s, Materializing param=model.layers.8.self_attn.o_proj.weight]Loading weights:  40%|████      | 81/201 [00:00<00:00, 3314.20it/s, Materializing param=model.layers.8.self_attn.o_proj.weight]Loading weights:  41%|████      | 82/201 [00:00<00:00, 3340.16it/s, Materializing param=model.layers.8.self_attn.q_proj.weight]Loading weights:  41%|████      | 82/201 [00:00<00:00, 3334.27it/s, Materializing param=model.layers.8.self_attn.q_proj.weight]Loading weights:  41%|████▏     | 83/201 [00:00<00:00, 3357.87it/s, Materializing param=model.layers.8.self_attn.v_proj.weight]Loading weights:  41%|████▏     | 83/201 [00:00<00:00, 3351.47it/s, Materializing param=model.layers.8.self_attn.v_proj.weight]Loading weights:  42%|████▏     | 84/201 [00:00<00:00, 3376.77it/s, Materializing param=model.layers.9.input_layernorm.weight] Loading weights:  42%|████▏     | 84/201 [00:00<00:00, 3370.40it/s, Materializing param=model.layers.9.input_layernorm.weight]Loading weights:  42%|████▏     | 85/201 [00:00<00:00, 3377.76it/s, Materializing param=model.layers.9.mlp.down_proj.weight]  Loading weights:  42%|████▏     | 85/201 [00:00<00:00, 3371.53it/s, Materializing param=model.layers.9.mlp.down_proj.weight]Loading weights:  43%|████▎     | 86/201 [00:00<00:00, 3396.45it/s, Materializing param=model.layers.9.mlp.gate_proj.weight]Loading weights:  43%|████▎     | 86/201 [00:00<00:00, 3390.23it/s, Materializing param=model.layers.9.mlp.gate_proj.weight]Loading weights:  43%|████▎     | 87/201 [00:00<00:00, 3391.46it/s, Materializing param=model.layers.9.mlp.up_proj.weight]  Loading weights:  43%|████▎     | 87/201 [00:00<00:00, 3385.61it/s, Materializing param=model.layers.9.mlp.up_proj.weight]Loading weights:  44%|████▍     | 88/201 [00:00<00:00, 3410.66it/s, Materializing param=model.layers.9.post_attention_layernorm.weight]Loading weights:  44%|████▍     | 88/201 [00:00<00:00, 3404.88it/s, Materializing param=model.layers.9.post_attention_layernorm.weight]Loading weights:  44%|████▍     | 89/201 [00:00<00:00, 3426.94it/s, Materializing param=model.layers.9.self_attn.k_proj.weight]        Loading weights:  44%|████▍     | 89/201 [00:00<00:00, 3421.07it/s, Materializing param=model.layers.9.self_attn.k_proj.weight]Loading weights:  45%|████▍     | 90/201 [00:00<00:00, 3445.49it/s, Materializing param=model.layers.9.self_attn.o_proj.weight]Loading weights:  45%|████▍     | 90/201 [00:00<00:00, 3439.40it/s, Materializing param=model.layers.9.self_attn.o_proj.weight]Loading weights:  45%|████▌     | 91/201 [00:00<00:00, 3460.77it/s, Materializing param=model.layers.9.self_attn.q_proj.weight]Loading weights:  45%|████▌     | 91/201 [00:00<00:00, 3454.73it/s, Materializing param=model.layers.9.self_attn.q_proj.weight]Loading weights:  46%|████▌     | 92/201 [00:00<00:00, 3469.61it/s, Materializing param=model.layers.9.self_attn.v_proj.weight]Loading weights:  46%|████▌     | 92/201 [00:00<00:00, 3462.70it/s, Materializing param=model.layers.9.self_attn.v_proj.weight]Loading weights:  46%|████▋     | 93/201 [00:00<00:00, 3486.23it/s, Materializing param=model.layers.10.input_layernorm.weight]Loading weights:  46%|████▋     | 93/201 [00:00<00:00, 3480.28it/s, Materializing param=model.layers.10.input_layernorm.weight]Loading weights:  47%|████▋     | 94/201 [00:00<00:00, 3497.18it/s, Materializing param=model.layers.10.mlp.down_proj.weight]  Loading weights:  47%|████▋     | 94/201 [00:00<00:00, 3491.54it/s, Materializing param=model.layers.10.mlp.down_proj.weight]Loading weights:  47%|████▋     | 95/201 [00:00<00:00, 3514.77it/s, Materializing param=model.layers.10.mlp.gate_proj.weight]Loading weights:  47%|████▋     | 95/201 [00:00<00:00, 3509.20it/s, Materializing param=model.layers.10.mlp.gate_proj.weight]Loading weights:  48%|████▊     | 96/201 [00:00<00:00, 3530.74it/s, Materializing param=model.layers.10.mlp.up_proj.weight]  Loading weights:  48%|████▊     | 96/201 [00:00<00:00, 3524.78it/s, Materializing param=model.layers.10.mlp.up_proj.weight]Loading weights:  48%|████▊     | 97/201 [00:00<00:00, 3540.21it/s, Materializing param=model.layers.10.post_attention_layernorm.weight]Loading weights:  48%|████▊     | 97/201 [00:00<00:00, 3534.21it/s, Materializing param=model.layers.10.post_attention_layernorm.weight]Loading weights:  49%|████▉     | 98/201 [00:00<00:00, 3543.04it/s, Materializing param=model.layers.10.self_attn.k_proj.weight]        Loading weights:  49%|████▉     | 98/201 [00:00<00:00, 3537.58it/s, Materializing param=model.layers.10.self_attn.k_proj.weight]Loading weights:  49%|████▉     | 99/201 [00:00<00:00, 3473.82it/s, Materializing param=model.layers.10.self_attn.o_proj.weight]Loading weights:  49%|████▉     | 99/201 [00:00<00:00, 3468.13it/s, Materializing param=model.layers.10.self_attn.o_proj.weight]Loading weights:  50%|████▉     | 100/201 [00:00<00:00, 3466.94it/s, Materializing param=model.layers.10.self_attn.q_proj.weight]Loading weights:  50%|████▉     | 100/201 [00:00<00:00, 3461.48it/s, Materializing param=model.layers.10.self_attn.q_proj.weight]Loading weights:  50%|█████     | 101/201 [00:00<00:00, 3483.73it/s, Materializing param=model.layers.10.self_attn.v_proj.weight]Loading weights:  50%|█████     | 101/201 [00:00<00:00, 3478.35it/s, Materializing param=model.layers.10.self_attn.v_proj.weight]Loading weights:  51%|█████     | 102/201 [00:00<00:00, 3498.91it/s, Materializing param=model.layers.11.input_layernorm.weight] Loading weights:  51%|█████     | 102/201 [00:00<00:00, 3493.57it/s, Materializing param=model.layers.11.input_layernorm.weight]Loading weights:  51%|█████     | 103/201 [00:00<00:00, 3510.13it/s, Materializing param=model.layers.11.mlp.down_proj.weight]  Loading weights:  51%|█████     | 103/201 [00:00<00:00, 3504.95it/s, Materializing param=model.layers.11.mlp.down_proj.weight]Loading weights:  52%|█████▏    | 104/201 [00:00<00:00, 3524.63it/s, Materializing param=model.layers.11.mlp.gate_proj.weight]Loading weights:  52%|█████▏    | 104/201 [00:00<00:00, 3519.62it/s, Materializing param=model.layers.11.mlp.gate_proj.weight]Loading weights:  52%|█████▏    | 105/201 [00:00<00:00, 3523.24it/s, Materializing param=model.layers.11.mlp.up_proj.weight]  Loading weights:  52%|█████▏    | 105/201 [00:00<00:00, 3517.90it/s, Materializing param=model.layers.11.mlp.up_proj.weight]Loading weights:  53%|█████▎    | 106/201 [00:00<00:00, 3527.95it/s, Materializing param=model.layers.11.post_attention_layernorm.weight]Loading weights:  53%|█████▎    | 106/201 [00:00<00:00, 3522.67it/s, Materializing param=model.layers.11.post_attention_layernorm.weight]Loading weights:  53%|█████▎    | 107/201 [00:00<00:00, 3530.73it/s, Materializing param=model.layers.11.self_attn.k_proj.weight]        Loading weights:  53%|█████▎    | 107/201 [00:00<00:00, 3525.29it/s, Materializing param=model.layers.11.self_attn.k_proj.weight]Loading weights:  54%|█████▎    | 108/201 [00:00<00:00, 3546.42it/s, Materializing param=model.layers.11.self_attn.o_proj.weight]Loading weights:  54%|█████▎    | 108/201 [00:00<00:00, 3541.13it/s, Materializing param=model.layers.11.self_attn.o_proj.weight]Loading weights:  54%|█████▍    | 109/201 [00:00<00:00, 3404.29it/s, Materializing param=model.layers.11.self_attn.q_proj.weight]Loading weights:  54%|█████▍    | 109/201 [00:00<00:00, 3399.20it/s, Materializing param=model.layers.11.self_attn.q_proj.weight]Loading weights:  55%|█████▍    | 110/201 [00:00<00:00, 3413.96it/s, Materializing param=model.layers.11.self_attn.v_proj.weight]Loading weights:  55%|█████▍    | 110/201 [00:00<00:00, 3409.12it/s, Materializing param=model.layers.11.self_attn.v_proj.weight]Loading weights:  55%|█████▌    | 111/201 [00:00<00:00, 3423.37it/s, Materializing param=model.layers.12.input_layernorm.weight] Loading weights:  55%|█████▌    | 111/201 [00:00<00:00, 3418.62it/s, Materializing param=model.layers.12.input_layernorm.weight]Loading weights:  56%|█████▌    | 112/201 [00:00<00:00, 3438.66it/s, Materializing param=model.layers.12.mlp.down_proj.weight]  Loading weights:  56%|█████▌    | 112/201 [00:00<00:00, 3433.98it/s, Materializing param=model.layers.12.mlp.down_proj.weight]Loading weights:  56%|█████▌    | 113/201 [00:00<00:00, 3415.70it/s, Materializing param=model.layers.12.mlp.gate_proj.weight]Loading weights:  56%|█████▌    | 113/201 [00:00<00:00, 3410.94it/s, Materializing param=model.layers.12.mlp.gate_proj.weight]Loading weights:  57%|█████▋    | 114/201 [00:00<00:00, 3432.13it/s, Materializing param=model.layers.12.mlp.up_proj.weight]  Loading weights:  57%|█████▋    | 114/201 [00:00<00:00, 3427.65it/s, Materializing param=model.layers.12.mlp.up_proj.weight]Loading weights:  57%|█████▋    | 115/201 [00:00<00:00, 3439.77it/s, Materializing param=model.layers.12.post_attention_layernorm.weight]Loading weights:  57%|█████▋    | 115/201 [00:00<00:00, 3435.02it/s, Materializing param=model.layers.12.post_attention_layernorm.weight]Loading weights:  58%|█████▊    | 116/201 [00:00<00:00, 3452.20it/s, Materializing param=model.layers.12.self_attn.k_proj.weight]        Loading weights:  58%|█████▊    | 116/201 [00:00<00:00, 3447.58it/s, Materializing param=model.layers.12.self_attn.k_proj.weight]Loading weights:  58%|█████▊    | 117/201 [00:00<00:00, 3383.72it/s, Materializing param=model.layers.12.self_attn.o_proj.weight]Loading weights:  58%|█████▊    | 117/201 [00:00<00:00, 3379.20it/s, Materializing param=model.layers.12.self_attn.o_proj.weight]Loading weights:  59%|█████▊    | 118/201 [00:00<00:00, 3352.60it/s, Materializing param=model.layers.12.self_attn.q_proj.weight]Loading weights:  59%|█████▊    | 118/201 [00:00<00:00, 3348.38it/s, Materializing param=model.layers.12.self_attn.q_proj.weight]Loading weights:  59%|█████▉    | 119/201 [00:00<00:00, 3337.25it/s, Materializing param=model.layers.12.self_attn.v_proj.weight]Loading weights:  59%|█████▉    | 119/201 [00:00<00:00, 3332.90it/s, Materializing param=model.layers.12.self_attn.v_proj.weight]Loading weights:  60%|█████▉    | 120/201 [00:00<00:00, 3351.62it/s, Materializing param=model.layers.13.input_layernorm.weight] Loading weights:  60%|█████▉    | 120/201 [00:00<00:00, 3347.43it/s, Materializing param=model.layers.13.input_layernorm.weight]Loading weights:  60%|██████    | 121/201 [00:00<00:00, 3363.38it/s, Materializing param=model.layers.13.mlp.down_proj.weight]  Loading weights:  60%|██████    | 121/201 [00:00<00:00, 3359.20it/s, Materializing param=model.layers.13.mlp.down_proj.weight]Loading weights:  61%|██████    | 122/201 [00:00<00:00, 3376.99it/s, Materializing param=model.layers.13.mlp.gate_proj.weight]Loading weights:  61%|██████    | 122/201 [00:00<00:00, 3372.87it/s, Materializing param=model.layers.13.mlp.gate_proj.weight]Loading weights:  61%|██████    | 123/201 [00:00<00:00, 3380.42it/s, Materializing param=model.layers.13.mlp.up_proj.weight]  Loading weights:  61%|██████    | 123/201 [00:00<00:00, 3374.52it/s, Materializing param=model.layers.13.mlp.up_proj.weight]Loading weights:  62%|██████▏   | 124/201 [00:00<00:00, 3298.85it/s, Materializing param=model.layers.13.post_attention_layernorm.weight]Loading weights:  62%|██████▏   | 124/201 [00:00<00:00, 3291.50it/s, Materializing param=model.layers.13.post_attention_layernorm.weight]Loading weights:  62%|██████▏   | 125/201 [00:00<00:00, 3295.67it/s, Materializing param=model.layers.13.self_attn.k_proj.weight]        Loading weights:  62%|██████▏   | 125/201 [00:00<00:00, 3268.20it/s, Materializing param=model.layers.13.self_attn.k_proj.weight]Loading weights:  63%|██████▎   | 126/201 [00:00<00:00, 3270.39it/s, Materializing param=model.layers.13.self_attn.o_proj.weight]Loading weights:  63%|██████▎   | 126/201 [00:00<00:00, 3264.43it/s, Materializing param=model.layers.13.self_attn.o_proj.weight]Loading weights:  63%|██████▎   | 127/201 [00:00<00:00, 3267.81it/s, Materializing param=model.layers.13.self_attn.q_proj.weight]Loading weights:  63%|██████▎   | 127/201 [00:00<00:00, 3249.53it/s, Materializing param=model.layers.13.self_attn.q_proj.weight]Loading weights:  64%|██████▎   | 128/201 [00:00<00:00, 3260.05it/s, Materializing param=model.layers.13.self_attn.v_proj.weight]Loading weights:  64%|██████▎   | 128/201 [00:00<00:00, 3254.26it/s, Materializing param=model.layers.13.self_attn.v_proj.weight]Loading weights:  64%|██████▍   | 129/201 [00:00<00:00, 3229.03it/s, Materializing param=model.layers.14.input_layernorm.weight] Loading weights:  64%|██████▍   | 129/201 [00:00<00:00, 3222.91it/s, Materializing param=model.layers.14.input_layernorm.weight]Loading weights:  65%|██████▍   | 130/201 [00:00<00:00, 3227.55it/s, Materializing param=model.layers.14.mlp.down_proj.weight]  Loading weights:  65%|██████▍   | 130/201 [00:00<00:00, 3207.79it/s, Materializing param=model.layers.14.mlp.down_proj.weight]Loading weights:  65%|██████▌   | 131/201 [00:00<00:00, 3104.96it/s, Materializing param=model.layers.14.mlp.gate_proj.weight]Loading weights:  65%|██████▌   | 131/201 [00:00<00:00, 3098.06it/s, Materializing param=model.layers.14.mlp.gate_proj.weight]Loading weights:  66%|██████▌   | 132/201 [00:00<00:00, 3052.37it/s, Materializing param=model.layers.14.mlp.up_proj.weight]  Loading weights:  66%|██████▌   | 132/201 [00:00<00:00, 3047.08it/s, Materializing param=model.layers.14.mlp.up_proj.weight]Loading weights:  66%|██████▌   | 133/201 [00:00<00:00, 3016.11it/s, Materializing param=model.layers.14.post_attention_layernorm.weight]Loading weights:  66%|██████▌   | 133/201 [00:00<00:00, 3009.49it/s, Materializing param=model.layers.14.post_attention_layernorm.weight]Loading weights:  67%|██████▋   | 134/201 [00:00<00:00, 2945.82it/s, Materializing param=model.layers.14.self_attn.k_proj.weight]        Loading weights:  67%|██████▋   | 134/201 [00:00<00:00, 2940.72it/s, Materializing param=model.layers.14.self_attn.k_proj.weight]Loading weights:  67%|██████▋   | 135/201 [00:00<00:00, 2948.83it/s, Materializing param=model.layers.14.self_attn.o_proj.weight]Loading weights:  67%|██████▋   | 135/201 [00:00<00:00, 2942.76it/s, Materializing param=model.layers.14.self_attn.o_proj.weight]Loading weights:  68%|██████▊   | 136/201 [00:00<00:00, 2946.26it/s, Materializing param=model.layers.14.self_attn.q_proj.weight]Loading weights:  68%|██████▊   | 136/201 [00:00<00:00, 2939.11it/s, Materializing param=model.layers.14.self_attn.q_proj.weight]Loading weights:  68%|██████▊   | 137/201 [00:00<00:00, 2945.94it/s, Materializing param=model.layers.14.self_attn.v_proj.weight]Loading weights:  68%|██████▊   | 137/201 [00:00<00:00, 2939.17it/s, Materializing param=model.layers.14.self_attn.v_proj.weight]Loading weights:  69%|██████▊   | 138/201 [00:00<00:00, 2935.27it/s, Materializing param=model.layers.15.input_layernorm.weight] Loading weights:  69%|██████▊   | 138/201 [00:00<00:00, 2922.34it/s, Materializing param=model.layers.15.input_layernorm.weight]Loading weights:  69%|██████▉   | 139/201 [00:00<00:00, 2915.86it/s, Materializing param=model.layers.15.mlp.down_proj.weight]  Loading weights:  69%|██████▉   | 139/201 [00:00<00:00, 2910.79it/s, Materializing param=model.layers.15.mlp.down_proj.weight]Loading weights:  70%|██████▉   | 140/201 [00:00<00:00, 2923.21it/s, Materializing param=model.layers.15.mlp.gate_proj.weight]Loading weights:  70%|██████▉   | 140/201 [00:00<00:00, 2918.94it/s, Materializing param=model.layers.15.mlp.gate_proj.weight]Loading weights:  70%|███████   | 141/201 [00:00<00:00, 2929.72it/s, Materializing param=model.layers.15.mlp.up_proj.weight]  Loading weights:  70%|███████   | 141/201 [00:00<00:00, 2925.45it/s, Materializing param=model.layers.15.mlp.up_proj.weight]Loading weights:  71%|███████   | 142/201 [00:00<00:00, 2935.64it/s, Materializing param=model.layers.15.post_attention_layernorm.weight]Loading weights:  71%|███████   | 142/201 [00:00<00:00, 2931.17it/s, Materializing param=model.layers.15.post_attention_layernorm.weight]Loading weights:  71%|███████   | 143/201 [00:00<00:00, 2942.01it/s, Materializing param=model.layers.15.self_attn.k_proj.weight]        Loading weights:  71%|███████   | 143/201 [00:00<00:00, 2937.68it/s, Materializing param=model.layers.15.self_attn.k_proj.weight]Loading weights:  72%|███████▏  | 144/201 [00:00<00:00, 2948.07it/s, Materializing param=model.layers.15.self_attn.o_proj.weight]Loading weights:  72%|███████▏  | 144/201 [00:00<00:00, 2943.84it/s, Materializing param=model.layers.15.self_attn.o_proj.weight]Loading weights:  72%|███████▏  | 145/201 [00:00<00:00, 2955.08it/s, Materializing param=model.layers.15.self_attn.q_proj.weight]Loading weights:  72%|███████▏  | 145/201 [00:00<00:00, 2950.83it/s, Materializing param=model.layers.15.self_attn.q_proj.weight]Loading weights:  73%|███████▎  | 146/201 [00:00<00:00, 2930.03it/s, Materializing param=model.layers.15.self_attn.v_proj.weight]Loading weights:  73%|███████▎  | 146/201 [00:00<00:00, 2925.79it/s, Materializing param=model.layers.15.self_attn.v_proj.weight]Loading weights:  73%|███████▎  | 147/201 [00:00<00:00, 2938.45it/s, Materializing param=model.layers.16.input_layernorm.weight] Loading weights:  73%|███████▎  | 147/201 [00:00<00:00, 2934.55it/s, Materializing param=model.layers.16.input_layernorm.weight]Loading weights:  74%|███████▎  | 148/201 [00:00<00:00, 2947.59it/s, Materializing param=model.layers.16.mlp.down_proj.weight]  Loading weights:  74%|███████▎  | 148/201 [00:00<00:00, 2943.76it/s, Materializing param=model.layers.16.mlp.down_proj.weight]Loading weights:  74%|███████▍  | 149/201 [00:00<00:00, 2956.99it/s, Materializing param=model.layers.16.mlp.gate_proj.weight]Loading weights:  74%|███████▍  | 149/201 [00:00<00:00, 2953.30it/s, Materializing param=model.layers.16.mlp.gate_proj.weight]Loading weights:  75%|███████▍  | 150/201 [00:00<00:00, 2966.44it/s, Materializing param=model.layers.16.mlp.up_proj.weight]  Loading weights:  75%|███████▍  | 150/201 [00:00<00:00, 2962.79it/s, Materializing param=model.layers.16.mlp.up_proj.weight]Loading weights:  75%|███████▌  | 151/201 [00:00<00:00, 2975.69it/s, Materializing param=model.layers.16.post_attention_layernorm.weight]Loading weights:  75%|███████▌  | 151/201 [00:00<00:00, 2971.86it/s, Materializing param=model.layers.16.post_attention_layernorm.weight]Loading weights:  76%|███████▌  | 152/201 [00:00<00:00, 2984.61it/s, Materializing param=model.layers.16.self_attn.k_proj.weight]        Loading weights:  76%|███████▌  | 152/201 [00:00<00:00, 2980.96it/s, Materializing param=model.layers.16.self_attn.k_proj.weight]Loading weights:  76%|███████▌  | 153/201 [00:00<00:00, 2993.72it/s, Materializing param=model.layers.16.self_attn.o_proj.weight]Loading weights:  76%|███████▌  | 153/201 [00:00<00:00, 2990.05it/s, Materializing param=model.layers.16.self_attn.o_proj.weight]Loading weights:  77%|███████▋  | 154/201 [00:00<00:00, 3002.98it/s, Materializing param=model.layers.16.self_attn.q_proj.weight]Loading weights:  77%|███████▋  | 154/201 [00:00<00:00, 2999.52it/s, Materializing param=model.layers.16.self_attn.q_proj.weight]Loading weights:  77%|███████▋  | 155/201 [00:00<00:00, 3012.33it/s, Materializing param=model.layers.16.self_attn.v_proj.weight]Loading weights:  77%|███████▋  | 155/201 [00:00<00:00, 3008.76it/s, Materializing param=model.layers.16.self_attn.v_proj.weight]Loading weights:  78%|███████▊  | 156/201 [00:00<00:00, 3021.33it/s, Materializing param=model.layers.17.input_layernorm.weight] Loading weights:  78%|███████▊  | 156/201 [00:00<00:00, 3017.83it/s, Materializing param=model.layers.17.input_layernorm.weight]Loading weights:  78%|███████▊  | 157/201 [00:00<00:00, 3030.54it/s, Materializing param=model.layers.17.mlp.down_proj.weight]  Loading weights:  78%|███████▊  | 157/201 [00:00<00:00, 3026.90it/s, Materializing param=model.layers.17.mlp.down_proj.weight]Loading weights:  79%|███████▊  | 158/201 [00:00<00:00, 3039.52it/s, Materializing param=model.layers.17.mlp.gate_proj.weight]Loading weights:  79%|███████▊  | 158/201 [00:00<00:00, 3035.84it/s, Materializing param=model.layers.17.mlp.gate_proj.weight]Loading weights:  79%|███████▉  | 159/201 [00:00<00:00, 3048.56it/s, Materializing param=model.layers.17.mlp.up_proj.weight]  Loading weights:  79%|███████▉  | 159/201 [00:00<00:00, 3044.86it/s, Materializing param=model.layers.17.mlp.up_proj.weight]Loading weights:  80%|███████▉  | 160/201 [00:00<00:00, 3057.37it/s, Materializing param=model.layers.17.post_attention_layernorm.weight]Loading weights:  80%|███████▉  | 160/201 [00:00<00:00, 3053.60it/s, Materializing param=model.layers.17.post_attention_layernorm.weight]Loading weights:  80%|████████  | 161/201 [00:00<00:00, 3066.00it/s, Materializing param=model.layers.17.self_attn.k_proj.weight]        Loading weights:  80%|████████  | 161/201 [00:00<00:00, 3062.27it/s, Materializing param=model.layers.17.self_attn.k_proj.weight]Loading weights:  81%|████████  | 162/201 [00:00<00:00, 3074.74it/s, Materializing param=model.layers.17.self_attn.o_proj.weight]Loading weights:  81%|████████  | 162/201 [00:00<00:00, 3071.31it/s, Materializing param=model.layers.17.self_attn.o_proj.weight]Loading weights:  81%|████████  | 163/201 [00:00<00:00, 3083.60it/s, Materializing param=model.layers.17.self_attn.q_proj.weight]Loading weights:  81%|████████  | 163/201 [00:00<00:00, 3080.14it/s, Materializing param=model.layers.17.self_attn.q_proj.weight]Loading weights:  82%|████████▏ | 164/201 [00:00<00:00, 3092.50it/s, Materializing param=model.layers.17.self_attn.v_proj.weight]Loading weights:  82%|████████▏ | 164/201 [00:00<00:00, 3088.98it/s, Materializing param=model.layers.17.self_attn.v_proj.weight]Loading weights:  82%|████████▏ | 165/201 [00:00<00:00, 3101.29it/s, Materializing param=model.layers.18.input_layernorm.weight] Loading weights:  82%|████████▏ | 165/201 [00:00<00:00, 3097.73it/s, Materializing param=model.layers.18.input_layernorm.weight]Loading weights:  83%|████████▎ | 166/201 [00:00<00:00, 3109.97it/s, Materializing param=model.layers.18.mlp.down_proj.weight]  Loading weights:  83%|████████▎ | 166/201 [00:00<00:00, 3106.43it/s, Materializing param=model.layers.18.mlp.down_proj.weight]Loading weights:  83%|████████▎ | 167/201 [00:00<00:00, 3117.94it/s, Materializing param=model.layers.18.mlp.gate_proj.weight]Loading weights:  83%|████████▎ | 167/201 [00:00<00:00, 3113.69it/s, Materializing param=model.layers.18.mlp.gate_proj.weight]Loading weights:  84%|████████▎ | 168/201 [00:00<00:00, 3124.57it/s, Materializing param=model.layers.18.mlp.up_proj.weight]  Loading weights:  84%|████████▎ | 168/201 [00:00<00:00, 3120.31it/s, Materializing param=model.layers.18.mlp.up_proj.weight]Loading weights:  84%|████████▍ | 169/201 [00:00<00:00, 3130.84it/s, Materializing param=model.layers.18.post_attention_layernorm.weight]Loading weights:  84%|████████▍ | 169/201 [00:00<00:00, 3126.28it/s, Materializing param=model.layers.18.post_attention_layernorm.weight]Loading weights:  85%|████████▍ | 170/201 [00:00<00:00, 3136.49it/s, Materializing param=model.layers.18.self_attn.k_proj.weight]        Loading weights:  85%|████████▍ | 170/201 [00:00<00:00, 3132.03it/s, Materializing param=model.layers.18.self_attn.k_proj.weight]Loading weights:  85%|████████▌ | 171/201 [00:00<00:00, 3142.25it/s, Materializing param=model.layers.18.self_attn.o_proj.weight]Loading weights:  85%|████████▌ | 171/201 [00:00<00:00, 3138.02it/s, Materializing param=model.layers.18.self_attn.o_proj.weight]Loading weights:  86%|████████▌ | 172/201 [00:00<00:00, 3149.04it/s, Materializing param=model.layers.18.self_attn.q_proj.weight]Loading weights:  86%|████████▌ | 172/201 [00:00<00:00, 3145.46it/s, Materializing param=model.layers.18.self_attn.q_proj.weight]Loading weights:  86%|████████▌ | 173/201 [00:00<00:00, 3157.34it/s, Materializing param=model.layers.18.self_attn.v_proj.weight]Loading weights:  86%|████████▌ | 173/201 [00:00<00:00, 3153.80it/s, Materializing param=model.layers.18.self_attn.v_proj.weight]Loading weights:  87%|████████▋ | 174/201 [00:00<00:00, 3165.61it/s, Materializing param=model.layers.19.input_layernorm.weight] Loading weights:  87%|████████▋ | 174/201 [00:00<00:00, 3162.08it/s, Materializing param=model.layers.19.input_layernorm.weight]Loading weights:  87%|████████▋ | 175/201 [00:00<00:00, 3173.79it/s, Materializing param=model.layers.19.mlp.down_proj.weight]  Loading weights:  87%|████████▋ | 175/201 [00:00<00:00, 3169.64it/s, Materializing param=model.layers.19.mlp.down_proj.weight]Loading weights:  88%|████████▊ | 176/201 [00:00<00:00, 3178.72it/s, Materializing param=model.layers.19.mlp.gate_proj.weight]Loading weights:  88%|████████▊ | 176/201 [00:00<00:00, 3173.72it/s, Materializing param=model.layers.19.mlp.gate_proj.weight]Loading weights:  88%|████████▊ | 177/201 [00:00<00:00, 3181.11it/s, Materializing param=model.layers.19.mlp.up_proj.weight]  Loading weights:  88%|████████▊ | 177/201 [00:00<00:00, 3175.79it/s, Materializing param=model.layers.19.mlp.up_proj.weight]Loading weights:  89%|████████▊ | 178/201 [00:00<00:00, 3183.74it/s, Materializing param=model.layers.19.post_attention_layernorm.weight]Loading weights:  89%|████████▊ | 178/201 [00:00<00:00, 3178.19it/s, Materializing param=model.layers.19.post_attention_layernorm.weight]Loading weights:  89%|████████▉ | 179/201 [00:00<00:00, 3185.77it/s, Materializing param=model.layers.19.self_attn.k_proj.weight]        Loading weights:  89%|████████▉ | 179/201 [00:00<00:00, 3180.32it/s, Materializing param=model.layers.19.self_attn.k_proj.weight]Loading weights:  90%|████████▉ | 180/201 [00:00<00:00, 3188.22it/s, Materializing param=model.layers.19.self_attn.o_proj.weight]Loading weights:  90%|████████▉ | 180/201 [00:00<00:00, 3183.16it/s, Materializing param=model.layers.19.self_attn.o_proj.weight]Loading weights:  90%|█████████ | 181/201 [00:00<00:00, 3191.07it/s, Materializing param=model.layers.19.self_attn.q_proj.weight]Loading weights:  90%|█████████ | 181/201 [00:00<00:00, 3185.82it/s, Materializing param=model.layers.19.self_attn.q_proj.weight]Loading weights:  91%|█████████ | 182/201 [00:00<00:00, 3193.03it/s, Materializing param=model.layers.19.self_attn.v_proj.weight]Loading weights:  91%|█████████ | 182/201 [00:00<00:00, 3188.00it/s, Materializing param=model.layers.19.self_attn.v_proj.weight]Loading weights:  91%|█████████ | 183/201 [00:00<00:00, 3194.99it/s, Materializing param=model.layers.20.input_layernorm.weight] Loading weights:  91%|█████████ | 183/201 [00:00<00:00, 3189.62it/s, Materializing param=model.layers.20.input_layernorm.weight]Loading weights:  92%|█████████▏| 184/201 [00:00<00:00, 3196.10it/s, Materializing param=model.layers.20.mlp.down_proj.weight]  Loading weights:  92%|█████████▏| 184/201 [00:00<00:00, 3190.48it/s, Materializing param=model.layers.20.mlp.down_proj.weight]Loading weights:  92%|█████████▏| 185/201 [00:00<00:00, 3198.10it/s, Materializing param=model.layers.20.mlp.gate_proj.weight]Loading weights:  92%|█████████▏| 185/201 [00:00<00:00, 3193.15it/s, Materializing param=model.layers.20.mlp.gate_proj.weight]Loading weights:  93%|█████████▎| 186/201 [00:00<00:00, 3200.58it/s, Materializing param=model.layers.20.mlp.up_proj.weight]  Loading weights:  93%|█████████▎| 186/201 [00:00<00:00, 3195.54it/s, Materializing param=model.layers.20.mlp.up_proj.weight]Loading weights:  93%|█████████▎| 187/201 [00:00<00:00, 3203.21it/s, Materializing param=model.layers.20.post_attention_layernorm.weight]Loading weights:  93%|█████████▎| 187/201 [00:00<00:00, 3198.36it/s, Materializing param=model.layers.20.post_attention_layernorm.weight]Loading weights:  94%|█████████▎| 188/201 [00:00<00:00, 3208.32it/s, Materializing param=model.layers.20.self_attn.k_proj.weight]        Loading weights:  94%|█████████▎| 188/201 [00:00<00:00, 3204.87it/s, Materializing param=model.layers.20.self_attn.k_proj.weight]Loading weights:  94%|█████████▍| 189/201 [00:00<00:00, 3215.19it/s, Materializing param=model.layers.20.self_attn.o_proj.weight]Loading weights:  94%|█████████▍| 189/201 [00:00<00:00, 3211.92it/s, Materializing param=model.layers.20.self_attn.o_proj.weight]Loading weights:  95%|█████████▍| 190/201 [00:00<00:00, 3222.72it/s, Materializing param=model.layers.20.self_attn.q_proj.weight]Loading weights:  95%|█████████▍| 190/201 [00:00<00:00, 3219.49it/s, Materializing param=model.layers.20.self_attn.q_proj.weight]Loading weights:  95%|█████████▌| 191/201 [00:00<00:00, 3230.32it/s, Materializing param=model.layers.20.self_attn.v_proj.weight]Loading weights:  95%|█████████▌| 191/201 [00:00<00:00, 3226.95it/s, Materializing param=model.layers.20.self_attn.v_proj.weight]Loading weights:  96%|█████████▌| 192/201 [00:00<00:00, 3237.61it/s, Materializing param=model.layers.21.input_layernorm.weight] Loading weights:  96%|█████████▌| 192/201 [00:00<00:00, 3234.16it/s, Materializing param=model.layers.21.input_layernorm.weight]Loading weights:  96%|█████████▌| 193/201 [00:00<00:00, 3244.49it/s, Materializing param=model.layers.21.mlp.down_proj.weight]  Loading weights:  96%|█████████▌| 193/201 [00:00<00:00, 3241.18it/s, Materializing param=model.layers.21.mlp.down_proj.weight]Loading weights:  97%|█████████▋| 194/201 [00:00<00:00, 3251.54it/s, Materializing param=model.layers.21.mlp.gate_proj.weight]Loading weights:  97%|█████████▋| 194/201 [00:00<00:00, 3248.21it/s, Materializing param=model.layers.21.mlp.gate_proj.weight]Loading weights:  97%|█████████▋| 195/201 [00:00<00:00, 3258.61it/s, Materializing param=model.layers.21.mlp.up_proj.weight]  Loading weights:  97%|█████████▋| 195/201 [00:00<00:00, 3255.25it/s, Materializing param=model.layers.21.mlp.up_proj.weight]Loading weights:  98%|█████████▊| 196/201 [00:00<00:00, 3265.66it/s, Materializing param=model.layers.21.post_attention_layernorm.weight]Loading weights:  98%|█████████▊| 196/201 [00:00<00:00, 3262.22it/s, Materializing param=model.layers.21.post_attention_layernorm.weight]Loading weights:  98%|█████████▊| 197/201 [00:00<00:00, 3272.75it/s, Materializing param=model.layers.21.self_attn.k_proj.weight]        Loading weights:  98%|█████████▊| 197/201 [00:00<00:00, 3269.29it/s, Materializing param=model.layers.21.self_attn.k_proj.weight]Loading weights:  99%|█████████▊| 198/201 [00:00<00:00, 3279.62it/s, Materializing param=model.layers.21.self_attn.o_proj.weight]Loading weights:  99%|█████████▊| 198/201 [00:00<00:00, 3276.31it/s, Materializing param=model.layers.21.self_attn.o_proj.weight]Loading weights:  99%|█████████▉| 199/201 [00:00<00:00, 3286.71it/s, Materializing param=model.layers.21.self_attn.q_proj.weight]Loading weights:  99%|█████████▉| 199/201 [00:00<00:00, 3283.36it/s, Materializing param=model.layers.21.self_attn.q_proj.weight]Loading weights: 100%|█████████▉| 200/201 [00:00<00:00, 3293.68it/s, Materializing param=model.layers.21.self_attn.v_proj.weight]Loading weights: 100%|█████████▉| 200/201 [00:00<00:00, 3290.35it/s, Materializing param=model.layers.21.self_attn.v_proj.weight]Loading weights: 100%|██████████| 201/201 [00:00<00:00, 3300.48it/s, Materializing param=model.norm.weight]                      Loading weights: 100%|██████████| 201/201 [00:00<00:00, 3297.34it/s, Materializing param=model.norm.weight]Loading weights: 100%|██████████| 201/201 [00:00<00:00, 3288.93it/s, Materializing param=model.norm.weight]
{
  "name": "/root/CipherForge/final-test-data/three-party-rms-pir_20260826-043847/adapter",
  "task_type": "multiclass",
  "n": 230,
  "n_classes": 21,
  "class_outputs": [
    "a)",
    "b)",
    "c)",
    "d)",
    "e)",
    "f)",
    "g)",
    "h)",
    "i)",
    "j)",
    "k)",
    "l)",
    "m)",
    "n)",
    "o)",
    "p)",
    "q)",
    "r)",
    "s)",
    "t)",
    "u)"
  ],
  "accuracy": 0.2956521739130435,
  "macro_f1": 0.08772768900612721,
  "weighted_f1": 0.20499122472665918,
  "per_class": {
    "a)": {
      "precision": 0.3333333333333333,
      "recall": 0.35,
      "f1-score": 0.34146341463414637,
      "support": 20.0
    },
    "b)": {
      "precision": 0.0,
      "recall": 0.0,
      "f1-score": 0.0,
      "support": 1.0
    },
    "c)": {
      "precision": 0.0,
      "recall": 0.0,
      "f1-score": 0.0,
      "support": 1.0
    },
    "d)": {
      "precision": 0.0,
      "recall": 0.0,
      "f1-score": 0.0,
      "support": 6.0
    },
    "e)": {
      "precision": 0.0,
      "recall": 0.0,
      "f1-score": 0.0,
      "support": 2.0
    },
    "f)": {
      "precision": 0.0,
      "recall": 0.0,
      "f1-score": 0.0,
      "support": 7.0
    },
    "g)": {
      "precision": 0.0,
      "recall": 0.0,
      "f1-score": 0.0,
      "support": 3.0
    },
    "h)": {
      "precision": 0.3333333333333333,
      "recall": 0.13043478260869565,
      "f1-score": 0.1875,
      "support": 23.0
    },
    "i)": {
      "precision": 0.0,
      "recall": 0.0,
      "f1-score": 0.0,
      "support": 1.0
    },
    "j)": {
      "precision": 0.3150684931506849,
      "recall": 0.7931034482758621,
      "f1-score": 0.45098039215686275,
      "support": 58.0
    },
    "k)": {
      "precision": 0.0,
      "recall": 0.0,
      "f1-score": 0.0,
      "support": 18.0
    },
    "l)": {
      "precision": 0.0,
      "recall": 0.0,
      "f1-score": 0.0,
      "support": 4.0
    },
    "m)": {
      "precision": 0.0,
      "recall": 0.0,
      "f1-score": 0.0,
      "support": 6.0
    },
    "n)": {
      "precision": 0.0,
      "recall": 0.0,
      "f1-score": 0.0,
      "support": 15.0
    },
    "o)": {
      "precision": 0.0,
      "recall": 0.0,
      "f1-score": 0.0,
      "support": 20.0
    },
    "p)": {
      "precision": 0.0,
      "recall": 0.0,
      "f1-score": 0.0,
      "support": 4.0
    },
    "q)": {
      "precision": 0.0,
      "recall": 0.0,
      "f1-score": 0.0,
      "support": 5.0
    },
    "r)": {
      "precision": 0.0,
      "recall": 0.0,
      "f1-score": 0.0,
      "support": 5.0
    },
    "s)": {
      "precision": 0.4,
      "recall": 1.0,
      "f1-score": 0.5714285714285714,
      "support": 4.0
    },
    "t)": {
      "precision": 0.0,
      "recall": 0.0,
      "f1-score": 0.0,
      "support": 1.0
    },
    "u)": {
      "precision": 0.27586206896551724,
      "recall": 0.3076923076923077,
      "f1-score": 0.2909090909090909,
      "support": 26.0
    }
  }
}
[ok] /root/CipherForge/final-test-data/three-party-rms-pir_20260826-043847/logs/biotriplex21_eval.json
2026-08-26 06:31:08,909 [INFO] eval result: {"name": "/root/CipherForge/final-test-data/three-party-rms-pir_20260826-043847/adapter", "task_type": "multiclass", "n": 230, "n_classes": 21, "class_outputs": ["a)", "b)", "c)", "d)", "e)", "f)", "g)", "h)", "i)", "j)", "k)", "l)", "m)", "n)", "o)", "p)", "q)", "r)", "s)", "t)", "u)"], "accuracy": 0.2956521739130435, "macro_f1": 0.08772768900612721, "weighted_f1": 0.20499122472665918, "per_class": {"a)": {"precision": 0.3333333333333333, "recall": 0.35, "f1-score": 0.34146341463414637, "support": 20.0}, "b)": {"precision": 0.0, "recall": 0.0, "f1-score": 0.0, "support": 1.0}, "c)": {"precision": 0.0, "recall": 0.0, "f1-score": 0.0, "support": 1.0}, "d)": {"precision": 0.0, "recall": 0.0, "f1-score": 0.0, "support": 6.0}, "e)": {"precision": 0.0, "recall": 0.0, "f1-score": 0.0, "support": 2.0}, "f)": {"precision": 0.0, "recall": 0.0, "f1-score": 0.0, "support": 7.0}, "g)": {"precision": 0.0, "recall": 0.0, "f1-score": 0.0, "support": 3.0}, "h)": {"precision": 0.3333333333333333, "recall": 0.13043478260869565, "f1-score": 0.1875, "support": 23.0}, "i)": {"precision": 0.0, "recall": 0.0, "f1-score": 0.0, "support": 1.0}, "j)": {"precision": 0.3150684931506849, "recall": 0.7931034482758621, "f1-score": 0.45098039215686275, "support": 58.0}, "k)": {"precision": 0.0, "recall": 0.0, "f1-score": 0.0, "support": 18.0}, "l)": {"precision": 0.0, "recall": 0.0, "f1-score": 0.0, "support": 4.0}, "m)": {"precision": 0.0, "recall": 0.0, "f1-score": 0.0, "support": 6.0}, "n)": {"precision": 0.0, "recall": 0.0, "f1-score": 0.0, "support": 15.0}, "o)": {"precision": 0.0, "recall": 0.0, "f1-score": 0.0, "support": 20.0}, "p)": {"precision": 0.0, "recall": 0.0, "f1-score": 0.0, "support": 4.0}, "q)": {"precision": 0.0, "recall": 0.0, "f1-score": 0.0, "support": 5.0}, "r)": {"precision": 0.0, "recall": 0.0, "f1-score": 0.0, "support": 5.0}, "s)": {"precision": 0.4, "recall": 1.0, "f1-score": 0.5714285714285714, "support": 4.0}, "t)": {"precision": 0.0, "recall": 0.0, "f1-score": 0.0, "support": 1.0}, "u)": {"precision": 0.27586206896551724, "recall": 0.3076923076923077, "f1-score": 0.2909090909090909, "support": 26.0}}}
2026-08-26 06:31:08,910 [INFO] eval_summary written: /root/CipherForge/final-test-data/three-party-rms-pir_20260826-043847/logs/eval_summary.json (before=True after=True)
